dist_entre_employes,dist_A_destination,dist_B_destination,taille_groupe_total,sont_ensemble
6.13553600122007,5.203560452741098,8.01510086070374,17,0
10.351805018793835,6.284460706792659,8.01510086070374,17,0
9.207020206795757,8.589903082863302,5.203560452741098,17,0
6.631549017579782,5.964692292532611,7.723273095906637,17,0
0.7264104346916987,7.723273095906637,8.374851985003101,17,1
5.788442601951005,8.01510086070374,5.994661987943682,17,0
5.5344136577966285,5.317329272398342,2.37792505577858,17,0
7.317733923883029,6.969057514025736,4.9476521145615,17,1
14.905016682988656,7.99224360387151,6.969057514025736,17,0
10.61397701939056,8.767724824244219,5.203560452741098,17,0
8.893587459636292,4.383622121249909,6.284460706792659,17,0
13.291745830990102,7.99224360387151,8.589903082863302,17,0
15.025271375451341,8.589903082863302,8.01510086070374,17,0
11.113370228166936,4.9476521145615,7.99224360387151,17,0
8.687834994375674,4.313616660769583,4.383622121249909,17,0
7.45826217587182,8.767724824244219,4.383622121249909,17,0
2.7303968604775832,5.203560452741098,4.313616660769583,17,0
7.496500506972326,7.99224360387151,7.723273095906637,17,0
11.271591092483439,4.313616660769583,6.969057514025736,17,0
9.337894758456025,5.203560452741098,4.383622121249909,17,0
3.201379206604174,7.99224360387151,8.01510086070374,17,0
12.434180950949441,5.994661987943682,6.969057514025736,17,0
6.840073748898541,8.374851985003101,4.313616660769583,17,1
3.3722134083001083,5.964692292532611,8.01510086070374,17,0
7.45826217587182,4.383622121249909,8.767724824244219,17,0
3.9698836609231325,4.9476521145615,5.317329272398342,17,1
8.305781492455468,8.589903082863302,6.969057514025736,17,0
9.439326254229991,5.317329272398342,4.313616660769583,17,0
8.195494752318284,7.99224360387151,6.284460706792659,17,0
7.900346393112554,2.37792505577858,7.99224360387151,17,0
2.7303968604775832,5.203560452741098,4.313616660769583,17,0
6.857994726618838,8.767724824244219,4.569884295371747,17,1
8.195494752318284,6.284460706792659,7.99224360387151,17,0
16.49069318141404,7.723273095906637,8.767724824244219,17,0
7.900346393112554,2.37792505577858,7.99224360387151,17,0
4.7933986277504905,5.994661987943682,6.284460706792659,17,0
5.501468077900061,4.569884295371747,8.589903082863302,17,1
8.195494752318284,7.99224360387151,6.284460706792659,17,0
9.081998427717732,8.767724824244219,5.317329272398342,17,0
9.903605580120603,5.994661987943682,8.589903082863302,17,0
10.351805018793835,8.01510086070374,6.284460706792659,17,0
15.025271375451341,8.01510086070374,8.589903082863302,17,0
7.856871686668614,4.569884295371747,7.99224360387151,17,0
13.213701143357909,8.374851985003101,6.284460706792659,17,0
10.433430202211813,7.723273095906637,5.317329272398342,17,0
13.477934613757316,7.723273095906637,6.969057514025736,17,0
9.617921150705051,5.994661987943682,8.374851985003101,17,0
8.836428278171855,5.203560452741098,7.723273095906637,17,0
9.555578666968223,8.374851985003101,5.203560452741098,17,0
6.728368185122957,7.723273095906637,4.9476521145615,17,0
8.91169953787113,7.723273095906637,5.994661987943682,17,0
3.7105381578498475,7.99224360387151,4.313616660769583,17,0
8.687834994375674,4.313616660769583,4.383622121249909,17,0
7.047467629561037,4.9476521145615,8.374851985003101,17,0
16.14391785629859,7.723273095906637,8.589903082863302,17,0
3.40653994696394,7.99224360387151,5.994661987943682,17,1
6.3205932652376156,5.964692292532611,4.569884295371747,17,0
2.7303968604775832,4.313616660769583,5.203560452741098,17,0
6.975470911697735,2.37792505577858,8.01510086070374,17,0
16.83364100070727,8.374851985003101,8.589903082863302,17,0
9.439326254229991,5.317329272398342,4.313616660769583,17,0
8.836428278171855,5.203560452741098,7.723273095906637,17,0
7.496500506972326,7.99224360387151,7.723273095906637,17,0
10.2419051813046,8.589903082863302,5.317329272398342,17,0
8.305781492455468,8.589903082863302,6.969057514025736,17,0
7.288473026704238,4.569884295371747,4.383622121249909,17,0
4.7933986277504905,6.284460706792659,5.994661987943682,17,0
10.958563471411818,8.589903082863302,2.37792505577858,17,0
10.2419051813046,8.589903082863302,5.317329272398342,17,0
13.147378033614716,7.99224360387151,5.317329272398342,17,0
2.0295461879495793,5.964692292532611,7.99224360387151,17,1
4.7933986277504905,5.994661987943682,6.284460706792659,17,0
2.7782168266841465,6.969057514025736,4.383622121249909,17,1
6.117787936283832,4.313616660769583,7.723273095906637,17,1
6.631549017579782,7.723273095906637,5.964692292532611,17,0
9.439326254229991,4.313616660769583,5.317329272398342,17,0
3.7105381578498475,4.313616660769583,7.99224360387151,17,0
11.397341377508655,8.767724824244219,5.994661987943682,17,0
5.495064388350755,4.313616660769583,4.569884295371747,17,0
7.900346393112554,7.99224360387151,2.37792505577858,17,0
4.148565101429664,8.01510086070374,4.313616660769583,17,1
6.292006087307529,2.37792505577858,5.203560452741098,17,0
3.201379206604174,8.01510086070374,7.99224360387151,17,0
0.7264104346916987,8.374851985003101,7.723273095906637,17,1
14.886735262025885,8.01510086070374,6.969057514025736,17,0
2.961034880814653,5.994661987943682,4.313616660769583,17,0
16.49069318141404,8.767724824244219,7.723273095906637,17,0
6.728368185122957,4.9476521145615,7.723273095906637,17,0
10.497514851173198,6.284460706792659,5.317329272398342,17,0
12.434180950949441,5.994661987943682,6.969057514025736,17,0
7.45826217587182,4.383622121249909,8.767724824244219,17,0
6.857994726618838,8.767724824244219,4.569884295371747,17,1
13.213701143357909,8.374851985003101,6.284460706792659,17,0
2.4602903948239536,5.964692292532611,5.994661987943682,17,1
5.788442601951005,5.994661987943682,8.01510086070374,17,0
8.305781492455468,8.589903082863302,6.969057514025736,17,0
6.292006087307529,5.203560452741098,2.37792505577858,17,0
8.122041688750958,2.37792505577858,6.969057514025736,17,0
12.488444456889859,7.723273095906637,6.284460706792659,17,0
8.095930892218165,7.99224360387151,8.374851985003101,17,0
17.14092790391023,8.767724824244219,8.374851985003101,17,0
15.025271375451341,8.589903082863302,8.01510086070374,17,0
7.126153692910209,8.767724824244219,6.284460706792659,17,1
11.562333159343323,6.969057514025736,5.203560452741098,17,0
11.87850846647503,4.313616660769583,8.767724824244219,17,0
3.3722134083001083,5.964692292532611,8.01510086070374,17,0
7.45826217587182,4.383622121249909,8.767724824244219,17,0
3.3722134083001083,5.964692292532611,8.01510086070374,17,0
6.542718337620877,4.313616660769583,6.284460706792659,17,0
6.570093009111081,8.767724824244219,6.969057514025736,17,0
3.0478555517931927,9.097403809191112,7.419012225537355,25,0
10.032461431721698,7.419012225537355,6.730893493834752,25,0
12.748423496902543,8.744247954148216,9.097403809191112,25,0
14.931383676462131,6.864107306602895,8.77279546392897,25,0
8.102335547094404,6.023748312238795,8.375954014988075,25,0
8.195505362448262,8.77279546392897,5.3213162442273845,25,0
5.459922313586673,3.1084288955874433,2.4252112053812738,25,0
1.184310066953852,6.730893493834752,6.3818762507148685,25,1
10.484233703532167,7.15698684056817,8.744247954148216,25,0
7.486896271547475,5.3213162442273845,7.419012225537355,25,0
17.424514621048942,9.169635542556355,8.744247954148216,25,0
18.22569635376497,9.573171270944664,8.77279546392897,25,0
7.2512408568435385,2.4252112053812738,5.3213162442273845,25,0
2.638338713624245,8.264410246573046,6.864107306602895,25,0
12.142705566987717,6.023748312238795,6.457377574978577,25,0
12.113812135816085,5.586681057473288,7.15698684056817,25,0
11.044628968554239,3.0682437342503586,9.573171270944664,25,0
5.226727576480904,8.744247954148216,6.023748312238795,25,1
11.031288374750252,8.744247954148216,3.7686390015933706,25,0
8.890572835544168,2.4252112053812738,8.375954014988075,25,0
2.0436146377967233,6.903043612081216,8.744247954148216,25,1
8.965218262772705,6.864107306602895,2.4252112053812738,25,0
16.237028794791282,9.169635542556355,8.77279546392897,25,0
7.486896271547475,5.3213162442273845,7.419012225537355,25,0
13.357225937007824,6.903043612081216,6.457377574978577,25,0
5.135316190249144,3.7686390015933706,3.0682437342503586,25,0
12.113812135816085,7.15698684056817,5.586681057473288,25,0
11.044628968554239,3.0682437342503586,9.573171270944664,25,0
15.155309515110869,8.744247954148216,6.457377574978577,25,0
15.524418369447535,7.15698684056817,8.375954014988075,25,0
7.898903119020054,6.903043612081216,7.419012225537355,25,0
7.501133534864088,8.77279546392897,3.0682437342503586,25,0
11.52457551650065,5.712186522744564,5.882415301850029,25,0
8.96256750452107,7.419012225537355,3.50826135707888,25,0
8.30173376600146,9.573171270944664,3.50826135707888,25,0
9.838903309312034,3.7686390015933706,9.169635542556355,25,0
5.984305592088197,3.7686390015933706,9.097403809191112,25,0
11.071088877481632,3.50826135707888,8.375954014988075,25,0
2.887257325244718,5.882415301850029,6.730893493834752,25,0
14.78840000847841,9.169635542556355,6.730893493834752,25,0
9.893765218009143,8.21512137093509,5.586681057473288,25,0
1.4588038952443758,8.77279546392897,7.419012225537355,25,1
8.606542371462965,5.882415301850029,8.77279546392897,25,0
11.303134474314875,6.3818762507148685,5.586681057473288,25,0
5.606111216137995,6.864107306602895,3.1084288955874433,25,0
3.4903644769657673,6.3818762507148685,3.50826135707888,25,0
9.893765218009143,5.586681057473288,8.21512137093509,25,0
7.977483045427625,3.7686390015933706,5.882415301850029,25,0
9.148611005233974,6.023748312238795,5.3213162442273845,25,0
7.486896271547475,5.3213162442273845,7.419012225537355,25,0
9.148611005233974,5.3213162442273845,6.023748312238795,25,0
14.567357772338037,8.744247954148216,6.864107306602895,25,0
12.715149367487257,6.3818762507148685,6.457377574978577,25,0
14.96554268458405,8.264410246573046,6.903043612081216,25,0
5.606111216137995,6.864107306602895,3.1084288955874433,25,0
2.7475381568765607,8.264410246573046,6.457377574978577,25,1
11.071088877481632,3.50826135707888,8.375954014988075,25,0
17.424514621048942,9.169635542556355,8.744247954148216,25,0
14.78840000847841,6.730893493834752,9.169635542556355,25,0
9.788192113630483,3.0682437342503586,6.864107306602895,25,0
9.909642672014744,3.1084288955874433,6.903043612081216,25,0
11.30871806674468,6.3818762507148685,5.3213162442273845,25,0
11.303134474314875,6.3818762507148685,5.586681057473288,25,0
6.451764570535177,3.7686390015933706,5.712186522744564,25,0
0.9340607466770907,8.264410246573046,9.169635542556355,25,1
15.155309515110869,6.457377574978577,8.744247954148216,25,0
3.8914127826326417,8.21512137093509,7.419012225537355,25,1
2.21950225234726,3.50826135707888,2.4252112053812738,25,0
4.009323373722565,7.419012225537355,8.375954014988075,25,0
3.8435078452964713,6.457377574978577,6.864107306602895,25,0
10.89459563730443,9.097403809191112,6.903043612081216,25,0
6.5173385205129675,3.50826135707888,3.1084288955874433,25,0
5.656413540252337,3.50826135707888,6.023748312238795,25,0
1.7916270947495032,8.375954014988075,9.097403809191112,25,1
10.307109184616813,6.3818762507148685,8.77279546392897,25,0
3.9506832156793905,6.3818762507148685,3.0682437342503586,25,1
7.898903119020054,6.903043612081216,7.419012225537355,25,0
6.3375490450330405,5.586681057473288,9.097403809191112,25,1
3.4410806665766382,3.50826135707888,6.730893493834752,25,0
8.102335547094404,8.375954014988075,6.023748312238795,25,0
3.699095029673815,6.457377574978577,3.1084288955874433,25,1
14.003635181527851,8.264410246573046,6.730893493834752,25,0
11.031288374750252,3.7686390015933706,8.744247954148216,25,0
14.229977465958084,6.023748312238795,8.264410246573046,25,0
13.957212673971885,9.573171270944664,6.023748312238795,25,0
3.1502573115658996,6.023748312238795,3.0682437342503586,25,0
8.336803100852949,5.712186522744564,3.50826135707888,25,0
14.56647614946458,6.864107306602895,9.097403809191112,25,0
0.9340607466770907,9.169635542556355,8.264410246573046,25,1
3.1502573115658996,6.023748312238795,3.0682437342503586,25,0
8.965218262772705,2.4252112053812738,6.864107306602895,25,0
12.040263781238265,6.864107306602895,6.3818762507148685,25,0
3.693189055249713,8.77279546392897,8.375954014988075,25,0
13.961741719286241,6.457377574978577,8.21512137093509,25,0
6.017809073381929,3.50826135707888,8.744247954148216,25,0
5.135316190249144,3.7686390015933706,3.0682437342503586,25,0
15.155309515110869,8.744247954148216,6.457377574978577,25,0
12.339667827611787,5.882415301850029,6.457377574978577,25,0
6.81057976018623,5.586681057473288,7.419012225537355,25,0
10.224061698950413,5.586681057473288,5.882415301850029,25,0
15.463122678852555,9.169635542556355,9.097403809191112,25,0
15.825913162846726,6.903043612081216,9.169635542556355,25,0
13.476182634104577,9.573171270944664,5.3213162442273845,25,0
8.890572835544168,8.375954014988075,2.4252112053812738,25,0
1.4588038952443758,7.419012225537355,8.77279546392897,25,1
13.248987022653289,8.375954014988075,6.864107306602895,25,0
8.090856744210031,2.4252112053812738,5.712186522744564,25,0
5.984305592088197,9.097403809191112,3.7686390015933706,25,0
9.02782170634417,5.586681057473288,3.50826135707888,25,0
15.075011287237036,8.21512137093509,6.864107306602895,25,0
2.4872517882993517,5.3213162442273845,3.7686390015933706,25,0
18.22569635376497,9.573171270944664,8.77279546392897,25,0
3.0543685486553724,5.882415301850029,8.744247954148216,25,1
14.10513288741598,6.227580911540076,8.033617963685705,23,0
1.9491360795371158,4.020090840067703,5.913864341484907,23,0
2.2755854797191013,8.013004711653055,5.8192668646246055,23,1
14.252619022936722,6.088948975694973,10.125918918674975,23,0
4.220964951659889,6.088948975694973,7.617318127869209,23,0
11.086241899916779,8.336407098734636,7.359985697465353,23,0
8.728818650255805,3.7785436666994903,8.336407098734636,23,0
3.028976927112142,3.7785436666994903,6.497466239744933,23,1
16.44134230835368,8.336407098734636,8.121720172288757,23,0
5.387873440993208,5.913864341484907,6.227580911540076,23,0
6.603699090226244,7.617318127869209,1.0665154012670675,23,0
2.5345556754191523,6.79281469944201,8.121720172288757,23,0
9.474074381319772,3.7785436666994903,6.088948975694973,23,0
10.46404238168901,6.288948299936741,8.013004711653055,23,0
11.807725552412316,6.497466239744933,8.121720172288757,23,0
2.4502514385247847,5.913864341484907,6.288948299936741,23,0
2.91752196161703,4.267110493088188,4.020090840067703,23,0
5.077004258892228,1.0665154012670675,6.088948975694973,23,0
2.9555960091890507,6.659493505138745,8.11818907693779,23,1
16.846930943381807,8.778511435847394,8.121720172288757,23,0
1.8863489142819299,7.617318127869209,5.8192668646246055,23,1
8.71657100475332,6.659493505138745,5.913864341484907,23,0
6.557579541084103,4.267110493088188,8.121720172288757,23,0
8.177380043358394,8.11818907693779,8.336407098734636,23,0
8.467434951970723,6.79281469944201,7.617318127869209,23,0
14.650878511186477,8.778511435847394,5.913864341484907,23,0
1.3996500334199067,7.359985697465353,6.659493505138745,23,1
5.474303283251238,6.088948975694973,6.659493505138745,23,0
0.7350734523265665,8.336407098734636,8.778511435847394,23,1
10.835527641007406,7.0793502232379355,3.7785436666994903,23,0
3.269688199280892,1.0665154012670675,4.267110493088188,23,0
1.3795115084095169,7.0793502232379355,8.013004711653055,23,1
10.86010578538443,8.336407098734636,7.0793502232379355,23,0
11.61689645017161,4.267110493088188,8.336407098734636,23,0
15.053482998122657,8.336407098734636,6.79281469944201,23,0
11.395852258795244,7.617318127869209,3.7785436666994903,23,0
11.573704050789734,7.0793502232379355,8.778511435847394,23,0
1.5610529822221424,7.359985697465353,5.8192668646246055,23,0
13.111409296160453,6.288948299936741,8.11818907693779,23,0
7.306119841842589,1.0665154012670675,7.737590850082661,23,0
3.72835760139946,4.267110493088188,5.8192668646246055,23,0
11.796071808726786,6.659493505138745,8.121720172288757,23,0
12.644703479534227,8.778511435847394,7.617318127869209,23,0
11.68727290312301,8.033617963685705,4.020090840067703,23,0
10.835527641007406,3.7785436666994903,7.0793502232379355,23,0
8.852642216864995,7.0793502232379355,6.79281469944201,23,0
9.474074381319772,6.088948975694973,3.7785436666994903,23,0
5.067253893590412,4.267110493088188,7.359985697465353,23,0
1.5610529822221424,5.8192668646246055,7.359985697465353,23,0
0.8886904626356014,5.913864341484907,6.79281469944201,23,1
7.920978648615658,4.267110493088188,8.11818907693779,23,0
10.955983028541212,10.125918918674975,3.7785436666994903,23,0
6.955176434078087,7.737590850082661,8.336407098734636,23,0
9.060798894191457,8.121720172288757,3.7785436666994903,23,0
9.768462045977536,8.033617963685705,3.7785436666994903,23,0
4.08058321471551,7.359985697465353,8.11818907693779,23,1
15.764544150511107,5.913864341484907,10.125918918674975,23,0
13.151102291637946,7.737590850082661,6.288948299936741,23,0
10.318979732981065,5.8192668646246055,8.336407098734636,23,0
10.327155129064783,7.0793502232379355,6.288948299936741,23,0
11.796071808726786,8.121720172288757,6.659493505138745,23,0
6.240633536198467,1.0665154012670675,6.79281469944201,23,0
10.439889529096751,10.125918918674975,1.0665154012670675,23,0
8.177380043358394,8.11818907693779,8.336407098734636,23,0
9.178997060190007,4.020090840067703,6.497466239744933,23,0
9.060798894191457,8.121720172288757,3.7785436666994903,23,0
14.165143570255049,8.336407098734636,5.913864341484907,23,0
5.164678018474181,8.11818907693779,8.013004711653055,23,0
6.955176434078087,7.737590850082661,8.336407098734636,23,0
16.846930943381807,8.778511435847394,8.121720172288757,23,0
1.825398811090518,6.088948975694973,4.267110493088188,23,1
9.060798894191457,3.7785436666994903,8.121720172288757,23,0
11.118460220392217,3.7785436666994903,7.359985697465353,23,0
11.002505868562874,5.8192668646246055,10.125918918674975,23,0
11.935455506193312,8.336407098734636,7.617318127869209,23,0
4.260497279011638,6.088948975694973,6.79281469944201,23,1
8.389868074875476,8.11818907693779,6.088948975694973,23,0
10.723445548163228,10.125918918674975,6.497466239744933,23,0
1.2091836528194497,6.659493505138745,7.0793502232379355,23,0
11.002505868562874,5.8192668646246055,10.125918918674975,23,0
7.687749723191735,8.778511435847394,7.737590850082661,23,0
8.01649479486033,5.913864341484907,3.7785436666994903,23,0
10.262587306049435,5.8192668646246055,8.121720172288757,23,0
11.002505868562874,5.8192668646246055,10.125918918674975,23,0
10.831378054824992,6.227580911540076,5.8192668646246055,23,0
10.240821310547961,8.033617963685705,4.267110493088188,23,0
14.379804403119584,8.013004711653055,6.497466239744933,23,0
6.557579541084103,4.267110493088188,8.121720172288757,23,0
6.240633536198467,6.79281469944201,1.0665154012670675,23,0
11.474100639893956,8.121720172288757,7.359985697465353,23,0
5.351945270421556,5.913864341484907,1.0665154012670675,23,0
4.457827081751054,5.8192668646246055,8.11818907693779,23,0
12.422513058158934,6.79281469944201,7.737590850082661,23,0
7.687749723191735,7.737590850082661,8.778511435847394,23,0
6.135273021281135,7.737590850082661,8.013004711653055,23,0
12.336119015746203,6.227580911540076,7.359985697465353,23,0
2.2755854797191013,8.013004711653055,5.8192668646246055,23,1
5.09832764837109,8.033617963685705,8.11818907693779,23,0
6.155844681612935,4.020090840067703,3.7785436666994903,23,0
7.957738879076118,10.125918918674975,8.11818907693779,23,0
11.68727290312301,8.033617963685705,4.020090840067703,23,0
12.239322390767411,8.336407098734636,8.013004711653055,23,0
13.110455015092676,8.11818907693779,6.497466239744933,23,0
8.910920918112705,8.778511435847394,8.11818907693779,23,0
7.948579615191374,4.020090840067703,7.359985697465353,23,0
15.964959471122695,8.033617963685705,8.121720172288757,23,0
11.234285452036135,8.121720172288757,8.013004711653055,23,0
8.034184534256793,4.020090840067703,8.013004711653055,23,0
3.269688199280892,1.0665154012670675,4.267110493088188,23,0
13.111409296160453,6.288948299936741,8.11818907693779,23,0
12.542248802323192,6.227580911540076,8.013004711653055,23,0
14.252619022936722,10.125918918674975,6.088948975694973,23,0
14.650878511186477,8.778511435847394,5.913864341484907,23,0
13.110455015092676,6.497466239744933,8.11818907693779,23,0
11.32766656181199,3.346309620178065,7.999596526249057,32,0
7.495653322937379,5.381796475932611,8.988072503108693,32,0
6.800006164234221,3.346309620178065,8.193142473468608,32,0
10.902082587321818,6.876996952017033,4.537771160422656,32,0
9.158320388565565,6.534896234546678,4.537771160422656,32,0
11.637224411756563,5.872697485559629,6.623006543457365,32,0
9.05609212604082,8.224085106816354,4.537771160422656,32,0
2.814399063183502,8.193142473468608,5.381796475932611,32,1
7.956292017381784,8.76481046438471,6.534896234546678,32,0
6.369634404296627,6.876996952017033,0.5246754777444972,32,0
11.637224411756563,5.872697485559629,6.623006543457365,32,0
11.637224411756563,5.872697485559629,6.623006543457365,32,0
16.63212707111076,10.818931888978403,7.31085365427404,32,0
14.711649436074202,8.094586709575113,6.725948520513929,32,0
5.7272764175114945,8.57519906165002,3.824936548956757,32,0
11.561705219733954,9.281967669482087,5.545470699549079,32,0
12.888203421005368,6.7289739017796775,6.868913687034075,32,0
3.6168720502911595,6.876996952017033,3.824936548956757,32,0
4.000187685905923,2.3154687217417287,5.381796475932611,32,0
9.627968450929732,2.3154687217417287,8.988072503108693,32,0
12.32716649430246,5.545470699549079,6.868913687034075,32,0
7.002771040517321,2.620880588463953,5.381796475932611,32,0
0.8708876731207661,8.57519906165002,8.86960981691234,32,1
13.238735063662565,6.876996952017033,6.868913687034075,32,0
9.627968450929732,8.988072503108693,2.3154687217417287,32,0
10.270792340493344,2.620880588463953,10.818931888978403,32,0
3.194414122513003,6.623006543457365,6.820664332931696,32,1
11.840800918537076,3.346309620178065,8.57519906165002,32,0
12.950702986666776,8.224085106816354,10.818931888978403,32,0
7.11027435285528,7.31085365427404,2.357872314443137,32,0
16.156916402158934,10.818931888978403,5.381796475932611,32,0
5.695959610986721,8.094586709575113,3.346309620178065,32,0
4.1482878122140745,10.818931888978403,7.903520368129594,32,1
13.705114391872794,7.31085365427404,6.725948520513929,32,0
5.2263495556554025,6.534896234546678,7.903520368129594,32,0
8.292241634082057,8.193142473468608,6.820664332931696,32,0
5.967895504498257,6.868913687034075,2.3154687217417287,32,0
10.574203023731389,6.7289739017796775,4.537771160422656,32,0
15.678337659815615,7.31085365427404,8.57519906165002,32,0
8.932955158714591,6.7289739017796775,2.3154687217417287,32,0
8.4741247076238,5.381796475932611,8.76481046438471,32,0
9.728993591292022,7.999596526249057,6.7289739017796775,32,0
6.419680997902406,6.7289739017796775,5.872697485559629,32,1
8.850073389289108,4.371687247650971,5.293586253424366,32,0
2.7341432745521193,2.3154687217417287,0.5246754777444972,32,0
6.298217853125585,4.371687247650971,2.357872314443137,32,0
7.6760025287744265,2.3154687217417287,6.725948520513929,32,0
14.711649436074202,8.094586709575113,6.725948520513929,32,0
11.32766656181199,3.346309620178065,7.999596526249057,32,0
13.862825359988852,8.57519906165002,5.293586253424366,32,0
15.53858725893847,5.293586253424366,10.818931888978403,32,0
10.736755785228839,6.876996952017033,9.281967669482087,32,0
9.919506928379523,3.346309620178065,6.725948520513929,32,0
14.015877203827257,6.623006543457365,7.903520368129594,32,0
10.605009430696644,2.585714146258424,9.281967669482087,32,0
8.716512623995047,8.57519906165002,2.357872314443137,32,0
8.260826681456173,2.585714146258424,10.818931888978403,32,0
7.205864347083089,6.876996952017033,8.57519906165002,32,0
8.932508320425637,8.094586709575113,2.620880588463953,32,0
18.939967921780816,8.193142473468608,10.818931888978403,32,0
6.419680997902406,5.872697485559629,6.7289739017796775,32,1
4.964634918577049,2.585714146258424,6.7289739017796775,32,0
5.946790501718749,8.988072503108693,5.872697485559629,32,0
7.554366916574041,2.585714146258424,6.820664332931696,32,0
12.082069857147376,6.725948520513929,8.224085106816354,32,0
12.498372535805752,6.820664332931696,6.7289739017796775,32,0
7.002771040517321,2.620880588463953,5.381796475932611,32,0
7.873396781014112,6.868913687034075,2.620880588463953,32,0
13.322689563096189,8.86960981691234,4.537771160422656,32,0
9.403824462895923,8.57519906165002,2.620880588463953,32,0
15.303846005455913,7.31085365427404,7.999596526249057,32,0
10.045293199252457,6.7289739017796775,9.281967669482087,32,0
5.946790501718749,5.872697485559629,8.988072503108693,32,0
11.607830414990799,6.876996952017033,8.76481046438471,32,0
12.32716649430246,5.545470699549079,6.868913687034075,32,0
7.294493444077592,4.371687247650971,4.537771160422656,32,0
7.554366916574041,6.820664332931696,2.585714146258424,32,0
7.897301606615674,2.585714146258424,5.381796475932611,32,0
15.303846005455913,7.999596526249057,7.31085365427404,32,0
3.889325522330701,8.094586709575113,5.293586253424366,32,0
10.926325315611185,5.545470699549079,5.381796475932611,32,0
6.004945800997099,2.585714146258424,6.534896234546678,32,0
10.61459279500343,5.872697485559629,6.725948520513929,32,0
5.397932406100746,2.620880588463953,6.876996952017033,32,0
16.156916402158934,10.818931888978403,5.381796475932611,32,0
6.973018581068701,5.545470699549079,7.999596526249057,32,0
3.209886041480677,7.999596526249057,8.57519906165002,32,1
11.791564478220499,8.988072503108693,3.824936548956757,32,0
6.649349009954131,2.620880588463953,7.903520368129594,32,0
7.412983058202242,4.371687247650971,8.86960981691234,32,0
7.11027435285528,2.357872314443137,7.31085365427404,32,0
13.506045840417581,8.094586709575113,5.545470699549079,32,0
10.269075968079978,6.534896234546678,4.371687247650971,32,0
10.679530275307917,8.094586709575113,2.585714146258424,32,0
9.740697139505512,8.193142473468608,8.76481046438471,32,0
8.73005733322498,6.534896234546678,6.725948520513929,32,0
9.072750815007474,6.876996952017033,4.371687247650971,32,0
3.919718063290399,9.281967669482087,5.872697485559629,32,0
11.637224411756563,6.623006543457365,5.872697485559629,32,0
9.461104490497444,2.620880588463953,8.86960981691234,32,0
3.209886041480677,8.57519906165002,7.999596526249057,32,1
7.121330345065917,4.537771160422656,2.585714146258424,32,0
10.219486017717884,6.820664332931696,5.545470699549079,32,0
11.840800918537076,8.57519906165002,3.346309620178065,32,0
7.873396781014112,6.868913687034075,2.620880588463953,32,0
4.329372452057624,3.824936548956757,7.903520368129594,32,0
10.902082587321818,4.537771160422656,6.876996952017033,32,0
6.8798677805045685,5.381796475932611,6.820664332931696,32,0
9.9645257910017,5.545470699549079,4.537771160422656,32,0
3.289122259239483,2.585714146258424,2.620880588463953,32,0
8.260826681456173,10.818931888978403,2.585714146258424,32,0
13.735114568706,8.193142473468608,5.545470699549079,32,0
1.334982162916753,6.876996952017033,7.903520368129594,32,1
9.29617137581953,8.094586709575113,9.281967669482087,32,0
1.6380060716209668,8.347420573076398,9.753789126390213,27,1
1.8809543108557791,4.2436971331219535,3.128291644724342,27,0
12.549689694250839,8.114298735955103,4.549946060251375,27,0
11.536399267758473,4.2436971331219535,8.347420573076398,27,0
4.595960662899929,2.5221293471705293,4.549946060251375,27,0
5.568521342238202,6.698750830857113,8.23990956702246,27,0
9.71439430712512,6.69762810930149,3.1945486778384606,27,0
8.377186626063471,4.549946060251375,4.451570352650235,27,0
14.272752404444693,8.347420573076398,5.972159222902557,27,0
6.137025732646636,4.451570352650235,5.981378370405626,27,0
7.4775934283812635,3.4665749605327014,4.549946060251375,27,0
12.71528378555706,7.6305117658383494,9.164746817771602,27,0
6.752443600120533,4.549946060251375,3.1945486778384606,27,0
4.808306648000737,3.1945486778384606,6.415421535831969,27,0
1.6309387831412792,7.6305117658383494,6.009685841061971,27,1
11.983392255989669,7.6305117658383494,5.9257750089001355,27,0
6.396386580992668,2.5221293471705293,4.291967023241906,27,0
6.575374606453207,4.2436971331219535,2.5221293471705293,27,0
6.223822011546652,6.009685841061971,6.415421535831969,27,0
4.122209780993177,7.563841292849591,6.69762810930149,27,0
9.307901843364002,3.1945486778384606,6.92272288539694,27,0
5.868166755276114,5.972159222902557,5.975791687892309,27,0
11.473133863582706,6.009685841061971,5.975791687892309,27,0
0.8248602896708823,4.2436971331219535,3.4665749605327014,27,1
10.062904094060992,4.592413805567553,6.69762810930149,27,0
1.6730770232917198,7.563841292849591,5.972159222902557,27,1
3.95716220552915,2.5221293471705293,4.451570352650235,27,1
4.376633031150321,5.981378370405626,8.347420573076398,27,1
12.064541973668542,6.415421535831969,5.975791687892309,27,0
11.96770546384806,6.698750830857113,6.556245591091695,27,0
9.799522104125186,4.592413805567553,8.869142443773224,27,0
2.958942149930404,4.592413805567553,5.975791687892309,27,0
5.02096074841643,8.114298735955103,3.128291644724342,27,1
5.427469337154202,8.869142443773224,6.69762810930149,27,0
13.231256114331947,8.347420573076398,6.698750830857113,27,0
2.2894650255557614,2.5221293471705293,3.1945486778384606,27,1
17.16310386807488,8.869142443773224,8.347420573076398,27,0
5.868166755276114,5.972159222902557,5.975791687892309,27,0
14.70514553275625,8.869142443773224,6.415421535831969,27,0
6.348916722945423,4.2436971331219535,8.23990956702246,27,0
11.889480609656323,9.753789126390213,3.4665749605327014,27,0
5.431679379261441,6.69762810930149,6.009685841061971,27,0
2.542147442915767,4.2436971331219535,6.698750830857113,27,1
14.658172506492704,6.92272288539694,8.114298735955103,27,0
5.311579620892015,9.164746817771602,4.291967023241906,27,0
10.785123982082123,4.592413805567553,6.556245591091695,27,0
11.246701580857364,5.981378370405626,5.972159222902557,27,0
1.6680075009306468,3.1945486778384606,4.451570352650235,27,1
5.169064071043609,4.291967023241906,6.556245591091695,27,0
1.6309387831412792,6.009685841061971,7.6305117658383494,27,1
9.846141505339665,6.009685841061971,4.2436971331219535,27,0
7.256465325493252,4.2436971331219535,9.164746817771602,27,0
6.137025732646636,4.451570352650235,5.981378370405626,27,0
13.084195218661975,7.6305117658383494,5.975791687892309,27,0
6.98692019080992,6.698750830857113,5.972159222902557,27,0
13.92073616633271,9.753789126390213,6.92272288539694,27,0
2.542147442915767,4.2436971331219535,6.698750830857113,27,1
11.107529992549008,2.5221293471705293,8.869142443773224,27,0
13.231256114331947,6.698750830857113,8.347420573076398,27,0
12.115609310539734,6.556245591091695,8.347420573076398,27,0
9.04734938832653,3.128291644724342,8.869142443773224,27,0
10.604526728801323,4.451570352650235,6.556245591091695,27,0
5.997139560785182,5.981378370405626,9.753789126390213,27,1
2.2726979186769056,4.549946060251375,6.556245591091695,27,0
8.90571961190898,6.415421535831969,6.92272288539694,27,0
1.6730770232917198,5.972159222902557,7.563841292849591,27,1
7.105012105656571,4.291967023241906,6.698750830857113,27,0
9.72317420636753,2.5221293471705293,7.563841292849591,27,0
8.774324195404176,6.556245591091695,6.415421535831969,27,0
15.156756382598882,5.9257750089001355,9.753789126390213,27,0
13.937119925670101,8.347420573076398,5.9257750089001355,27,0
4.769070781190059,5.9257750089001355,7.563841292849591,27,0
8.726498478301668,3.128291644724342,6.415421535831969,27,0
11.571101294809559,8.23990956702246,6.415421535831969,27,0
2.538584226651094,3.4665749605327014,5.975791687892309,27,1
10.530034374999108,6.009685841061971,8.869142443773224,27,0
6.422507307316561,5.972159222902557,3.128291644724342,27,0
9.022160491695045,4.549946060251375,4.592413805567553,27,0
3.95716220552915,4.451570352650235,2.5221293471705293,27,1
17.16310386807488,8.869142443773224,8.347420573076398,27,0
13.084195218661975,7.6305117658383494,5.975791687892309,27,0
18.901568349043114,9.753789126390213,9.164746817771602,27,0
11.289723384866504,9.164746817771602,8.114298735955103,27,0
5.431679379261441,6.69762810930149,6.009685841061971,27,0
10.30817765970235,8.347420573076398,4.592413805567553,27,0
10.097708433553784,8.114298735955103,5.972159222902557,27,0
8.76846789309318,4.451570352650235,5.9257750089001355,27,0
6.98692019080992,5.972159222902557,6.698750830857113,27,0
12.534775265306857,6.415421535831969,6.698750830857113,27,0
6.2962176824686304,3.4665749605327014,8.23990956702246,27,0
8.10617779408595,3.4665749605327014,6.69762810930149,27,0
7.011679942416078,9.164746817771602,5.975791687892309,27,0
5.574970249165315,3.128291644724342,8.23990956702246,27,1
11.789246604141203,5.981378370405626,5.975791687892309,27,0
7.046139845122993,3.4665749605327014,7.563841292849591,27,0
3.532134203186065,8.114298735955103,4.592413805567553,27,1
12.371243933733922,6.698750830857113,6.92272288539694,27,0
5.275580850170496,6.009685841061971,2.5221293471705293,27,0
12.745198370557098,6.415421535831969,8.114298735955103,27,0
6.752443600120533,3.1945486778384606,4.549946060251375,27,0
3.8154502505728014,6.698750830857113,3.128291644724342,27,0
11.04520285890581,8.23990956702246,9.753789126390213,27,0
0.40354306283237074,6.92272288539694,6.556245591091695,27,1
9.940093011332397,5.981378370405626,6.69762810930149,27,0
4.84690993835873,5.9257750089001355,4.592413805567553,27,0
7.954070696335679,3.1945486778384606,8.114298735955103,27,0
5.311579620892015,9.164746817771602,4.291967023241906,27,0
7.941378258945015,8.869142443773224,3.4665749605327014,27,0
10.593294284153302,4.592413805567553,6.009685841061971,27,0
11.534127788784982,7.563841292849591,8.114298735955103,27,0
11.107529992549008,8.869142443773224,2.5221293471705293,27,0
8.080391180140472,3.128291644724342,7.563841292849591,27,0
3.95716220552915,4.451570352650235,2.5221293471705293,27,1
2.958942149930404,4.592413805567553,5.975791687892309,27,0
2.8973510736008463,5.972159222902557,8.869142443773224,27,1
8.288807978457838,6.009685841061971,5.972159222902557,27,0
11.013950947703712,6.2870901411508795,5.778837897809433,30,0
5.421651014438909,4.1749817487006355,8.239960873274832,30,0
8.102498911683167,0.9890306436042839,7.521415591458003,30,0
4.560494091169713,3.719434837882315,3.508727513984741,30,0
8.35501502435915,0.9890306436042839,7.404757221908125,30,0
7.51880822780392,7.082814381878998,5.778837897809433,30,0
12.460616489195079,7.082814381878998,8.641272860348755,30,0
11.515241364961604,3.508727513984741,8.566542005363683,30,0
9.048007893373475,4.685428165024952,6.616098128873409,30,0
8.155352535844512,3.8104940841886905,4.685428165024952,30,0
7.795638898218988,8.738652444077129,7.660010920717467,30,0
11.204517168007854,7.404757221908125,3.8026622994468995,30,0
11.679900907228578,8.566542005363683,3.719434837882315,30,0
5.762702960411996,2.4795483720751053,8.214654192601364,30,0
16.234215315100023,9.535649633770506,8.566542005363683,30,0
5.933511536318508,6.2870901411508795,8.641272860348755,30,0
2.839127234472302,6.616098128873409,7.404757221908125,30,1
12.40206227241066,6.616098128873409,7.660010920717467,30,0
6.263053751485021,8.738652444077129,2.4795483720751053,30,0
9.738344851545067,7.521415591458003,2.2185854448930873,30,0
10.391763339743484,5.050807212174385,8.214654192601364,30,0
1.6120721884420972,2.4795483720751053,4.077767198554355,30,1
7.51880822780392,5.778837897809433,7.082814381878998,30,0
9.792908738153981,6.616098128873409,3.508727513984741,30,0
11.681777133124273,7.082814381878998,5.050807212174385,30,0
6.6422655838356315,6.2870901411508795,8.566542005363683,30,0
6.860760768466791,8.239960873274832,9.535649633770506,30,0
10.359046001471865,3.719434837882315,9.535649633770506,30,0
8.317955287133724,5.778837897809433,4.620754025166023,30,0
15.3415312462315,8.239960873274832,7.404757221908125,30,0
5.479733391811779,3.8026622994468995,3.8104940841886905,30,0
9.716097354560782,7.119615433566939,4.077767198554355,30,0
9.147403055754404,4.1749817487006355,9.568006158439669,30,0
7.837423629766326,2.697460719340504,7.031389234855045,30,0
10.632572267985987,4.077767198554355,7.521415591458003,30,0
13.009671154587394,8.641272860348755,7.660010920717467,30,0
6.070474853400307,4.1749817487006355,8.738652444077129,30,0
10.10291457528012,7.119615433566939,8.641272860348755,30,0
6.0814232828843995,9.568006158439669,3.508727513984741,30,0
6.388634904860425,8.738652444077129,9.59046289342983,30,0
9.716097354560782,7.119615433566939,4.077767198554355,30,0
6.6422655838356315,6.2870901411508795,8.566542005363683,30,0
14.006970711552718,9.59046289342983,4.620754025166023,30,0
2.855152349730623,0.9890306436042839,3.8026622994468995,30,1
12.270086030645702,4.620754025166023,7.660010920717467,30,0
5.030511659023962,5.050807212174385,3.8026622994468995,30,0
6.876163952339604,9.568006158439669,3.8104940841886905,30,0
16.933856654163336,7.521415591458003,9.568006158439669,30,0
5.047878675088962,4.620754025166023,0.9890306436042839,30,0
8.51747356047136,4.620754025166023,7.404757221908125,30,0
12.5989113138272,4.077767198554355,8.641272860348755,30,0
10.912491252143235,4.685428165024952,7.404757221908125,30,0
8.615123892546979,3.8026622994468995,9.535649633770506,30,0
2.218737741946503,4.685428165024952,3.719434837882315,30,0
14.343154357431917,5.778837897809433,8.566542005363683,30,0
1.2747772811246174,9.568006158439669,9.59046289342983,30,1
5.008586085217492,5.050807212174385,0.9890306436042839,30,0
6.1868883882055625,3.508727513984741,9.535649633770506,30,0
3.050961024675153,9.59046289342983,7.660010920717467,30,0
5.481449705461603,4.685428165024952,4.077767198554355,30,0
8.102498911683167,7.521415591458003,0.9890306436042839,30,0
4.890125556467982,2.697460719340504,7.521415591458003,30,0
9.564567798410657,3.8026622994468995,6.2870901411508795,30,0
8.973453308447716,9.59046289342983,0.9890306436042839,30,0
15.082509808581918,6.616098128873409,9.59046289342983,30,0
6.615334585374164,2.2185854448930873,7.031389234855045,30,0
4.793065405462529,6.2870901411508795,3.8104940841886905,30,1
6.481569035669954,2.697460719340504,3.8104940841886905,30,0
5.525908731930964,3.508727513984741,8.239960873274832,30,0
1.7627914920307655,5.778837897809433,7.031389234855045,30,1
4.74014803897045,4.620754025166023,3.719434837882315,30,0
6.732250897061232,9.59046289342983,8.239960873274832,30,0
10.995801617238996,2.4795483720751053,8.641272860348755,30,0
9.002994468243818,8.641272860348755,4.620754025166023,30,0
4.323317629570452,7.082814381878998,9.568006158439669,30,0
5.481449705461603,4.685428165024952,4.077767198554355,30,0
9.955136720715718,8.566542005363683,3.8104940841886905,30,0
12.602682443084845,8.566542005363683,4.077767198554355,30,0
9.80996496555701,8.239960873274832,2.697460719340504,30,0
12.067181258213855,4.685428165024952,9.568006158439669,30,0
5.443358766486952,3.8026622994468995,8.738652444077129,30,0
7.3848551079408224,2.2185854448930873,9.59046289342983,30,0
4.28194284816654,8.214654192601364,4.077767198554355,30,0
8.03658509207576,8.566542005363683,2.697460719340504,30,0
1.9015982128450408,2.4795483720751053,3.8026622994468995,30,0
3.4596637825767216,5.778837897809433,2.4795483720751053,30,0
1.5210268130290259,4.077767198554355,3.8026622994468995,30,0
15.49518521965488,7.031389234855045,8.566542005363683,30,0
3.432809668817165,7.082814381878998,3.8104940841886905,30,1
9.249328933765831,7.031389234855045,7.082814381878998,30,0
4.53985633684485,4.1749817487006355,2.2185854448930873,30,0
2.1350693382850734,3.8026622994468995,5.778837897809433,30,0
9.554780283125517,0.9890306436042839,8.566542005363683,30,0
14.76654514774971,7.660010920717467,7.119615433566939,30,0
14.873352115775104,7.404757221908125,8.214654192601364,30,0
7.613529586701534,7.119615433566939,4.1749817487006355,30,0
7.519828850332254,0.9890306436042839,7.119615433566939,30,0
5.762702960411996,8.214654192601364,2.4795483720751053,30,0
4.697982163133484,7.119615433566939,4.685428165024952,30,1
1.9754466182141655,3.8104940841886905,2.2185854448930873,30,0
8.155352535844512,3.8104940841886905,4.685428165024952,30,0
7.7131556230477525,5.778837897809433,9.59046289342983,30,0
6.070474853400307,4.1749817487006355,8.738652444077129,30,0
4.697982163133484,4.685428165024952,7.119615433566939,30,1
16.933856654163336,9.568006158439669,7.521415591458003,30,0
2.34604840990652,7.404757221908125,8.566542005363683,30,1
6.0814232828843995,3.508727513984741,9.568006158439669,30,0
17.071243150867137,7.521415591458003,9.59046289342983,30,0
8.037623653236846,3.8104940841886905,7.404757221908125,30,0
10.359046001471865,9.535649633770506,3.719434837882315,30,0
9.431896741304763,7.660010920717467,3.719434837882315,30,0
6.282667987009807,4.620754025166023,2.4795483720751053,30,0
13.454475382287482,9.59046289342983,5.050807212174385,30,0
4.167227374731755,8.239960873274832,4.077767198554355,30,0
11.441494129641354,7.660010920717467,4.685428165024952,30,0
8.873722243748597,4.460503762431712,5.153372599231448,28,0
14.79508303239206,7.814378982053891,6.987866149862285,28,0
10.834658851380071,4.665691120990032,8.326548289469741,28,0
12.947313956097483,9.217202622285724,4.665691120990032,28,0
12.220429636373437,5.153372599231448,7.067498595086648,28,0
3.140386713926547,11.225347193128048,8.102426299451679,28,1
5.3424772663885625,3.545187801937296,5.153372599231448,28,0
9.129260674648386,6.987866149862285,4.045751924255551,28,0
6.927145208031907,2.5422404774499388,5.655650808018485,28,0
12.49837901221521,7.814378982053891,11.225347193128048,28,0
6.636135944204099,4.765139414329221,11.225347193128048,28,0
5.1189810421616455,7.814378982053891,9.25321829549264,28,1
7.67562392981217,8.102426299451679,5.79121946487273,28,0
21.05596546564268,9.869911713417382,11.225347193128048,28,0
2.0002447972238198,7.067498595086648,6.435475577545693,28,1
7.255194755479199,4.460503762431712,11.225347193128048,28,0
0.5460842930567006,6.056543346477332,5.655650808018485,28,1
7.315871842053097,5.756602490872839,7.067498595086648,28,0
8.978434004799702,3.545187801937296,6.056543346477332,28,0
6.2684852797169714,9.869911713417382,5.756602490872839,28,0
10.671292501373143,6.987866149862285,9.869911713417382,28,0
13.984083219393224,9.869911713417382,5.79121946487273,28,0
10.812310611944314,8.469826309698094,4.460503762431712,28,0
15.198072913224053,7.067498595086648,8.469826309698094,28,0
12.901604045927755,9.30417866888294,3.8856377630122156,28,0
5.899796357644376,7.067498595086648,4.765139414329221,28,0
8.998546848179073,5.655650808018485,5.804378044642361,28,0
15.444546972038404,8.469826309698094,6.987866149862285,28,0
11.833190075121825,7.814378982053891,6.056543346477332,28,0
7.13637798363423,6.056543346477332,11.063124516778826,28,0
11.72430330752872,5.655650808018485,7.814378982053891,28,0
11.389156995058773,5.756602490872839,5.79121946487273,28,0
10.860760116269592,3.545187801937296,9.217202622285724,28,0
7.6885661948838875,9.30417866888294,8.577561073369866,28,0
7.936262364900048,4.460503762431712,8.326548289469741,28,0
12.924480430108007,6.056543346477332,8.469826309698094,28,0
13.88404018690474,11.225347193128048,6.987866149862285,28,0
15.444546972038404,8.469826309698094,6.987866149862285,28,0
1.4170970413054982,5.655650808018485,6.435475577545693,28,0
10.671292501373143,6.987866149862285,9.869911713417382,28,0
6.667391314029761,3.545187801937296,4.41219802831228,28,0
8.055099559166035,4.41219802831228,3.8856377630122156,28,0
6.707085685237299,5.804378044642361,8.326548289469741,28,0
9.722488093186849,4.460503762431712,7.814378982053891,28,0
11.460842463165436,9.25321829549264,9.869911713417382,28,0
2.1767012536111396,6.435475577545693,4.41219802831228,28,0
3.1768309829975094,9.30417866888294,6.435475577545693,28,1
21.05596546564268,9.869911713417382,11.225347193128048,28,0
13.984083219393224,5.79121946487273,9.869911713417382,28,0
9.146141583410875,5.756602490872839,9.217202622285724,28,0
4.3184727046676405,4.41219802831228,6.987866149862285,28,0
5.1085881020963875,8.577561073369866,4.045751924255551,28,0
5.899796357644376,4.765139414329221,7.067498595086648,28,0
13.86948110144371,8.326548289469741,11.063124516778826,28,0
0.5460842930567006,5.655650808018485,6.056543346477332,28,1
6.325011379714073,3.545187801937296,9.869911713417382,28,1
8.887328903066086,3.545187801937296,9.25321829549264,28,0
10.70520611697131,4.665691120990032,6.435475577545693,28,0
8.754615291806068,3.8856377630122156,5.655650808018485,28,0
5.0711324215961575,5.655650808018485,8.102426299451679,28,0
10.429409963365115,8.102426299451679,7.814378982053891,28,0
3.2859635015432955,2.5422404774499388,5.804378044642361,28,0
1.3846082655267136,8.577561073369866,8.102426299451679,28,1
6.325011379714073,9.869911713417382,3.545187801937296,28,1
21.05596546564268,11.225347193128048,9.869911713417382,28,0
2.1271386051030134,5.655650808018485,4.41219802831228,28,1
7.076765291814893,11.063124516778826,4.460503762431712,28,0
14.753599617149394,11.225347193128048,3.545187801937296,28,0
10.671292501373143,9.869911713417382,6.987866149862285,28,0
3.5008022928876334,7.067498595086648,6.987866149862285,28,0
10.920184414300033,9.869911713417382,3.8856377630122156,28,0
12.273497069760083,4.41219802831228,9.869911713417382,28,0
9.053193744628729,9.30417866888294,4.045751924255551,28,0
9.146141583410875,9.217202622285724,5.756602490872839,28,0
6.020732270659298,5.153372599231448,2.5422404774499388,28,0
15.558726321846807,9.25321829549264,6.435475577545693,28,0
7.6885661948838875,8.577561073369866,9.30417866888294,28,0
2.1969253645064666,4.665691120990032,3.545187801937296,28,1
10.47776634342505,9.30417866888294,11.063124516778826,28,0
5.459537318044329,3.545187801937296,3.8856377630122156,28,0
2.0834415159138615,3.8856377630122156,5.153372599231448,28,0
9.660096411950695,2.5422404774499388,7.814378982053891,28,0
17.16380693445532,8.469826309698094,9.30417866888294,28,0
9.660096411950695,7.814378982053891,2.5422404774499388,28,0
0.817686594522493,4.460503762431712,4.765139414329221,28,0
7.6885661948838875,8.577561073369866,9.30417866888294,28,0
8.056144891253766,2.5422404774499388,5.79121946487273,28,0
7.581491380279469,3.545187801937296,4.045751924255551,28,0
13.86948110144371,8.326548289469741,11.063124516778826,28,0
7.210117607325317,4.765139414329221,9.30417866888294,28,0
14.542064354938441,9.25321829549264,5.655650808018485,28,0
8.842070423531922,3.545187801937296,6.435475577545693,28,0
9.85628450922261,9.217202622285724,5.804378044642361,28,0
8.637841669736787,8.326548289469741,3.545187801937296,28,0
11.68400681365502,8.577561073369866,7.814378982053891,28,0
8.055099559166035,4.41219802831228,3.8856377630122156,28,0
5.563172365924428,3.8856377630122156,2.5422404774499388,28,0
2.175400153847667,7.067498595086648,9.217202622285724,28,1
6.2684852797169714,9.869911713417382,5.756602490872839,28,0
9.230347907564388,4.045751924255551,9.217202622285724,28,0
9.660096411950695,2.5422404774499388,7.814378982053891,28,0
15.698308220395958,9.25321829549264,6.987866149862285,28,0
4.099906134902699,5.153372599231448,9.25321829549264,28,1
3.341752450547446,9.217202622285724,6.435475577545693,28,1
9.018914856913927,4.460503762431712,5.804378044642361,28,0
7.089681171364569,6.987866149862285,3.545187801937296,28,0
13.20246867639507,8.469826309698094,5.756602490872839,28,0
0.742286967413577,5.756602490872839,5.804378044642361,28,0
8.982171887551221,4.41219802831228,5.79121946487273,28,0
2.6964084078892863,5.655650808018485,4.765139414329221,28,0
1.3499255687934641,8.469826309698094,7.814378982053891,28,1
11.961995022677675,9.25321829549264,5.804378044642361,28,0
14.734291054361002,9.179417304966437,5.5549004587899224,32,0
15.44706153995667,10.263043827776572,8.153024575370212,32,0
14.308895051559963,6.785588310493456,7.54817355173508,32,0
11.782145477885555,6.526197667312719,5.284097494100784,32,0
2.3853450087727053,5.1690997259407485,3.8724709010551437,32,0
11.443254721030188,9.515802600277574,3.8724709010551437,32,0
15.984134978408246,9.515802600277574,6.492776761610035,32,0
10.983376487910904,10.263043827776572,9.515802600277574,32,0
7.440745693677008,5.284097494100784,7.244080641529741,32,0
16.78691473812694,6.526197667312719,10.263043827776572,32,0
17.058020310061845,9.044179113739654,8.153024575370212,32,0
4.840190709211213,4.0892477924636195,8.58723027685574,32,0
10.665714572054332,4.0892477924636195,8.89758953301804,32,0
9.70189198035308,6.785588310493456,8.58723027685574,32,0
11.876283086243815,7.54817355173508,10.263043827776572,32,0
14.174427041576896,9.179417304966437,8.153024575370212,32,0
14.431300944972133,5.284097494100784,9.15086311093507,32,0
9.704924775213948,10.263043827776572,8.89758953301804,32,0
1.337911760418877,8.89758953301804,9.044179113739654,32,0
17.195282940454156,9.842665439984122,8.254342219155461,32,0
17.036544812120205,8.89758953301804,8.254342219155461,32,0
11.141868329420184,10.263043827776572,7.244080641529741,32,0
3.6109072757108613,9.15086311093507,5.557229111835403,32,0
13.233455000225817,8.89758953301804,5.557229111835403,32,0
16.338665979624395,8.153024575370212,8.185674509198288,32,0
8.755742834381467,6.785588310493456,2.956203540863988,32,0
9.083302641013617,8.89758953301804,8.02400201732918,32,0
7.516183244033995,10.263043827776572,2.956203540863988,32,0
9.704924775213948,8.89758953301804,10.263043827776572,32,0
7.830210819558916,8.254342219155461,9.827222761188406,32,0
5.107350344664288,6.153568306240104,3.206375067433586,32,0
6.280851435687132,9.15086311093507,3.206375067433586,32,0
14.821579756192575,9.827222761188406,8.185674509198288,32,0
9.083302641013617,8.89758953301804,8.02400201732918,32,0
8.513494983353219,2.956203540863988,9.044179113739654,32,0
9.212697087942876,4.0892477924636195,5.284097494100784,32,0
2.3414942211075784,8.02400201732918,10.263043827776572,32,1
4.594884748004288,9.842665439984122,5.284097494100784,32,0
6.732246008032771,8.153024575370212,5.557229111835403,32,0
7.290473171614632,5.5549004587899224,6.785588310493456,32,0
1.337911760418877,8.89758953301804,9.044179113739654,32,0
15.287413086770956,8.89758953301804,6.492776761610035,32,0
4.840190709211213,4.0892477924636195,8.58723027685574,32,0
13.211940863445431,4.0892477924636195,9.179417304966437,32,0
1.2792512655612625,9.515802600277574,8.89758953301804,32,0
6.872028884395541,6.628639397808945,2.956203540863988,32,0
11.40560786898333,8.58723027685574,2.956203540863988,32,0
8.528655366726722,9.179417304966437,9.044179113739654,32,0
12.818384479917484,5.5549004587899224,10.951746991184635,32,0
10.82014116251641,4.0892477924636195,9.515802600277574,32,0
13.455981316460232,8.02400201732918,5.557229111835403,32,0
3.3616408885083064,6.153568306240104,6.492776761610035,32,0
15.984134978408246,9.515802600277574,6.492776761610035,32,0
10.751892012604662,7.244080641529741,9.179417304966437,32,0
6.815714597022425,2.6002290067556966,8.58723027685574,32,0
17.49380745095563,8.254342219155461,9.515802600277574,32,0
11.698789984744364,8.153024575370212,5.284097494100784,32,0
9.159218245742672,2.6002290067556966,9.515802600277574,32,0
13.447621798943347,9.515802600277574,5.557229111835403,32,0
0.9228772791265996,3.8724709010551437,3.206375067433586,32,1
5.811034155519046,6.936527965995323,9.842665439984122,32,0
5.358509570054017,6.153568306240104,9.15086311093507,32,0
4.936189161908659,5.557229111835403,8.254342219155461,32,1
7.938002245670608,8.185674509198288,2.6002290067556966,32,0
12.007180362911424,8.58723027685574,7.54817355173508,32,0
11.207026621268295,8.89758953301804,3.8724709010551437,32,0
15.256414654173971,6.936527965995323,9.15086311093507,32,0
19.358434493858084,9.15086311093507,10.263043827776572,32,0
2.170389413433073,5.1690997259407485,6.153568306240104,32,1
5.038273730158194,5.284097494100784,10.263043827776572,32,0
13.00187470064297,6.153568306240104,8.02400201732918,32,0
9.39879264166076,6.526197667312719,2.956203540863988,32,0
2.1573013465810424,8.254342219155461,6.153568306240104,32,1
15.911638335954654,9.827222761188406,8.89758953301804,32,0
13.392071706840863,5.1690997259407485,8.89758953301804,32,0
7.66847834153591,3.8724709010551437,8.153024575370212,32,0
9.784408222410491,7.54817355173508,8.02400201732918,32,0
6.280851435687132,3.206375067433586,9.15086311093507,32,0
11.912108318724629,6.628639397808945,9.179417304966437,32,0
14.201620429875076,8.185674509198288,8.58723027685574,32,0
14.110323563315768,6.153568306240104,9.179417304966437,32,0
7.396788849553506,2.956203540863988,9.842665439984122,32,0
7.621573902217887,9.15086311093507,2.6002290067556966,32,0
2.7685093721703136,8.254342219155461,8.153024575370212,32,0
14.610936009815132,5.557229111835403,9.179417304966437,32,0
5.206453419710042,2.956203540863988,8.02400201732918,32,0
18.990911471268998,9.842665439984122,9.15086311093507,32,0
3.8161432696630846,8.254342219155461,6.492776761610035,32,0
2.3853450087727053,3.8724709010551437,5.1690997259407485,32,0
15.703326577051335,6.526197667312719,9.179417304966437,32,0
10.232219806576325,5.5549004587899224,7.54817355173508,32,0
6.725506874699929,3.8724709010551437,6.492776761610035,32,0
15.399425580066413,9.842665439984122,5.557229111835403,32,0
9.36388173580676,8.185674509198288,8.02400201732918,32,0
17.06485110912355,8.02400201732918,9.15086311093507,32,0
18.976412512939273,10.951746991184635,8.153024575370212,32,0
13.039053874728708,9.179417304966437,6.785588310493456,32,0
13.97524221762273,5.1690997259407485,9.179417304966437,32,0
11.158814100718025,6.628639397808945,9.827222761188406,32,0
7.644155864791991,1.3754189288242191,8.185674509198288,32,0
14.459490321195126,10.951746991184635,5.1690997259407485,32,0
14.110323563315768,6.153568306240104,9.179417304966437,32,0
7.210129809869657,8.185674509198288,5.284097494100784,32,0
5.186542857236318,9.044179113739654,10.951746991184635,32,1
14.610936009815132,5.557229111835403,9.179417304966437,32,0
19.006389456751393,9.827222761188406,9.179417304966437,32,0
15.44706153995667,10.263043827776572,8.153024575370212,32,0
6.473080417573556,10.951746991184635,6.936527965995323,32,0
14.459490321195126,5.1690997259407485,10.951746991184635,32,0
7.372522064639433,6.492776761610035,1.3754189288242191,32,0
10.544037588907328,9.515802600277574,3.206375067433586,32,0
13.02996670513955,6.936527965995323,7.54817355173508,32,0
13.642844326479889,9.842665439984122,3.8724709010551437,32,0
7.533394896544859,8.466824090038493,2.3916124368363962,15,0
10.70140926895212,4.778471234121873,5.998360838613906,15,0
2.4978676535930413,5.353552915521377,5.15103335454459,15,1
2.3223619432027065,5.15103335454459,6.76145213949823,15,1
7.2066467537384975,5.180002111841435,2.3916124368363962,15,0
8.42981188274428,1.3204501152170283,7.138774769183173,15,1
3.2078078321335597,7.214523863389147,4.7094163809430185,15,1
11.229073151668864,2.3916124368363962,8.838807593897174,15,0
1.6739819232032853,5.998360838613906,5.353552915521377,15,1
3.525856900252391,2.3916124368363962,5.395654838083919,15,0
3.2078078321335597,7.214523863389147,4.7094163809430185,15,1
13.247282620732738,6.595828649419152,6.76145213949823,15,0
6.841911332160244,5.353552915521377,5.180002111841435,15,0
6.280246836123768,5.353552915521377,8.838807593897174,15,0
10.459687734245904,5.15103335454459,5.395654838083919,15,0
11.284756374374462,7.138774769183173,5.180002111841435,15,0
11.325739376821446,5.15103335454459,6.595828649419152,15,0
4.272693097578137,4.7094163809430185,6.595828649419152,15,0
10.70140926895212,5.998360838613906,4.778471234121873,15,0
7.387404007196595,2.3916124368363962,7.138774769183173,15,1
11.04783419258241,5.998360838613906,5.395654838083919,15,0
3.6924291740759028,5.395654838083919,4.778471234121873,15,1
4.8223560447809355,4.7094163809430185,5.395654838083919,15,0
7.208909798270651,1.3204501152170283,6.76145213949823,15,0
3.525856900252391,5.395654838083919,2.3916124368363962,15,0
12.082985834537876,5.998360838613906,7.214523863389147,15,0
3.0480488455022994,6.76145213949823,5.998360838613906,15,1
4.272693097578137,6.595828649419152,4.7094163809430185,15,0
4.773249205065664,4.7094163809430185,8.466824090038493,15,0
12.155984137974128,6.76145213949823,5.395654838083919,15,0
9.498687383782684,7.214523863389147,8.838807593897174,15,1
14.873565311530298,8.838807593897174,8.466824090038493,15,0
1.199685135957141,4.7094163809430185,4.778471234121873,15,0
8.367978809861508,5.180002111841435,5.998360838613906,15,0
9.339033941293295,4.7094163809430185,5.353552915521377,15,0
11.901101100477824,8.838807593897174,7.138774769183173,15,0
10.459687734245904,5.15103335454459,5.395654838083919,15,0
4.773249205065664,8.466824090038493,4.7094163809430185,15,0
14.781942440647837,8.466824090038493,6.76145213949823,15,0
3.9380191414451535,4.778471234121873,8.466824090038493,15,1
4.2335465849152705,7.214523863389147,4.778471234121873,15,0
3.0480488455022994,6.76145213949823,5.998360838613906,15,1
14.117479480552905,6.595828649419152,8.838807593897174,15,0
12.524487466020203,5.998360838613906,6.595828649419152,15,0
13.678551097891917,5.353552915521377,8.466824090038493,15,0
7.926452316559664,7.138774769183173,5.15103335454459,15,0
7.63490649796375,8.466824090038493,1.3204501152170283,15,0
4.204392847113371,8.838807593897174,5.15103335454459,15,0
9.339033941293295,5.353552915521377,4.7094163809430185,15,0
7.92073448896312,7.214523863389147,5.395654838083919,15,0
11.149122284252751,8.838807593897174,4.778471234121873,15,0
8.752796660321287,5.180002111841435,5.395654838083919,15,0
7.208909798270651,6.76145213949823,1.3204501152170283,15,0
9.301650146283928,8.466824090038493,5.180002111841435,15,0
5.698942904356693,5.180002111841435,4.778471234121873,15,0
7.387404007196595,7.138774769183173,2.3916124368363962,15,1
3.2078078321335597,7.214523863389147,4.7094163809430185,15,1
5.586967998389226,8.838807593897174,5.180002111841435,15,1
4.204392847113371,8.838807593897174,5.15103335454459,15,0
7.539663508660878,5.998360838613906,2.3916124368363962,15,0
10.725376158528002,5.353552915521377,7.214523863389147,15,0
14.781942440647837,8.466824090038493,6.76145213949823,15,0
12.082985834537876,5.998360838613906,7.214523863389147,15,0
3.0480488455022994,5.998360838613906,6.76145213949823,15,1
7.63490649796375,1.3204501152170283,8.466824090038493,15,0
5.620897894446463,5.353552915521377,7.138774769183173,15,0
5.2280806406901865,6.595828649419152,2.3916124368363962,15,0
4.8223560447809355,4.7094163809430185,5.395654838083919,15,0
13.717734700221774,8.838807593897174,5.395654838083919,15,0
2.3223619432027065,6.76145213949823,5.15103335454459,15,1
7.539663508660878,5.998360838613906,2.3916124368363962,15,0
7.926452316559664,5.15103335454459,7.138774769183173,15,0
14.267345481373514,7.138774769183173,7.214523863389147,15,0
11.325739376821446,5.15103335454459,6.595828649419152,15,0
4.204392847113371,5.15103335454459,8.838807593897174,15,0
2.0727036856920953,5.395654838083919,6.595828649419152,15,1
13.678551097891917,8.466824090038493,5.353552915521377,15,0
4.272693097578137,6.595828649419152,4.7094163809430185,15,0
8.503603101672367,8.838807593897174,1.3204501152170283,15,0
12.524487466020203,6.595828649419152,5.998360838613906,15,0
10.390863927469658,5.998360838613906,4.7094163809430185,15,0
6.0591796974256455,6.595828649419152,1.3204501152170283,15,0
6.960064585840841,5.180002111841435,6.76145213949823,15,0
4.773249205065664,4.7094163809430185,8.466824090038493,15,0
2.3223619432027065,6.76145213949823,5.15103335454459,15,1
14.267345481373514,7.138774769183173,7.214523863389147,15,0
5.8941729463960755,1.3204501152170283,7.214523863389147,15,0
4.917608820738986,6.76145213949823,8.838807593897174,15,0
3.5024598168863155,1.3204501152170283,4.7094163809430185,15,0
6.3270241736006945,8.466824090038493,7.214523863389147,15,0
13.247282620732738,6.76145213949823,6.595828649419152,15,0
9.339033941293295,5.353552915521377,4.7094163809430185,15,0
12.082985834537876,5.998360838613906,7.214523863389147,15,0
1.6739819232032853,5.353552915521377,5.998360838613906,15,1
6.942823092096862,5.998360838613906,1.3204501152170283,15,0
14.117479480552905,6.595828649419152,8.838807593897174,15,0
7.63490649796375,8.466824090038493,1.3204501152170283,15,0
7.2066467537384975,5.180002111841435,2.3916124368363962,15,0
4.627169058349576,4.778471234121873,2.3916124368363962,15,0
4.917608820738986,6.76145213949823,8.838807593897174,15,0
3.0480488455022994,6.76145213949823,5.998360838613906,15,1
8.752796660321287,5.180002111841435,5.395654838083919,15,0
6.841911332160244,5.180002111841435,5.353552915521377,15,0
10.70140926895212,4.778471234121873,5.998360838613906,15,0
7.208909798270651,6.76145213949823,1.3204501152170283,15,0
8.752796660321287,5.180002111841435,5.395654838083919,15,0
11.943572419643663,6.595828649419152,5.353552915521377,15,0
8.738477842473976,5.15103335454459,4.778471234121873,15,0
7.298606015038692,5.353552915521377,2.3916124368363962,15,0
8.503603101672367,1.3204501152170283,8.838807593897174,15,0
12.524487466020203,5.998360838613906,6.595828649419152,15,0
12.524487466020203,6.595828649419152,5.998360838613906,15,0
13.105899837082367,6.491720179654395,6.701845443137692,31,0
5.4011512224088465,2.9235423076663674,6.799607263320396,31,0
10.96562928406593,5.781008282602987,6.491720179654395,31,0
7.5480658887820855,5.4358755177805005,5.561246245072022,31,0
16.063425367287596,6.439103860906958,9.640399031613308,31,0
8.301573755371086,3.9472015350958176,4.770773729845297,31,0
15.029920814533968,8.552804303369074,6.5388936189261,31,0
11.018382263248022,5.041802869755109,8.552804303369074,31,0
3.9652651212631893,8.552804303369074,5.781008282602987,31,1
2.6389229377108236,4.770773729845297,2.2543717334572264,31,1
11.749807036044622,9.640399031613308,3.560202185707767,31,0
10.350987965374902,4.770773729845297,6.701845443137692,31,0
8.930869062237933,5.041802869755109,8.071645446965604,31,0
9.032693118879518,3.560202185707767,5.561129200969259,31,0
7.650748207468663,6.439103860906958,1.4793477940184372,31,0
7.465489761691541,5.041802869755109,5.061115641370409,31,0
5.42605663824386,2.2543717334572264,6.491720179654395,31,0
12.563374490415626,5.041802869755109,7.965893826317638,31,0
8.916481243912816,5.781008282602987,8.477836726280186,31,0
17.724702742189937,8.477836726280186,9.640399031613308,31,0
13.499449137429629,8.477836726280186,5.306764342355084,31,0
8.652049457206953,6.701845443137692,7.720352684624374,31,0
15.358083158988938,8.477836726280186,8.071645446965604,31,0
11.863775678193134,6.17999166250593,8.071645446965604,31,0
10.320407559730626,4.770773729845297,5.561246245072022,31,0
6.969893389323933,9.640399031613308,5.561129200969259,31,0
9.502122333189151,7.965893826317638,4.132066572955452,31,0
3.7509096420007166,6.163864709476534,9.739645887862316,31,0
6.564509044249036,6.701845443137692,3.560202185707767,31,0
8.449712138140022,9.559807956251856,3.560202185707767,31,1
16.02419857126403,7.721297703716943,8.552804303369074,31,0
2.668641808068446,3.9472015350958176,6.439103860906958,31,0
4.473294663393079,6.491720179654395,5.561129200969259,31,0
15.474126250021584,6.163864709476534,9.559807956251856,31,0
12.89990175561015,6.439103860906958,6.491720179654395,31,0
15.598153760094958,8.477836726280186,7.721297703716943,31,0
3.981025274631768,7.721297703716943,4.132066572955452,31,0
3.8798535015293436,3.9472015350958176,5.4358755177805005,31,0
4.764061848787754,6.17999166250593,5.4358755177805005,31,0
11.759327769858938,3.9472015350958176,8.071645446965604,31,0
8.930532327668478,4.132066572955452,5.061115641370409,31,0
6.564509044249036,3.560202185707767,6.701845443137692,31,0
13.574034153599897,3.9472015350958176,9.640399031613308,31,0
10.847515134919425,7.720352684624374,3.560202185707767,31,0
8.566917391102603,5.061115641370409,4.770773729845297,31,0
8.652049457206953,6.701845443137692,7.720352684624374,31,0
11.60126033068297,7.721297703716943,3.9472015350958176,31,0
1.8362276520074614,5.061115641370409,6.439103860906958,31,1
3.309040586730944,6.701845443137692,5.4358755177805005,31,0
11.19402553392996,4.132066572955452,7.098279923712854,31,0
6.865042174209503,7.965893826317638,2.2543717334572264,31,0
5.755734239987753,5.061115641370409,8.477836726280186,31,0
8.384680217013464,2.9235423076663674,6.701845443137692,31,0
2.6876808403146724,6.17999166250593,7.965893826317638,31,1
9.286903355175003,3.560202185707767,8.071645446965604,31,0
6.014983497300979,7.720352684624374,5.561129200969259,31,0
7.539668366590103,6.163864709476534,4.132066572955452,31,0
4.764061848787754,6.17999166250593,5.4358755177805005,31,0
7.866875093053029,3.560202185707767,5.781008282602987,31,0
7.806064898846669,5.041802869755109,2.9235423076663674,31,0
7.7328163525036535,9.739645887862316,5.061115641370409,31,0
9.423591233703165,6.17999166250593,3.560202185707767,31,0
5.193394420463093,2.9235423076663674,6.491720179654395,31,0
1.3954077271609897,6.701845443137692,7.098279923712854,31,1
2.902493682513172,6.701845443137692,8.552804303369074,31,0
6.025323701384707,9.640399031613308,6.5388936189261,31,0
10.38055434372894,7.720352684624374,6.491720179654395,31,0
6.211983046779153,7.721297703716943,5.561129200969259,31,0
10.181738181155895,5.561129200969259,5.041802869755109,31,0
4.796603250696973,6.799607263320396,6.5388936189261,31,0
4.430120774001708,2.2543717334572264,5.306764342355084,31,0
8.930869062237933,5.041802869755109,8.071645446965604,31,0
11.377500018281925,6.163864709476534,7.721297703716943,31,0
12.201582942388201,6.17999166250593,8.477836726280186,31,0
1.7332920920891342,7.965893826317638,7.720352684624374,31,1
3.445352110954349,8.552804303369074,5.4358755177805005,31,1
9.43740303130423,2.9235423076663674,8.552804303369074,31,0
10.617839591280413,9.559807956251856,2.2543717334572264,31,0
14.65272368715502,9.559807956251856,7.098279923712854,31,0
11.97314697709881,6.5388936189261,5.4358755177805005,31,0
14.8430703169923,5.4358755177805005,9.559807956251856,31,0
12.451926131309182,6.5388936189261,6.439103860906958,31,0
5.370187219424158,3.9472015350958176,5.041802869755109,31,0
13.180254507073148,5.561246245072022,9.739645887862316,31,0
3.9848359835600227,6.5388936189261,9.559807956251856,31,1
5.4011512224088465,2.9235423076663674,6.799607263320396,31,0
12.563374490415626,5.041802869755109,7.965893826317638,31,0
3.835534463498914,5.4358755177805005,6.163864709476534,31,1
5.912439690760256,1.4793477940184372,6.799607263320396,31,1
8.080128918025256,5.561129200969259,6.5388936189261,31,0
3.475740090475798,1.4793477940184372,4.132066572955452,31,1
4.8757578004091044,1.4793477940184372,4.770773729845297,31,0
7.5785935208927,5.781008282602987,5.561129200969259,31,0
10.387231410377513,5.561246245072022,6.163864709476534,31,0
10.85427354168056,6.439103860906958,5.561129200969259,31,0
11.95893503101966,5.306764342355084,6.701845443137692,31,0
4.764061848787754,6.17999166250593,5.4358755177805005,31,0
9.170743156759187,3.560202185707767,6.163864709476534,31,0
14.245478540627415,5.4358755177805005,9.640399031613308,31,0
12.607221597628701,5.041802869755109,7.720352684624374,31,0
8.687878608614868,5.4358755177805005,4.132066572955452,31,0
8.640552055133476,7.720352684624374,3.9472015350958176,31,0
11.782091222198748,5.041802869755109,9.640399031613308,31,0
2.5499894419641946,7.721297703716943,5.306764342355084,31,1
9.43740303130423,8.552804303369074,2.9235423076663674,31,0
13.387634429773595,7.720352684624374,8.071645446965604,31,0
16.063425367287596,6.439103860906958,9.640399031613308,31,0
5.617211024310597,5.061115641370409,3.560202185707767,31,0
13.180254507073148,9.739645887862316,5.561246245072022,31,0
8.384680217013464,2.9235423076663674,6.701845443137692,31,0
3.4126516798265505,8.071645446965604,9.640399031613308,31,1
4.473294663393079,5.561129200969259,6.491720179654395,31,0
10.387231410377513,6.163864709476534,5.561246245072022,31,0
3.9872850987447617,8.477836726280186,5.561246245072022,31,1
2.8862295004750824,1.4793477940184372,2.2543717334572264,31,0
6.419759577298203,5.061115641370409,1.4793477940184372,31,0
7.39662378110191,8.477836726280186,8.552804303369074,31,0
11.86596916807689,7.721297703716943,5.561246245072022,31,0
5.6082494841174055,3.1779386331895747,7.144925073162029,35,0
6.896668076146827,0.7396458938391939,7.101035617713359,35,0
10.41178897556707,10.2079960136485,1.582252447228167,35,0
2.972768800607246,5.722988517017248,7.175187276222862,35,0
15.818768475930879,8.647322519479124,7.4248248632878155,35,0
14.014063801475178,6.359478705650893,9.916579809884913,35,0
8.31129609561971,3.074875868308506,9.916579809884913,35,0
6.143044992273845,7.175187276222862,3.0540433292803213,35,0
2.7343177098215414,7.4248248632878155,4.929250846160314,35,1
17.253130967416986,9.916579809884913,7.4248248632878155,35,0
6.974250512484532,7.101035617713359,4.763671142157133,35,0
9.709350963646376,7.832364223336147,3.221663058145123,35,0
3.801170154183381,3.3968431843457254,6.101166064366453,35,0
9.016568019466668,8.647322519479124,3.1779386331895747,35,0
6.3783348647559714,3.1779386331895747,3.221663058145123,35,0
15.78440421728671,8.647322519479124,7.175187276222862,35,0
4.402014254957913,7.317074783903362,3.0540433292803213,35,1
7.5758892614428675,7.317074783903362,7.308613931232519,35,0
13.86027258998225,7.144925073162029,7.175187276222862,35,0
2.8446465908147833,5.722988517017248,3.0569810102082995,35,1
7.748783937254981,1.582252447228167,8.647322519479124,35,0
0.9441333494206997,7.832364223336147,7.144925073162029,35,1
12.040259021958926,5.043072843619315,7.101035617713359,35,0
4.71383304243027,6.101166064366453,5.722988517017248,35,0
8.610752219292712,7.144925073162029,6.101166064366453,35,0
5.663125698336097,4.929250846160314,5.16265084051975,35,0
6.692845418251228,0.7396458938391939,6.101166064366453,35,0
7.222376019654958,3.074875868308506,4.147531410551564,35,0
6.871311233584541,7.23211202997455,3.221663058145123,35,0
7.973410541427086,8.647322519479124,0.7396458938391939,35,0
12.206671935619767,6.322483762645765,7.832364223336147,35,0
13.873138337806553,7.317074783903362,7.832364223336147,35,0
3.495931135135907,0.7396458938391939,3.1779386331895747,35,0
3.175832176988044,0.7539763893120774,3.074875868308506,35,1
3.6792942836318296,3.0569810102082995,1.582252447228167,35,0
8.380769686776594,4.763671142157133,4.147531410551564,35,0
10.811886645673507,5.16265084051975,8.585150714674516,35,0
13.424924586372613,7.175187276222862,7.101035617713359,35,0
10.976344356739673,7.832364223336147,4.929250846160314,35,0
3.870017904000312,5.16265084051975,1.582252447228167,35,0
8.40243448703279,7.175187276222862,1.582252447228167,35,0
5.812994042724854,3.074875868308506,8.647322519479124,35,0
1.348186008061773,1.582252447228167,0.7539763893120774,35,1
1.554331775708368,1.582252447228167,0.7396458938391939,35,1
7.759354231722979,1.582252447228167,6.38309950549727,35,0
9.709350963646376,3.221663058145123,7.832364223336147,35,0
9.762496961331822,3.0540433292803213,8.877497578845256,35,0
10.992769115477907,10.2079960136485,7.018381070205492,35,0
7.3712972338551035,7.018381070205492,0.7396458938391939,35,0
3.435428884001583,8.877497578845256,7.308613931232519,35,1
6.236370827189946,8.585150714674516,10.2079960136485,35,1
7.742472696420727,7.175187276222862,3.221663058145123,35,0
4.668452530071092,7.101035617713359,3.074875868308506,35,0
4.537430433610795,6.38309950549727,5.043072843619315,35,0
15.19596342882662,7.832364223336147,8.760760789004395,35,0
17.253343055194087,8.647322519479124,8.760760789004395,35,0
10.50243023475196,7.832364223336147,3.0540433292803213,35,0
4.674068058054405,4.929250846160314,3.3968431843457254,35,0
8.24331156345358,8.877497578845256,3.221663058145123,35,0
4.563426124195808,4.929250846160314,7.175187276222862,35,0
9.484188706648037,3.1779386331895747,6.322483762645765,35,0
10.41178897556707,10.2079960136485,1.582252447228167,35,0
7.717317435912695,6.322483762645765,3.074875868308506,35,0
2.7159537993822163,7.018381070205492,6.38309950549727,35,0
14.675868142056213,7.832364223336147,7.175187276222862,35,0
10.083399108085489,5.16265084051975,5.043072843619315,35,0
5.108416414640542,7.5862813553030914,3.3968431843457254,35,1
10.28571165320911,7.018381070205492,6.101166064366453,35,0
6.4647718503931815,3.1779386331895747,4.763671142157133,35,0
8.417053556693807,7.175187276222862,3.1779386331895747,35,0
3.592560054528113,7.4248248632878155,7.175187276222862,35,0
2.7820409881781645,6.359478705650893,7.175187276222862,35,0
17.231007458692066,8.647322519479124,8.585150714674516,35,0
3.686776250496027,5.16265084051975,6.101166064366453,35,0
4.6886643519460725,5.722988517017248,7.23211202997455,35,0
1.554331775708368,0.7396458938391939,1.582252447228167,35,1
3.88977706187208,4.147531410551564,4.929250846160314,35,0
7.8166527880123775,7.175187276222862,0.7396458938391939,35,0
14.190716133885937,6.359478705650893,7.832364223336147,35,0
7.548259508889241,7.5862813553030914,4.763671142157133,35,0
20.112906139396667,10.2079960136485,9.916579809884913,35,0
8.841951350621176,3.0540433292803213,8.760760789004395,35,0
7.743797893928838,0.7396458938391939,7.23211202997455,35,0
5.521951116075636,7.101035617713359,1.582252447228167,35,0
11.417848168640234,8.647322519479124,3.0569810102082995,35,0
15.19596342882662,7.832364223336147,8.760760789004395,35,0
5.874450970213928,7.832364223336147,5.16265084051975,35,0
6.692845418251228,0.7396458938391939,6.101166064366453,35,0
6.59601252396318,0.7396458938391939,7.308613931232519,35,0
3.523573245453574,8.585150714674516,5.722988517017248,35,0
6.1160932708583715,3.1779386331895747,4.147531410551564,35,0
4.882076563501003,4.929250846160314,6.38309950549727,35,0
1.4279611466180302,7.175187276222862,6.38309950549727,35,1
7.743797893928838,0.7396458938391939,7.23211202997455,35,0
7.7874478738912,3.0540433292803213,8.585150714674516,35,0
4.535274248784014,4.763671142157133,8.647322519479124,35,0
5.793838671407959,3.221663058145123,7.018381070205492,35,0
4.634716743897027,4.147531410551564,3.221663058145123,35,0
1.6669191114445607,7.175187276222862,8.585150714674516,35,0
2.236576884814065,4.147531410551564,6.38309950549727,35,1
5.382764418148509,1.582252447228167,4.929250846160314,35,0
8.060622246249256,5.043072843619315,3.1779386331895747,35,0
14.738705665119955,7.5862813553030914,8.585150714674516,35,0
10.03329038896921,4.763671142157133,6.359478705650893,35,0
7.227478192802835,0.7539763893120774,7.5862813553030914,35,0
7.329228606788761,0.7539763893120774,7.018381070205492,35,0
5.355308987180504,3.1779386331895747,7.5862813553030914,35,1
11.797477601823797,3.3968431843457254,9.916579809884913,35,0
3.267862349472565,5.722988517017248,4.147531410551564,35,0
6.355126837638513,7.832364223336147,1.582252447228167,35,0
11.067116588393237,7.308613931232519,7.018381070205492,35,0
7.094983722887031,7.175187276222862,10.2079960136485,35,0
6.871311233584541,7.23211202997455,3.221663058145123,35,0
3.6502397200355605,7.4248248632878155,10.2079960136485,35,0
5.256440045548078,10.2079960136485,5.722988517017248,35,0
2.7820409881781645,7.175187276222862,6.359478705650893,35,0
14.436632192370332,8.585150714674516,7.101035617713359,35,0
9.02200611888339,10.2079960136485,3.3968431843457254,35,0
9.405902008873603,1.3008812177740001,8.29668044109382,28,0
7.342276492070375,7.073779804394914,2.67980446409306,28,0
15.534724259605804,7.073779804394914,8.809503769846168,28,0
8.757061759864483,1.5610627930875802,8.643715213131072,28,0
6.277527227154949,4.976681456475551,1.3008812177740001,28,0
5.698526825609958,6.000310867959023,0.33702740967620404,28,0
10.484312213035285,1.3008812177740001,9.332364718102138,28,0
9.097670504521998,10.280265274672598,1.3008812177740001,28,0
7.342276492070375,2.67980446409306,7.073779804394914,28,0
6.106433978366157,8.809503769846168,6.63323185171299,28,0
16.775684049496263,9.199836407604987,8.29668044109382,28,0
5.981892026836404,6.20619108385939,0.33702740967620404,28,0
10.17004207435231,7.073779804394914,9.199836407604987,28,0
5.922809911671134,4.053846016406223,5.12161328054639,28,0
3.266161387640544,8.29668044109382,5.12161328054639,28,0
12.988472476047935,9.332364718102138,4.053846016406223,28,0
2.3785791397322873,4.053846016406223,2.67980446409306,28,1
5.933718013159103,3.022549532314989,7.538998197692594,28,0
13.976320149340692,9.199836407604987,5.12161328054639,28,0
12.497895439573144,3.3960914051646993,9.199836407604987,28,0
1.3620248625095615,6.20619108385939,4.976681456475551,28,1
4.781800280496427,8.643715213131072,6.63323185171299,28,0
2.3785791397322873,4.053846016406223,2.67980446409306,28,1
9.125850909106775,1.288978928183544,10.280265274672598,28,0
12.497895439573144,9.199836407604987,3.3960914051646993,28,0
13.278583195675916,6.20619108385939,8.069162570882943,28,0
12.119441082224476,6.065488696568669,8.809503769846168,28,0
12.292949461406192,7.538998197692594,6.506086513159246,28,0
3.4413849197937734,8.29668044109382,6.63323185171299,28,1
7.872188157225355,2.005841928382567,8.009903821557423,28,0
5.69596383783987,8.29668044109382,4.6640147153649965,28,0
10.378901170571405,4.6640147153649965,8.643715213131072,28,0
12.71797494828689,8.009903821557423,9.332364718102138,28,0
12.567540914408028,4.053846016406223,8.809503769846168,28,0
8.882693354538171,8.069162570882943,3.3960914051646993,28,0
12.692230623394098,8.643715213131072,6.065488696568669,28,0
1.9288084275854225,4.976681456475551,6.63323185171299,28,1
9.258406290997097,9.332364718102138,1.5610627930875802,28,0
9.104679107589638,9.199836407604987,0.33702740967620404,28,0
2.020485757543568,2.67980446409306,1.288978928183544,28,1
12.497895439573144,9.199836407604987,3.3960914051646993,28,0
15.534724259605804,7.073779804394914,8.809503769846168,28,0
8.093382497676602,6.506086513159246,2.005841928382567,28,0
6.487937499325354,8.009903821557423,1.5610627930875802,28,0
9.627081572795394,8.29668044109382,1.5610627930875802,28,0
7.9164318097392,6.63323185171299,1.3008812177740001,28,0
0.6044135519307832,6.20619108385939,6.63323185171299,28,1
5.896103840001902,6.20619108385939,7.538998197692594,28,0
4.373114265907093,0.33702740967620404,4.053846016406223,28,0
9.314063738883851,6.000310867959023,4.053846016406223,28,0
7.4747427257458785,2.005841928382567,5.6078515076690145,28,0
4.193948686169241,1.5610627930875802,2.67980446409306,28,0
3.4491693250245983,3.3960914051646993,1.288978928183544,28,0
12.396127680021685,4.976681456475551,8.069162570882943,28,0
2.0303525415819514,3.022549532314989,4.976681456475551,28,0
1.74580812991581,5.6078515076690145,4.053846016406223,28,1
5.562064571819013,6.506086513159246,4.053846016406223,28,0
10.435835722006534,6.065488696568669,4.976681456475551,28,0
12.949895325938025,10.280265274672598,3.022549532314989,28,0
6.972140944836904,8.29668044109382,2.67980446409306,28,0
9.807796764613313,1.288978928183544,9.199836407604987,28,0
11.705252421305506,8.009903821557423,8.069162570882943,28,0
4.784405093871287,6.065488696568669,9.199836407604987,28,1
3.4491693250245983,1.288978928183544,3.3960914051646993,28,0
6.426124306158031,0.33702740967620404,6.63323185171299,28,0
3.803598120912839,10.280265274672598,7.073779804394914,28,1
6.77228340505691,6.506086513159246,0.33702740967620404,28,0
10.467771875539958,4.053846016406223,8.009903821557423,28,0
12.567540914408028,4.053846016406223,8.809503769846168,28,0
9.001875251880463,9.332364718102138,0.33702740967620404,28,0
5.164409136877306,1.5610627930875802,4.053846016406223,28,0
1.046571690452378,6.506086513159246,7.073779804394914,28,1
16.1567440922285,7.073779804394914,9.332364718102138,28,0
14.103760824462547,6.506086513159246,8.29668044109382,28,0
5.79375221740589,1.3008812177740001,7.073779804394914,28,0
4.429609033068508,4.6640147153649965,3.022549532314989,28,0
10.435835722006534,4.976681456475551,6.065488696568669,28,0
10.060470817848794,2.005841928382567,8.069162570882943,28,0
12.363526183330151,9.199836407604987,9.332364718102138,28,0
9.920480174783092,8.809503769846168,1.3008812177740001,28,0
7.58602033027674,7.538998197692594,0.33702740967620404,28,0
6.872735103794846,3.022549532314989,8.809503769846168,28,0
7.415016807756203,9.332364718102138,2.005841928382567,28,0
7.03579319940453,1.288978928183544,6.20619108385939,28,0
8.157179577426767,2.005841928382567,7.538998197692594,28,0
12.074520544497886,4.053846016406223,9.199836407604987,28,0
5.538996176745623,3.3960914051646993,6.000310867959023,28,0
1.6698359856393508,2.005841928382567,0.33702740967620404,28,1
14.092637009677718,9.332364718102138,5.6078515076690145,28,0
12.873605620386467,6.065488696568669,9.332364718102138,28,0
7.872188157225355,2.005841928382567,8.009903821557423,28,0
11.185897966663942,5.12161328054639,6.065488696568669,28,0
9.405207287029056,5.6078515076690145,6.63323185171299,28,0
3.3646226894156888,2.67980446409306,5.6078515076690145,28,1
15.534724259605804,7.073779804394914,8.809503769846168,28,0
6.14659999976461,1.5610627930875802,6.506086513159246,28,0
3.2452352681731105,5.6078515076690145,4.6640147153649965,28,0
10.284901181530802,3.022549532314989,8.009903821557423,28,0
7.96551197899502,7.538998197692594,6.000310867959023,28,0
14.30518442359004,8.29668044109382,7.073779804394914,28,0
10.67095226457004,10.280265274672598,4.6640147153649965,28,0
8.769772451545705,1.3008812177740001,9.199836407604987,28,1
8.668681905264682,9.199836407604987,2.005841928382567,28,0
10.378901170571405,8.643715213131072,4.6640147153649965,28,0
3.803598120912839,10.280265274672598,7.073779804394914,28,1
4.781800280496427,6.63323185171299,8.643715213131072,28,0
4.908323147751577,3.3960914051646993,1.5610627930875802,28,0
3.119916839843109,8.069162570882943,10.280265274672598,28,1
7.371890021741806,8.009903821557423,1.3008812177740001,28,1
12.647660772041526,8.643715213131072,9.199836407604987,28,0
5.904876546280043,0.33702740967620404,5.6078515076690145,28,0
7.872188157225355,8.009903821557423,2.005841928382567,28,0
5.87323655772781,3.022549532314989,4.053846016406223,28,0
1.4881505563228996,0.33702740967620404,1.5610627930875802,28,1
9.001875251880463,9.332364718102138,0.33702740967620404,28,0
8.405537420042096,0.33702740967620404,8.069162570882943,28,0
14.087010341851817,8.626855792101722,5.84587837012518,18,0
7.925206306447784,4.9226139039391175,3.915119684108576,18,0
9.229165444103488,6.666165251649513,7.205864848658218,18,1
8.892276189453039,9.182343953805692,4.9226139039391175,18,0
2.2378657445623586,4.9226139039391175,7.158383481354671,18,1
5.5212548349489134,4.6725925947177025,4.9226139039391175,18,0
11.152848311865652,8.584931245470859,4.6725925947177025,18,0
11.575486918148588,6.083796126020489,5.658763292788807,18,0
7.310963557185801,5.644870948302483,5.32475005120033,18,0
3.7344990042466035,7.205864848658218,4.4865635392360135,18,1
15.364896579561846,8.22473598061441,7.205864848658218,18,0
9.912613847966348,4.342150896531644,5.658763292788807,18,0
12.584172166306725,4.4865635392360135,8.14166278202316,18,0
7.028101267131042,4.6725925947177025,7.158383481354671,18,0
15.743243985907265,8.584931245470859,7.158383481354671,18,0
13.021928347758193,8.14166278202316,8.626855792101722,18,0
10.999989474296017,5.644870948302483,8.626855792101722,18,0
14.174032983669498,5.84587837012518,8.584931245470859,18,0
12.60644266031516,8.22473598061441,4.4865635392360135,18,0
9.189873820187161,7.158383481354671,8.14166278202316,18,0
1.1655673723599411,9.182343953805692,8.14166278202316,18,1
3.7344990042466035,4.4865635392360135,7.205864848658218,18,1
7.771166052184961,3.915119684108576,5.84587837012518,18,0
12.027867950949979,6.666165251649513,8.22473598061441,18,0
9.982211203525562,7.158383481354671,3.915119684108576,18,0
1.1655673723599411,8.14166278202316,9.182343953805692,18,1
2.0224035877671422,4.342150896531644,4.6725925947177025,18,0
8.238424617285602,4.342150896531644,5.32475005120033,18,0
15.772477190538979,7.158383481354671,8.626855792101722,18,0
11.333900500437178,8.584931245470859,5.644870948302483,18,0
14.16464006703865,9.182343953805692,8.626855792101722,18,0
11.170060763431243,5.644870948302483,5.658763292788807,18,0
5.605992123543802,5.84587837012518,6.083796126020489,18,0
14.585464388658949,8.584931245470859,9.182343953805692,18,0
2.1440330122164717,8.14166278202316,6.083796126020489,18,1
9.229165444103488,7.205864848658218,6.666165251649513,18,1
13.070555860234046,7.205864848658218,6.083796126020489,18,0
11.575486918148588,5.658763292788807,6.083796126020489,18,0
8.41214637048917,6.083796126020489,7.158383481354671,18,0
1.6475993634521808,6.083796126020489,4.6725925947177025,18,0
13.433564097714529,8.14166278202316,8.584931245470859,18,0
2.4899172091246684,8.22473598061441,6.083796126020489,18,1
7.142317106818403,5.32475005120033,4.6725925947177025,18,0
7.65031306649511,7.205864848658218,8.584931245470859,18,0
10.446789503346439,5.644870948302483,6.666165251649513,18,0
7.961469026226517,7.205864848658218,5.32475005120033,18,0
9.912613847966348,5.658763292788807,4.342150896531644,18,0
12.450896972816853,5.84587837012518,7.205864848658218,18,0
9.272902444480817,4.6725925947177025,6.666165251649513,18,0
11.962880430010735,8.626855792101722,4.342150896531644,18,0
2.8351029163248262,5.84587837012518,7.158383481354671,18,1
14.16464006703865,8.626855792101722,9.182343953805692,18,0
14.614594225052159,6.666165251649513,8.626855792101722,18,0
12.584172166306725,4.4865635392360135,8.14166278202316,18,0
10.290682054451047,4.6725925947177025,5.658763292788807,18,0
14.367384031320237,8.584931245470859,6.666165251649513,18,0
15.743243985907265,8.584931245470859,7.158383481354671,18,0
7.310963557185801,5.644870948302483,5.32475005120033,18,0
7.142317106818403,4.6725925947177025,5.32475005120033,18,0
8.308470811023204,4.9226139039391175,8.14166278202316,18,0
0.7769283077468261,8.14166278202316,8.22473598061441,18,1
9.961500576389426,8.22473598061441,5.32475005120033,18,0
1.5566711560746027,7.205864848658218,5.658763292788807,18,1
8.30055058943846,4.4865635392360135,4.342150896531644,18,0
15.364896579561846,7.205864848658218,8.22473598061441,18,0
11.818761749695724,4.6725925947177025,7.205864848658218,18,0
0.7769283077468261,8.22473598061441,8.14166278202316,18,1
14.087010341851817,8.626855792101722,5.84587837012518,18,0
6.75435907171217,8.626855792101722,3.915119684108576,18,1
2.4899172091246684,8.22473598061441,6.083796126020489,18,1
15.772477190538979,8.626855792101722,7.158383481354671,18,0
9.468624851276315,5.32475005120033,8.14166278202316,18,0
14.776791988564199,9.182343953805692,5.658763292788807,18,0
11.170060763431243,5.644870948302483,5.658763292788807,18,0
3.0230712528932795,5.32475005120033,3.915119684108576,18,1
7.946765399967035,8.626855792101722,5.658763292788807,18,0
4.3193850214710015,4.6725925947177025,5.84587837012518,18,0
1.6475993634521808,4.6725925947177025,6.083796126020489,18,0
9.52230267080622,7.158383481354671,9.182343953805692,18,0
4.658625855999246,7.158383481354671,6.666165251649513,18,0
11.502422186702072,8.584931245470859,6.083796126020489,18,0
8.308470811023204,8.14166278202316,4.9226139039391175,18,0
4.1445443628828365,4.6725925947177025,3.915119684108576,18,0
8.036369240129208,3.915119684108576,5.658763292788807,18,0
11.14216708014598,8.626855792101722,6.083796126020489,18,0
1.0014267169056474,8.22473598061441,9.182343953805692,18,1
11.177210411925868,7.158383481354671,5.658763292788807,18,0
5.887732252670209,5.84587837012518,8.22473598061441,18,0
12.30165099752232,5.32475005120033,7.158383481354671,18,0
13.021928347758193,8.626855792101722,8.14166278202316,18,0
6.443730576072275,6.666165251649513,5.84587837012518,18,0
10.290682054451047,5.658763292788807,4.6725925947177025,18,0
9.961500576389426,5.32475005120033,8.22473598061441,18,0
7.711908911807959,4.4865635392360135,5.32475005120033,18,0
7.049229735080959,8.584931245470859,3.915119684108576,18,1
2.357967246817982,5.84587837012518,4.9226139039391175,18,1
7.717994265789938,9.182343953805692,3.915119684108576,18,0
16.29170834822565,9.182343953805692,7.205864848658218,18,0
7.931700107060105,8.22473598061441,4.9226139039391175,18,0
6.6467886814361234,4.9226139039391175,5.644870948302483,18,0
9.961500576389426,5.32475005120033,8.22473598061441,18,0
10.891189892679387,8.626855792101722,4.6725925947177025,18,0
11.333900500437178,5.644870948302483,8.584931245470859,18,0
15.364896579561846,7.205864848658218,8.22473598061441,18,0
1.6475993634521808,6.083796126020489,4.6725925947177025,18,0
3.6346233353393784,5.644870948302483,9.182343953805692,18,0
6.992894372635852,3.915119684108576,8.22473598061441,18,0
4.3193850214710015,5.84587837012518,4.6725925947177025,18,0
6.992894372635852,8.22473598061441,3.915119684108576,18,0
5.631980707564652,4.342150896531644,9.182343953805692,18,0
10.891189892679387,8.626855792101722,4.6725925947177025,18,0
1.0014267169056474,8.22473598061441,9.182343953805692,18,1
2.4899172091246684,6.083796126020489,8.22473598061441,18,1
2.5247622003657866,8.14166278202316,5.644870948302483,18,0
10.568828765322994,6.944022246397944,6.764359311554838,23,0
11.390914507126267,8.01085869821078,5.738397498765305,23,0
11.223003561942473,1.8025774147365374,9.677245892905159,23,0
7.865679945744669,6.4064719628159965,8.01085869821078,23,1
8.570175488183036,5.250219464680666,6.138738368675857,23,0
6.017779599426855,3.7006263957175665,4.5077235579921275,23,0
9.497984083988221,8.455263118035523,5.738397498765305,23,0
11.988728166686215,7.4927146302280025,5.250219464680666,23,0
2.4543929141230096,6.4064719628159965,4.870871964279588,23,0
0.809048222935281,6.138738368675857,5.738397498765305,23,0
2.7106984783453565,8.01085869821078,5.3141688270017795,23,0
11.066800107514583,6.138738368675857,9.677245892905159,23,0
12.49355125615515,8.455263118035523,6.944022246397944,23,0
11.202483088677202,5.409795716868483,6.764359311554838,23,0
3.249275413291142,6.444663426385124,6.138738368675857,23,0
12.002902786797971,5.738397498765305,7.4927146302280025,23,0
10.482323511494844,6.944022246397944,4.870871964279588,23,0
12.23811515310832,10.054437363575554,6.4064719628159965,23,0
5.048139452605306,8.455263118035523,3.7006263957175665,23,0
6.097348641848492,3.7006263957175665,8.01085869821078,23,0
10.306542595248036,8.455263118035523,6.138738368675857,23,0
5.57104001279891,3.12761035080159,2.5400884429404895,23,0
4.267827909968127,4.865636477999024,1.8025774147365374,23,0
7.496290783037436,6.444663426385124,8.455263118035523,23,0
10.536797850730682,4.865636477999024,9.677245892905159,23,0
9.67876849117708,5.3141688270017795,6.138738368675857,23,0
4.648626731527766,6.944022246397944,3.604629796114725,23,0
6.747240838635635,4.870871964279588,2.5400884429404895,23,0
3.7445661445440948,4.870871964279588,5.3141688270017795,23,1
6.954216878539918,5.250219464680666,1.8025774147365374,23,0
3.582996395392009,5.250219464680666,8.01085869821078,23,0
12.23811515310832,6.4064719628159965,10.054437363575554,23,0
5.0648351345748575,3.604629796114725,3.7006263957175665,23,0
5.670860206821038,3.7006263957175665,2.5400884429404895,23,0
11.557321118226321,10.054437363575554,7.322802052665938,23,0
9.695368074375965,3.7006263957175665,6.764359311554838,23,0
11.557321118226321,10.054437363575554,7.322802052665938,23,0
4.196079101265059,3.12761035080159,7.322802052665938,23,1
9.76127594604913,5.409795716868483,6.4064719628159965,23,0
4.963332075521044,1.8025774147365374,6.764359311554838,23,0
5.738042431292413,3.12761035080159,3.604629796114725,23,0
11.689321734741212,7.4927146302280025,10.054437363575554,23,0
5.556965600015706,9.677245892905159,6.4064719628159965,23,1
12.14135715092852,8.01085869821078,6.138738368675857,23,0
5.945344383567936,4.5077235579921275,8.01085869821078,23,0
9.578635292210723,3.7006263957175665,6.944022246397944,23,0
8.618137660875753,5.3141688270017795,4.865636477999024,23,0
3.3133827571959333,3.12761035080159,4.865636477999024,23,0
8.227122774721211,2.5400884429404895,5.738397498765305,23,0
9.34501175051684,6.944022246397944,5.250219464680666,23,0
5.085780293988707,4.865636477999024,3.7006263957175665,23,0
6.16037707639559,5.3141688270017795,6.4064719628159965,23,0
8.227122774721211,2.5400884429404895,5.738397498765305,23,0
16.64328231532248,7.4927146302280025,9.677245892905159,23,0
5.127160772138255,1.8025774147365374,3.604629796114725,23,0
3.3209490577900107,4.865636477999024,6.444663426385124,23,0
13.760875145742558,9.677245892905159,6.944022246397944,23,0
3.3209490577900107,6.444663426385124,4.865636477999024,23,0
3.1199997507858224,6.4064719628159965,3.7006263957175665,23,0
5.216340936358816,4.865636477999024,6.4064719628159965,23,0
2.5372385254728855,6.444663426385124,6.4064719628159965,23,0
10.544090702534357,7.4927146302280025,3.12761035080159,23,0
13.390838989131101,8.01085869821078,7.4927146302280025,23,0
13.942179860638905,7.322802052665938,6.944022246397944,23,0
12.949225180224623,6.138738368675857,6.944022246397944,23,0
15.065048665493038,5.3141688270017795,10.054437363575554,23,0
1.8455846650137306,5.409795716868483,3.604629796114725,23,1
5.036392064174611,6.944022246397944,7.4927146302280025,23,1
1.7961812166494089,3.7006263957175665,3.12761035080159,23,0
11.066800107514583,6.138738368675857,9.677245892905159,23,0
0.9063342636270035,5.409795716868483,4.5077235579921275,23,1
17.74995147333309,8.01085869821078,10.054437363575554,23,0
5.837280962317756,5.409795716868483,5.250219464680666,23,0
10.544090702534357,7.4927146302280025,3.12761035080159,23,0
7.479660891530808,4.5077235579921275,7.4927146302280025,23,0
11.077873737617587,7.322802052665938,6.764359311554838,23,0
11.557321118226321,10.054437363575554,7.322802052665938,23,0
10.259560524761806,9.677245892905159,5.738397498765305,23,0
10.147259969296021,10.054437363575554,3.12761035080159,23,0
2.2215856888285783,4.870871964279588,5.250219464680666,23,1
2.5372385254728855,6.4064719628159965,6.444663426385124,23,0
15.841444922513848,6.764359311554838,9.677245892905159,23,0
9.078587430034277,5.738397498765305,3.604629796114725,23,0
7.479660891530808,4.5077235579921275,7.4927146302280025,23,0
5.874674959936106,3.604629796114725,4.870871964279588,23,0
2.2215856888285783,4.870871964279588,5.250219464680666,23,1
2.539093869328192,3.7006263957175665,5.250219464680666,23,1
11.486567855301272,2.5400884429404895,10.054437363575554,23,0
13.942179860638905,7.322802052665938,6.944022246397944,23,0
4.9663019123337175,6.4064719628159965,8.455263118035523,23,1
7.293152887338724,2.5400884429404895,4.865636477999024,23,0
8.96687339105223,5.3141688270017795,5.738397498765305,23,0
9.544992774660901,6.764359311554838,6.444663426385124,23,0
8.105669261511117,2.5400884429404895,8.01085869821078,23,0
6.337872132010918,5.250219464680666,2.5400884429404895,23,0
10.991578192463905,2.5400884429404895,9.677245892905159,23,0
7.17604282738558,6.764359311554838,5.738397498765305,23,0
8.570175488183036,6.138738368675857,5.250219464680666,23,0
5.449420153014244,5.250219464680666,4.5077235579921275,23,0
5.685740465559562,9.677245892905159,5.3141688270017795,23,0
4.121138214665776,5.738397498765305,7.322802052665938,23,1
11.689321734741212,10.054437363575554,7.4927146302280025,23,0
5.801383288606236,3.604629796114725,8.01085869821078,23,0
6.337872132010918,5.250219464680666,2.5400884429404895,23,0
8.07610341345343,5.3141688270017795,6.944022246397944,23,0
14.66935513376036,7.4927146302280025,7.322802052665938,23,0
12.692569598615277,6.944022246397944,6.4064719628159965,23,0
5.216340936358816,4.865636477999024,6.4064719628159965,23,0
4.834446033947191,6.138738368675857,7.322802052665938,23,0
0.9969233638155045,4.5077235579921275,3.604629796114725,23,1
5.556965600015706,6.4064719628159965,9.677245892905159,23,1
10.554057877398067,4.5077235579921275,6.138738368675857,23,0
1.5944772592812235,7.322802052665938,6.444663426385124,23,1
9.078587430034277,3.604629796114725,5.738397498765305,23,0
7.8843679265528275,5.409795716868483,7.4927146302280025,23,0
3.6559328314017345,5.738397498765305,3.12761035080159,23,1
10.510946952776779,10.630096817605182,1.9112542845146354,30,0
17.551902672300603,9.792653173806093,7.765455154605179,30,0
5.422915132386579,5.682954887033216,8.891063920683917,30,1
11.848891675846561,9.792653173806093,7.185607500226771,30,0
5.0686641341718,5.682954887033216,4.353622020785637,30,0
9.601501715827625,9.280145593500327,4.842646684765678,30,0
7.65661164355382,2.2201423549234263,5.450592689625956,30,0
7.714044039013372,5.863141165568261,4.842646684765678,30,0
12.19563867549936,7.185607500226771,8.269189177631468,30,0
7.465680701842276,5.450592689625956,5.682954887033216,30,0
7.321653262291717,5.83363000634223,8.438434318123432,30,0
8.149102577287413,7.205856689817668,7.185607500226771,30,0
9.622615893066005,6.992799994879249,9.792653173806093,30,0
9.372388710688618,4.353622020785637,10.630096817605182,30,0
15.526107297972953,6.0269645993107135,10.630096817605182,30,0
13.566036046223356,8.269189177631468,5.316125919070126,30,0
12.244330113400634,6.461047089909859,9.280145593500327,30,0
5.763961897819986,2.2201423549234263,3.666333929096778,30,0
6.046191643270762,7.83437732082154,6.461047089909859,30,0
13.940989872750123,5.316125919070126,9.280145593500327,30,0
16.269191961168985,8.593149814878714,7.765455154605179,30,0
6.046191643270762,6.461047089909859,7.83437732082154,30,0
12.244330113400634,9.280145593500327,6.461047089909859,30,0
11.357622307378476,5.83363000634223,7.520441853280915,30,0
6.046191643270762,6.461047089909859,7.83437732082154,30,0
8.075521083633857,7.605131912255988,1.9112542845146354,30,0
7.396528730384738,7.205856689817668,10.630096817605182,30,0
11.823609775108407,8.891063920683917,3.666333929096778,30,0
5.98855949640818,4.353622020785637,1.9112542845146354,30,0
11.106877313272504,4.842646684765678,8.438434318123432,30,0
5.49476794173399,4.842646684765678,5.316125919070126,30,0
13.908094989013582,5.83363000634223,8.269189177631468,30,0
6.2914485594129355,7.185607500226771,5.83363000634223,30,0
11.218948558548597,7.605131912255988,8.438434318123432,30,0
13.38270595478161,6.461047089909859,8.269189177631468,30,0
8.172881414499232,8.593149814878714,5.450592689625956,30,0
11.150708091152355,7.605131912255988,9.280145593500327,30,0
6.046191643270762,7.83437732082154,6.461047089909859,30,0
7.285354700724492,10.630096817605182,3.666333929096778,30,0
16.285974080781447,8.891063920683917,7.83437732082154,30,0
6.99465897089906,5.316125919070126,5.450592689625956,30,0
15.446017027685494,8.269189177631468,7.205856689817668,30,0
8.180481952999731,2.2201423549234263,6.742601754923434,30,0
14.675534979868528,7.520441853280915,7.185607500226771,30,0
12.893544155668991,7.605131912255988,5.83363000634223,30,0
2.3876013315542344,7.185607500226771,4.842646684765678,30,1
5.183914766710132,2.2201423549234263,3.4948013778934706,30,0
2.9517299417975535,5.863141165568261,8.593149814878714,30,0
17.452717241026974,10.630096817605182,7.520441853280915,30,0
3.3192623466619167,5.316125919070126,7.765455154605179,30,0
0.8473086889855542,5.863141165568261,5.682954887033216,30,0
10.824870094798323,4.842646684765678,8.269189177631468,30,0
7.396528730384738,7.205856689817668,10.630096817605182,30,0
4.993238414811099,3.666333929096778,5.316125919070126,30,0
6.929114202472792,7.189489617325975,1.9112542845146354,30,0
8.766261774537684,6.0269645993107135,5.450592689625956,30,0
7.564188805932124,8.891063920683917,6.742601754923434,30,0
3.638144346264579,7.189489617325975,4.842646684765678,30,0
5.80775001021615,5.316125919070126,2.2201423549234263,30,0
14.243008341786453,6.992799994879249,8.438434318123432,30,0
7.357788556546284,2.2201423549234263,7.765455154605179,30,0
11.547961713171492,7.189489617325975,5.682954887033216,30,0
8.814011510930895,4.842646684765678,7.765455154605179,30,0
17.6590068741824,8.438434318123432,9.280145593500327,30,0
8.653223665142745,6.742601754923434,1.9112542845146354,30,0
3.7814169678520138,8.593149814878714,8.269189177631468,30,1
15.064387877821177,6.461047089909859,8.891063920683917,30,0
13.360124161906086,8.438434318123432,6.0269645993107135,30,0
3.1474310503660026,5.863141165568261,8.269189177631468,30,0
13.577044466357759,10.630096817605182,8.438434318123432,30,0
8.076414866325011,4.842646684765678,5.682954887033216,30,0
4.993238414811099,3.666333929096778,5.316125919070126,30,0
10.475779632731216,4.353622020785637,7.605131912255988,30,0
9.967036593959763,8.269189177631468,1.9112542845146354,30,0
14.677931195042149,7.189489617325975,9.792653173806093,30,0
6.567682136203056,6.742601754923434,5.450592689625956,30,0
8.149102577287413,7.185607500226771,7.205856689817668,30,0
7.617159127246566,7.205856689817668,2.2201423549234263,30,0
7.018020670846358,5.450592689625956,10.630096817605182,30,0
12.539673747322029,8.891063920683917,5.450592689625956,30,0
8.526757433419846,7.185607500226771,6.742601754923434,30,0
6.99465897089906,5.316125919070126,5.450592689625956,30,0
16.103058375464666,7.83437732082154,8.269189177631468,30,0
3.932825817696276,6.742601754923434,6.0269645993107135,30,0
14.041488631086914,8.438434318123432,5.863141165568261,30,0
5.80775001021615,5.316125919070126,2.2201423549234263,30,0
6.504399383270329,2.2201423549234263,4.353622020785637,30,0
13.908094989013582,8.269189177631468,5.83363000634223,30,0
5.11471898992355,10.630096817605182,7.185607500226771,30,0
7.935433006447124,1.9112542845146354,7.185607500226771,30,0
2.949566174321738,7.83437732082154,5.83363000634223,30,0
15.118770049906985,6.742601754923434,8.438434318123432,30,0
10.475779632731216,7.605131912255988,4.353622020785637,30,0
3.7946655185970646,9.280145593500327,5.863141165568261,30,0
5.363663250802115,7.520441853280915,2.2201423549234263,30,1
6.046191643270762,7.83437732082154,6.461047089909859,30,0
12.518836571459596,6.0269645993107135,7.189489617325975,30,0
7.321653262291717,5.83363000634223,8.438434318123432,30,0
2.391328177875068,8.269189177631468,6.0269645993107135,30,0
11.848891675846561,9.792653173806093,7.185607500226771,30,0
16.885552711087747,7.765455154605179,9.280145593500327,30,0
11.21244343491907,7.189489617325975,6.742601754923434,30,0
8.294329627966693,3.4948013778934706,5.682954887033216,30,0
6.936508422658717,2.2201423549234263,4.842646684765678,30,0
7.821901117862853,8.891063920683917,8.593149814878714,30,0
12.048404607893964,6.992799994879249,7.765455154605179,30,0
11.191303454532754,9.280145593500327,1.9112542845146354,30,0
6.401095859244898,6.0269645993107135,4.353622020785637,30,0
11.373412182797226,8.859068552229632,4.353622020785637,30,0
9.601501715827625,4.842646684765678,9.280145593500327,30,0
16.269191961168985,8.593149814878714,7.765455154605179,30,0
7.769299315822017,9.280145593500327,6.992799994879249,30,0
17.452717241026974,10.630096817605182,7.520441853280915,30,0
6.5903880032262565,7.765455154605179,3.4948013778934706,30,0
10.891461480612069,6.0269645993107135,7.185607500226771,30,0
6.445437513673866,7.186681619366173,6.3953905909263336,19,1
11.71906922860722,6.204307129634603,6.3953905909263336,19,0
15.92270435956633,7.968488229008109,8.104405224475554,19,0
5.5334201027456364,4.054083131691647,3.798778140062643,19,0
11.726835927717492,8.34177127586143,7.1314592253772116,19,0
0.526858147103012,8.104405224475554,8.163530977627076,19,1
7.057447553333183,5.621416255305731,3.798778140062643,19,0
9.665800960337275,8.163530977627076,4.054083131691647,19,0
6.164792559662089,1.6511334029418352,6.204307129634603,19,1
7.57280547665117,8.104405224475554,4.170647624884979,19,0
5.093787570776478,8.892364492996688,3.798778140062643,19,0
11.03887349838435,7.968488229008109,4.170647624884979,19,0
8.963411861189634,8.34177127586143,7.968488229008109,19,0
6.636454611943991,3.798778140062643,6.3953905909263336,19,0
10.559609445932256,4.170647624884979,6.3953905909263336,19,0
9.231094773862814,6.204307129634603,4.9232438811215475,19,0
8.56205333608925,6.3953905909263336,3.8844374656562644,19,0
7.356923890534117,4.170647624884979,8.163530977627076,19,0
8.212082267622936,10.119523071314369,3.798778140062643,19,0
8.68104639765529,10.23153435808139,4.9232438811215475,19,1
7.878172496564175,7.1314592253772116,3.8844374656562644,19,0
6.4801987540169375,3.8844374656562644,10.119523071314369,19,0
8.048401931757802,10.119523071314369,8.892364492996688,19,0
10.089786611253098,1.6511334029418352,8.892364492996688,19,0
2.608741165829796,4.054083131691647,6.3953905909263336,19,1
6.727288335879055,1.1261984715855045,6.204307129634603,19,0
8.24473680951622,10.23153435808139,6.3953905909263336,19,0
13.553255051171023,10.119523071314369,7.1314592253772116,19,0
6.713918120336981,5.621416255305731,1.1261984715855045,19,0
10.591963715396744,10.119523071314369,7.968488229008109,19,0
5.63869605264166,1.6511334029418352,6.3953905909263336,19,0
6.544700616245946,1.6511334029418352,4.9232438811215475,19,0
11.794003973543935,6.3953905909263336,8.104405224475554,19,0
7.327592329889148,8.34177127586143,4.170647624884979,19,1
5.30739019142512,10.23153435808139,7.1314592253772116,19,0
14.847549408325916,8.34177127586143,8.104405224475554,19,0
12.297844220437065,8.104405224475554,4.9232438811215475,19,0
8.457819548025613,7.1314592253772116,4.9232438811215475,19,0
4.192548122683593,7.968488229008109,7.1314592253772116,19,0
14.847549408325916,8.34177127586143,8.104405224475554,19,0
3.200036713324047,8.892364492996688,7.968488229008109,19,1
16.201117061529438,10.119523071314369,8.104405224475554,19,0
4.607533748400031,7.968488229008109,3.798778140062643,19,0
5.068789953481883,7.186681619366173,4.054083131691647,19,1
9.11064515119475,6.204307129634603,4.054083131691647,19,0
6.727288335879055,6.204307129634603,1.1261984715855045,19,0
5.383659098445654,1.1261984715855045,6.3953905909263336,19,0
6.577141499270718,4.9232438811215475,7.968488229008109,19,1
3.6436368759830255,6.204307129634603,8.163530977627076,19,1
14.461765216874923,6.204307129634603,8.892364492996688,19,0
9.60459636362956,6.204307129634603,3.798778140062643,19,0
6.727288335879055,1.1261984715855045,6.204307129634603,19,0
11.03887349838435,7.968488229008109,4.170647624884979,19,0
5.416467389564568,4.9232438811215475,4.170647624884979,19,0
5.3170009316218465,5.621416255305731,4.9232438811215475,19,0
7.356923890534117,4.170647624884979,8.163530977627076,19,0
2.608741165829796,6.3953905909263336,4.054083131691647,19,1
9.932983825009867,4.170647624884979,7.186681619366173,19,0
12.04384534813579,7.186681619366173,4.9232438811215475,19,0
7.045097804604,7.1314592253772116,1.6511334029418352,19,0
14.083947500868133,7.968488229008109,6.204307129634603,19,0
13.464376739726003,10.119523071314369,4.054083131691647,19,0
8.206209797470516,1.1261984715855045,8.163530977627076,19,0
15.976143405950356,8.163530977627076,10.119523071314369,19,0
14.083947500868133,6.204307129634603,7.968488229008109,19,0
13.795192756914725,10.23153435808139,5.621416255305731,19,0
0.526858147103012,8.163530977627076,8.104405224475554,19,1
14.847549408325916,8.34177127586143,8.104405224475554,19,0
18.1109846406062,8.104405224475554,10.23153435808139,19,0
3.959318883310912,4.170647624884979,6.204307129634603,19,0
10.559609445932256,6.3953905909263336,4.170647624884979,19,0
6.266786955369649,7.186681619366173,1.1261984715855045,19,0
13.795192756914725,10.23153435808139,5.621416255305731,19,0
12.964540597856285,8.34177127586143,6.3953905909263336,19,0
7.272427904113085,8.892364492996688,7.1314592253772116,19,0
9.667868184104288,5.621416255305731,4.054083131691647,19,0
8.24473680951622,6.3953905909263336,10.23153435808139,19,0
11.261604205982406,6.204307129634603,8.34177127586143,19,0
4.091318376580648,8.892364492996688,10.23153435808139,19,1
9.393015600718577,6.3953905909263336,4.9232438811215475,19,0
10.640047288845228,8.34177127586143,10.23153435808139,19,0
3.200036713324047,7.968488229008109,8.892364492996688,19,1
10.896730094767785,5.621416255305731,8.892364492996688,19,0
8.048401931757802,10.119523071314369,8.892364492996688,19,0
16.37072561186159,10.23153435808139,6.204307129634603,19,0
7.272427904113085,8.892364492996688,7.1314592253772116,19,0
14.778181409986793,8.892364492996688,7.186681619366173,19,0
9.77199406357249,8.892364492996688,4.054083131691647,19,0
4.150950211321043,1.1261984715855045,3.798778140062643,19,1
13.321481395452691,10.23153435808139,4.170647624884979,19,0
6.520178670769088,3.8844374656562644,7.968488229008109,19,0
18.251793094491855,10.23153435808139,8.163530977627076,19,0
2.237269736137366,3.8844374656562644,3.798778140062643,19,1
8.49615887629741,3.8844374656562644,6.204307129634603,19,0
4.738231473604252,1.1261984715855045,3.8844374656562644,19,1
6.266786955369649,1.1261984715855045,7.186681619366173,19,0
14.461765216874923,8.892364492996688,6.204307129634603,19,0
10.874329746434036,4.170647624884979,8.892364492996688,19,0
2.9495904421736308,6.3953905909263336,7.1314592253772116,19,1
10.045622392061592,10.23153435808139,1.1261984715855045,19,0
8.730224260586642,10.23153435808139,3.8844374656562644,19,0
7.215378463710065,1.6511334029418352,8.104405224475554,19,1
2.955227340898242,4.054083131691647,1.1261984715855045,19,0
8.56205333608925,6.3953905909263336,3.8844374656562644,19,0
11.59226155533672,4.054083131691647,8.34177127586143,19,0
14.461765216874923,6.204307129634603,8.892364492996688,19,0
8.206209797470516,8.163530977627076,1.1261984715855045,19,0
14.36841039549316,7.186681619366173,10.23153435808139,19,0
12.099846465509067,10.119523071314369,10.23153435808139,19,0
3.959318883310912,6.204307129634603,4.170647624884979,19,0
8.68104639765529,4.9232438811215475,10.23153435808139,19,1
11.794003973543935,6.3953905909263336,8.104405224475554,19,0
14.847549408325916,8.104405224475554,8.34177127586143,19,0
7.460028836904249,6.83028371801674,7.5299061325840295,29,0
14.203803724608125,6.131679948279243,8.074762461104395,29,0
15.587796038393996,8.503462197134509,7.1202843782088125,29,0
9.165059626766807,5.751131301088153,8.427850805269353,29,0
9.626343254099204,8.074762461104395,3.460571460071633,29,0
2.6497053123989733,3.1224056067895627,3.2429938189640457,29,0
10.63135750286612,5.685733577036463,5.119001350415617,29,0
5.153824415206005,5.751131301088153,1.1482227926372384,29,0
7.781242042028545,4.926560764559571,4.714876211822578,29,0
10.00175567993334,1.5570947036786382,8.503462197134509,29,0
2.0635291042446045,6.83028371801674,7.648377892087083,29,1
12.326851455851928,8.074762461104395,4.264241077759864,29,0
9.139209285915246,4.714876211822578,8.503462197134509,29,0
16.064622266325646,8.074762461104395,8.427850805269353,29,0
4.232331833733686,1.5934071169432333,3.1224056067895627,29,0
4.1722743493392604,5.751131301088153,1.5934071169432333,29,0
2.9069041337384802,3.460571460071633,3.2429938189640457,29,1
3.0824398390495045,1.1482227926372384,3.1224056067895627,29,0
3.422365145090679,2.575234682467034,4.926560764559571,29,1
1.9441331496992986,3.460571460071633,1.5570947036786382,29,0
9.823848411285548,6.131679948279243,3.9644781469430983,29,0
7.236305915994695,5.685733577036463,1.5934071169432333,29,0
5.966473957510288,7.5299061325840295,2.575234682467034,29,0
9.252185280598553,3.6966496935037862,5.751131301088153,29,0
9.538697388049693,5.119001350415617,4.926560764559571,29,0
7.998439148499179,7.5299061325840295,3.9644781469430983,29,0
6.058855828907178,8.503462197134509,2.575234682467034,29,0
9.493968703471376,7.5299061325840295,7.648377892087083,29,0
16.796678232052813,8.074762461104395,9.01763996994302,29,0
10.176258470926655,7.667276651130765,5.685733577036463,29,0
11.138063111032075,8.074762461104395,3.2429938189640457,29,0
8.844394342559267,8.074762461104395,1.1482227926372384,29,0
8.865454268192526,8.074762461104395,1.5570947036786382,29,0
5.239173667341754,1.5934071169432333,3.6966496935037862,29,0
3.888066816990077,7.1202843782088125,3.460571460071633,29,0
4.724943811410896,5.685733577036463,8.503462197134509,29,0
7.88481278934328,7.648377892087083,3.460571460071633,29,0
6.5299376993293885,3.2429938189640457,5.685733577036463,29,0
6.189209001849915,8.973665436142557,3.2429938189640457,29,0
4.5187306156021645,5.685733577036463,4.714876211822578,29,0
12.547282075017051,5.291520995026996,9.01763996994302,29,0
10.693836616361267,8.973665436142557,5.119001350415617,29,0
6.0759131657954955,3.6966496935037862,3.2429938189640457,29,0
4.232331833733686,3.1224056067895627,1.5934071169432333,29,0
7.169107415928561,3.1224056067895627,5.119001350415617,29,0
9.538697388049693,5.119001350415617,4.926560764559571,29,0
4.238642547317358,6.131679948279243,8.427850805269353,29,0
5.567645108164893,3.9644781469430983,7.667276651130765,29,0
7.0064627719657215,8.427850805269353,3.1224056067895627,29,0
3.6625217138512824,5.685733577036463,4.223867635040771,29,0
5.689168245275253,6.131679948279243,1.5570947036786382,29,0
8.761030908517084,7.667276651130765,1.5570947036786382,29,0
1.3088059935401162,5.119001350415617,5.751131301088153,29,1
4.721118889730243,1.5570947036786382,4.714876211822578,29,0
11.55885152969303,7.1202843782088125,4.926560764559571,29,0
3.2291203061030345,1.5934071169432333,3.2429938189640457,29,1
7.236305915994695,5.685733577036463,1.5934071169432333,29,0
8.459122513144754,3.2429938189640457,5.291520995026996,29,0
7.8744809103269295,8.427850805269353,5.119001350415617,29,0
8.579015239820846,4.264241077759864,7.1202843782088125,29,0
10.84854720533983,8.074762461104395,7.1202843782088125,29,0
8.316822438595054,8.973665436142557,5.685733577036463,29,1
9.606816346544463,4.223867635040771,5.751131301088153,29,0
11.241022956431886,7.1202843782088125,5.291520995026996,29,0
1.9531189066209953,6.131679948279243,4.714876211822578,29,1
8.926162075242054,7.1202843782088125,3.1224056067895627,29,0
6.417254467708451,1.1482227926372384,5.291520995026996,29,0
7.169107415928561,3.1224056067895627,5.119001350415617,29,0
5.021977215484353,5.119001350415617,3.2429938189640457,29,0
10.846139117037017,4.223867635040771,8.973665436142557,29,0
10.559787146296074,8.503462197134509,3.2429938189640457,29,0
12.029402394527887,9.01763996994302,5.119001350415617,29,0
11.76344261670088,7.667276651130765,4.264241077759864,29,0
6.189209001849915,8.973665436142557,3.2429938189640457,29,0
3.801121793933398,9.01763996994302,6.131679948279243,29,0
6.417254467708451,1.1482227926372384,5.291520995026996,29,0
5.61753652469414,3.6966496935037862,4.714876211822578,29,0
3.99424816136632,4.264241077759864,1.5570947036786382,29,0
1.9531189066209953,6.131679948279243,4.714876211822578,29,1
13.235486993284574,5.751131301088153,9.01763996994302,29,0
10.559787146296074,8.503462197134509,3.2429938189640457,29,0
12.949421844940884,8.427850805269353,4.926560764559571,29,0
6.660473545405174,5.291520995026996,5.685733577036463,29,0
10.117667327041643,7.648377892087083,3.2429938189640457,29,0
7.603356827646098,5.119001350415617,6.83028371801674,29,0
3.0098695126633164,4.714876211822578,3.2429938189640457,29,0
6.9686597378608575,7.648377892087083,5.119001350415617,29,0
6.4711671157799655,4.926560764559571,1.5570947036786382,29,0
9.010748229489955,9.01763996994302,3.6966496935037862,29,0
12.159651132994762,6.131679948279243,7.5299061325840295,29,0
10.8228380287253,7.5299061325840295,3.460571460071633,29,0
5.304150721780948,8.427850805269353,4.264241077759864,29,0
4.7284588327466315,1.1482227926372384,3.6966496935037862,29,0
10.693836616361267,8.973665436142557,5.119001350415617,29,0
4.3370950551353875,4.714876211822578,9.01763996994302,29,0
8.955265776048893,6.530541508094551,8.427850805269353,29,0
5.767715923909956,4.223867635040771,1.5570947036786382,29,0
7.689417027874733,5.119001350415617,2.575234682467034,29,0
5.61753652469414,4.714876211822578,3.6966496935037862,29,0
12.159651132994762,6.131679948279243,7.5299061325840295,29,0
2.2041428979657565,3.6966496935037862,4.926560764559571,29,0
12.076409953072774,6.530541508094551,8.973665436142557,29,0
8.844394342559267,1.1482227926372384,8.074762461104395,29,0
8.316822438595054,8.973665436142557,5.685733577036463,29,1
1.416136888385552,2.575234682467034,3.6966496935037862,29,0
7.962853300430195,6.83028371801674,2.575234682467034,29,0
0.5124776783150831,1.5570947036786382,1.1482227926372384,29,1
4.8823656010981855,4.264241077759864,1.5934071169432333,29,0
8.47465071476327,1.5570947036786382,8.973665436142557,29,0
7.145196266721076,3.460571460071633,3.6966496935037862,29,0
4.7284588327466315,1.1482227926372384,3.6966496935037862,29,0
1.8006978499001123,8.074762461104395,6.83028371801674,29,1
16.45622717110558,7.667276651130765,8.973665436142557,29,0
8.29140304441991,4.223867635040771,6.131679948279243,29,0
8.296821483215561,6.131679948279243,5.119001350415617,29,0
4.389915490145045,2.575234682467034,4.714876211822578,29,0
12.919512148395661,6.976990295109087,9.44282606866699,26,0
13.754561311920257,5.5418103589656225,8.212906412693568,26,0
11.037005570513367,5.5418103589656225,5.568591374764096,26,0
7.2152997157424315,4.651255411341932,5.568591374764096,26,0
11.410379683107665,5.5418103589656225,6.098153716958351,26,0
5.033497630846472,9.555641034790666,5.568591374764096,26,0
3.5267290315401323,8.212906412693568,5.619483548473952,26,0
6.639992145847049,4.755197639946398,4.048755053747268,26,0
2.2771326808887795,1.9109222658871776,2.704424612821215,26,0
12.16528232835086,8.74245626291377,9.555641034790666,26,0
5.526997016129587,3.420310119547009,2.704424612821215,26,0
3.9068272507970057,4.048755053747268,2.704424612821215,26,0
5.681439664197584,4.651255411341932,6.387636765812663,26,0
5.253758232393379,4.048755053747268,2.3638567952017757,26,0
5.252852445546121,5.619483548473952,7.37833906022462,26,0
3.481012472989061,3.420310119547009,6.098153716958351,26,0
2.7769642422714065,4.755197639946398,2.704424612821215,26,1
7.768836624068942,6.098153716958351,6.319391835329322,26,0
6.245849040079445,4.755197639946398,3.420310119547009,26,0
9.373834950458875,0.6339108584466149,8.74245626291377,26,0
10.51290649193742,8.212906412693568,4.048755053747268,26,0
9.710392294961839,4.755197639946398,6.098153716958351,26,0
9.218956384297735,2.3638567952017757,9.072745493418573,26,0
3.4184873143109207,7.650910363096164,4.755197639946398,26,1
1.0004078212219083,4.651255411341932,4.048755053747268,26,1
4.742721408487846,7.83659228747874,8.74245626291377,26,0
10.111699302631418,2.3638567952017757,9.44282606866699,26,0
2.5413862757542534,8.74245626291377,6.319391835329322,26,1
9.709859891257096,7.650910363096164,8.74245626291377,26,0
7.794873348656299,1.9109222658871776,6.319391835329322,26,0
4.89040862598871,6.319391835329322,7.83659228747874,26,0
9.672396926743897,9.072745493418573,0.6339108584466149,26,0
7.76986996101157,1.9109222658871776,8.849428613422964,26,0
10.268710745723784,7.650910363096164,9.44282606866699,26,0
7.11753359929119,4.048755053747268,5.619483548473952,26,0
2.7769642422714065,4.755197639946398,2.704424612821215,26,1
13.574310408903822,6.387636765812663,7.650910363096164,26,0
6.481405243289294,2.3638567952017757,7.37833906022462,26,1
9.953743463380011,8.849428613422964,2.704424612821215,26,0
5.6795590459740355,6.387636765812663,8.212906412693568,26,0
10.343473872733385,6.319391835329322,5.619483548473952,26,0
3.4558033309394522,6.098153716958351,8.212906412693568,26,1
14.063234028110335,8.212906412693568,9.221570797927802,26,0
2.9673809251316783,7.83659228747874,9.072745493418573,26,0
11.416244963382532,5.5418103589656225,9.072745493418573,26,0
8.593009002822093,9.221570797927802,6.387636765812663,26,0
11.010524213282512,1.9109222658871776,9.44282606866699,26,0
8.140177933231453,3.420310119547009,5.5418103589656225,26,0
3.36959076898862,5.619483548473952,2.3638567952017757,26,0
8.140177933231453,5.5418103589656225,3.420310119547009,26,0
15.463523525258733,7.83659228747874,8.849428613422964,26,0
6.915253793045376,8.158728254874815,7.37833906022462,26,0
11.87425033001412,4.048755053747268,7.83659228747874,26,0
11.410379683107665,6.098153716958351,5.5418103589656225,26,0
11.072718493121693,9.221570797927802,5.568591374764096,26,0
5.2155838906014225,9.221570797927802,4.048755053747268,26,1
1.0004078212219083,4.651255411341932,4.048755053747268,26,1
3.868536403005135,3.420310119547009,0.6339108584466149,26,0
5.253758232393379,2.3638567952017757,4.048755053747268,26,0
11.037005570513367,5.568591374764096,5.5418103589656225,26,0
6.266072825679952,8.158728254874815,1.9109222658871776,26,0
10.357985943522053,8.849428613422964,8.212906412693568,26,0
7.269320807636719,9.555641034790666,3.420310119547009,26,0
4.618308587038533,2.3638567952017757,6.976990295109087,26,0
12.191423654377497,4.651255411341932,9.555641034790666,26,0
13.593776516746201,7.83659228747874,7.37833906022462,26,0
7.983375415476305,6.976990295109087,1.9109222658871776,26,0
2.827898417529182,4.755197639946398,5.5418103589656225,26,1
13.219485945648183,5.568591374764096,7.650910363096164,26,0
2.2158314357954945,9.44282606866699,9.072745493418573,26,1
1.0004078212219083,4.651255411341932,4.048755053747268,26,1
10.31449822578034,8.212906412693568,4.651255411341932,26,0
6.38726676584578,1.9109222658871776,6.387636765812663,26,0
12.217297092554226,2.704424612821215,9.555641034790666,26,0
7.662891557155989,0.6339108584466149,8.158728254874815,26,0
8.344284296513912,7.83659228747874,5.568591374764096,26,1
6.38726676584578,1.9109222658871776,6.387636765812663,26,0
6.306702031657689,9.072745493418573,3.420310119547009,26,0
7.397819041081376,4.048755053747268,3.420310119547009,26,0
3.679273915687162,1.9109222658871776,2.3638567952017757,26,0
3.36959076898862,5.619483548473952,2.3638567952017757,26,0
11.175021055802244,6.319391835329322,8.212906412693568,26,0
2.8836119423042708,0.6339108584466149,2.704424612821215,26,0
4.7319622283410325,1.9109222658871776,5.5418103589656225,26,0
17.029930471269466,9.072745493418573,8.158728254874815,26,0
5.896007879427014,0.6339108584466149,6.387636765812663,26,0
6.481405243289294,2.3638567952017757,7.37833906022462,26,1
13.754561311920257,8.212906412693568,5.5418103589656225,26,0
12.472420488453237,8.849428613422964,9.555641034790666,26,0
18.260860656738576,9.072745493418573,9.221570797927802,26,0
2.9129025440999903,2.3638567952017757,3.420310119547009,26,0
1.9274995332740017,9.221570797927802,8.158728254874815,26,1
11.410379683107665,5.5418103589656225,6.098153716958351,26,0
12.284301193065131,7.83659228747874,7.650910363096164,26,0
2.5413862757542534,8.74245626291377,6.319391835329322,26,1
12.528244139213045,9.555641034790666,9.44282606866699,26,0
6.415424846251108,5.5418103589656225,4.651255411341932,26,0
18.366951686204228,9.221570797927802,9.44282606866699,26,0
7.422356565341751,1.9109222658871776,9.221570797927802,26,0
7.8624467729157965,3.420310119547009,4.651255411341932,26,0
5.896007879427014,0.6339108584466149,6.387636765812663,26,0
5.681439664197584,6.387636765812663,4.651255411341932,26,0
7.188890829374202,1.9109222658871776,7.650910363096164,26,0
8.140177933231453,5.5418103589656225,3.420310119547009,26,0
2.9129025440999903,2.3638567952017757,3.420310119547009,26,0
6.481405243289294,7.37833906022462,2.3638567952017757,26,1
3.7908892540046453,6.098153716958351,9.555641034790666,26,1
14.121602212212094,6.387636765812663,8.74245626291377,26,0
5.6795590459740355,8.212906412693568,6.387636765812663,26,0
8.614081737454203,6.976990295109087,4.651255411341932,26,0
12.284301193065131,7.650910363096164,7.83659228747874,26,0
11.694509291483753,8.74245626291377,5.568591374764096,26,0
6.306702031657689,3.420310119547009,9.072745493418573,26,0
9.878580883296996,4.78147800192723,8.993516549852732,28,0
14.244708961338103,7.99320196206435,8.15126432864056,28,0
6.631561627940785,4.78147800192723,5.378663888255847,28,0
9.64289074319745,7.99320196206435,2.9291070412180558,28,0
10.041331449245442,2.0368990969961542,8.15126432864056,28,0
6.482977728403776,1.822934356114291,4.78147800192723,28,0
8.574878286487635,0.1516781392814688,8.722001156697962,28,0
11.804181913536778,8.348545324059858,5.789289024151103,28,0
1.1689239812705832,4.78147800192723,3.6142704954524167,28,1
1.6725565999145142,0.1516781392814688,1.822934356114291,28,1
10.595303912852671,8.348545324059858,4.78147800192723,28,0
11.811052091103376,5.367308244420603,7.2233540364928785,28,0
11.96033288296319,4.4204835981355295,7.99320196206435,28,0
10.483992131805799,2.0368990969961542,8.693616882030868,28,0
9.294891990681622,8.693616882030868,5.789289024151103,28,0
12.289274965199839,5.367308244420603,8.758045676849747,28,0
10.608451991988915,4.4204835981355295,7.639187493155671,28,0
16.828178697564134,8.758045676849747,8.15126432864056,28,0
6.51564009188024,8.348545324059858,2.0368990969961542,28,0
13.458989408786332,7.99320196206435,9.168787608739676,28,0
2.9478250124827983,8.993516549852732,8.693616882030868,28,1
1.4190250385700944,6.641575184516464,5.367308244420603,28,0
7.488158986109273,5.55478293957772,3.6142704954524167,28,0
1.9855226364224636,5.789289024151103,5.367308244420603,28,0
3.990629001955619,5.98555974729103,8.927664602677845,28,1
12.812892911091883,6.865458072834089,6.641575184516464,28,0
10.483992131805799,2.0368990969961542,8.693616882030868,28,0
14.238731501686107,6.893243785227731,8.15126432864056,28,0
9.157127714836545,4.4204835981355295,5.367308244420603,28,0
4.4684010943801065,8.927664602677845,8.722001156697962,28,0
15.184807126921553,8.693616882030868,7.99320196206435,28,0
4.4684010943801065,8.722001156697962,8.927664602677845,28,0
13.90576411815559,5.55478293957772,8.927664602677845,28,0
12.461636609590501,8.758045676849747,7.2233540364928785,28,0
11.508933020184967,6.641575184516464,8.722001156697962,28,0
10.041331449245442,8.15126432864056,2.0368990969961542,28,0
12.289274965199839,8.758045676849747,5.367308244420603,28,0
8.224904930326643,2.9291070412180558,5.378663888255847,28,0
7.918746128368619,2.0368990969961542,7.99320196206435,28,0
12.461636609590501,8.758045676849747,7.2233540364928785,28,0
8.332897607296495,5.98555974729103,5.789289024151103,28,0
2.803413967669895,7.2233540364928785,4.4204835981355295,28,1
6.631561627940785,4.78147800192723,5.378663888255847,28,0
15.83054278973092,6.865458072834089,8.993516549852732,28,0
6.075578710785478,2.9291070412180558,8.993516549852732,28,0
13.92566021822339,8.15126432864056,5.98555974729103,28,0
8.228777600337768,8.15126432864056,4.78147800192723,28,0
10.11922396849971,7.639187493155671,5.367308244420603,28,0
11.792338880444955,5.513499516202962,7.99320196206435,28,0
12.194474785020452,5.367308244420603,6.893243785227731,28,0
4.079186672506794,4.4204835981355295,2.0368990969961542,28,0
1.9748229646026991,8.993516549852732,8.15126432864056,28,1
3.5070939134918793,5.378663888255847,6.919606865965723,28,0
5.468782639859236,5.513499516202962,6.641575184516464,28,0
16.4977824291357,8.348545324059858,8.15126432864056,28,0
13.368412061174054,6.893243785227731,6.641575184516464,28,0
10.726336667401187,4.4204835981355295,8.993516549852732,28,0
4.453934240801354,6.865458072834089,8.758045676849747,28,0
6.482977728403776,1.822934356114291,4.78147800192723,28,0
11.588497543015315,6.641575184516464,5.378663888255847,28,0
8.92918202610345,6.919606865965723,3.6142704954524167,28,0
3.574102360640143,8.348545324059858,5.98555974729103,28,1
6.8682281576153095,0.1516781392814688,6.893243785227731,28,0
9.776927380475948,8.722001156697962,5.789289024151103,28,0
4.483220318899044,1.822934356114291,5.98555974729103,28,0
8.400385087251031,4.78147800192723,5.55478293957772,28,0
6.961104922898911,8.722001156697962,5.378663888255847,28,0
6.777585175756475,1.822934356114291,5.513499516202962,28,0
11.22497793416826,8.722001156697962,2.9291070412180558,28,0
5.912701561144431,2.9291070412180558,8.693616882030868,28,0
14.24583750398928,9.168787608739676,5.98555974729103,28,0
10.939575256347775,8.758045676849747,3.6142704954524167,28,0
11.2399278638905,5.55478293957772,7.639187493155671,28,0
0.5864378577882461,8.927664602677845,8.348545324059858,28,1
4.554122493245214,7.639187493155671,8.927664602677845,28,0
12.303828037853386,8.722001156697962,5.55478293957772,28,0
14.59029812278669,7.99320196206435,7.2233540364928785,28,0
10.526239892247446,6.641575184516464,7.639187493155671,28,0
4.9180504893140595,2.0368990969961542,4.78147800192723,28,0
6.414604252321541,1.822934356114291,6.865458072834089,28,0
6.029341771898501,1.822934356114291,5.55478293957772,28,0
2.867313351803719,6.919606865965723,6.865458072834089,28,0
16.4977824291357,8.348545324059858,8.15126432864056,28,0
17.575098877396616,8.693616882030868,8.927664602677845,28,0
5.3894431108934775,1.822934356114291,5.367308244420603,28,0
4.731558480169631,5.98555974729103,7.99320196206435,28,0
8.239868256184423,8.348545324059858,0.1516781392814688,28,0
6.780398311117549,4.78147800192723,6.893243785227731,28,0
12.289274965199839,5.367308244420603,8.758045676849747,28,0
14.238731501686107,8.15126432864056,6.893243785227731,28,0
7.052536972538889,8.722001156697962,1.822934356114291,28,0
8.656989358193789,5.98555974729103,3.6142704954524167,28,0
11.2399278638905,7.639187493155671,5.55478293957772,28,0
13.92566021822339,8.15126432864056,5.98555974729103,28,0
4.2961455299082125,5.513499516202962,5.367308244420603,28,1
4.415498254569854,8.993516549852732,5.55478293957772,28,0
6.622496692402294,6.641575184516464,0.1516781392814688,28,1
6.187303355584849,1.822934356114291,7.99320196206435,28,0
10.926363888586934,5.367308244420603,6.919606865965723,28,0
6.446539028378949,8.722001156697962,6.865458072834089,28,0
9.396979188445451,8.993516549852732,3.6142704954524167,28,0
9.44246225621649,8.15126432864056,1.822934356114291,28,0
14.421106112100045,5.98555974729103,8.993516549852732,28,0
12.631612549294598,7.639187493155671,5.513499516202962,28,0
12.289274965199839,8.758045676849747,5.367308244420603,28,0
12.631612549294598,7.639187493155671,5.513499516202962,28,0
1.4595797006827627,5.55478293957772,5.367308244420603,28,1
1.1002439151358412,7.639187493155671,8.722001156697962,28,1
3.6215967521307713,7.639187493155671,7.99320196206435,28,1
8.79138099365761,5.55478293957772,4.4204835981355295,28,0
5.468782639859236,5.513499516202962,6.641575184516464,28,0
9.796074900226238,2.9291070412180558,6.919606865965723,28,0
1.1771344021773171,8.15126432864056,8.693616882030868,28,1
8.121024112970256,2.9291070412180558,7.2233540364928785,28,0
3.1536470742059257,6.919606865965723,7.639187493155671,28,0
6.871826026467139,6.768817426282532,6.0574588767402835,16,0
10.66806340791069,2.992973907957295,9.528797886457616,16,0
15.47604708028152,8.592072567691543,6.9382559703441,16,0
8.207227647967045,5.22426360142414,2.992973907957295,16,0
5.096167345684213,8.963052517142899,6.36848613129019,16,0
12.814750731365278,8.62326266955777,7.015306197995449,16,0
9.532078093196557,6.19518095178377,7.015306197995449,16,0
5.19453372623292,7.015306197995449,9.528797886457616,16,1
7.499407564626789,8.312485277819736,5.22426360142414,16,0
4.210979617720757,6.9382559703441,7.015306197995449,16,1
9.415702484157732,2.992973907957295,7.015306197995449,16,0
8.316993061599172,6.768817426282532,5.848551179850652,16,0
0.494414799371613,6.36848613129019,5.918360348401016,16,1
11.772338282523185,6.19518095178377,6.9382559703441,16,0
9.415702484157732,2.992973907957295,7.015306197995449,16,0
6.429600580102687,6.768817426282532,6.9382559703441,16,0
4.237690024784564,7.015306197995449,5.918360348401016,16,0
9.60041734607983,2.992973907957295,6.768817426282532,16,0
15.47604708028152,6.9382559703441,8.592072567691543,16,0
11.499476872936121,8.963052517142899,8.592072567691543,16,1
11.499476872936121,8.963052517142899,8.592072567691543,16,1
1.9790880416282093,5.918360348401016,6.768817426282532,16,1
13.952322197402443,5.918360348401016,8.62326266955777,16,0
9.382761411744784,5.848551179850652,6.36848613129019,16,0
9.27335993264658,5.918360348401016,9.528797886457616,16,0
9.382761411744784,6.36848613129019,5.848551179850652,16,0
1.0719668276353413,6.0574588767402835,5.698388467946647,16,0
9.355158049346674,6.36848613129019,2.992973907957295,16,0
4.29137988652272,7.015306197995449,5.22426360142414,16,0
14.254035880943164,8.592072567691543,5.698388467946647,16,0
13.952322197402443,5.918360348401016,8.62326266955777,16,0
7.647393794315226,6.36848613129019,8.312485277819736,16,0
6.429600580102687,6.9382559703441,6.768817426282532,16,0
13.688985651922733,8.963052517142899,5.848551179850652,16,0
1.8342648408411324,6.0574588767402835,5.848551179850652,16,1
6.440688819637745,5.848551179850652,8.62326266955777,16,1
11.775156926840841,8.312485277819736,7.015306197995449,16,0
8.207227647967045,5.22426360142414,2.992973907957295,16,0
1.0719668276353413,6.0574588767402835,5.698388467946647,16,0
11.907315458901582,8.592072567691543,5.22426360142414,16,0
7.340110614762996,6.9382559703441,5.22426360142414,16,0
14.142547620697888,6.768817426282532,8.592072567691543,16,0
12.48090717064607,8.592072567691543,5.918360348401016,16,0
9.60041734607983,6.768817426282532,2.992973907957295,16,0
0.494414799371613,6.36848613129019,5.918360348401016,16,1
7.647393794315226,8.312485277819736,6.36848613129019,16,0
8.027750426246756,6.36848613129019,6.9382559703441,16,0
5.6095093117900525,5.918360348401016,6.19518095178377,16,0
18.089091926077586,8.592072567691543,9.528797886457616,16,0
14.470327522992921,8.592072567691543,6.0574588767402835,16,0
8.898870942039041,2.992973907957295,5.918360348401016,16,0
6.1066980061018725,8.62326266955777,2.992973907957295,16,1
12.905065792569129,6.9382559703441,8.963052517142899,16,0
6.888161798243066,6.0574588767402835,2.992973907957295,16,1
2.745832730675197,5.698388467946647,5.848551179850652,16,0
3.0855521335698297,5.848551179850652,6.9382559703441,16,0
1.3102092253928608,6.9382559703441,6.0574588767402835,16,0
3.0855521335698297,5.848551179850652,6.9382559703441,16,0
9.607428053181627,6.36848613129019,9.528797886457616,16,0
9.60041734607983,2.992973907957295,6.768817426282532,16,0
7.340110614762996,5.22426360142414,6.9382559703441,16,0
10.59944529574479,6.19518095178377,5.698388467946647,16,0
6.429600580102687,6.9382559703441,6.768817426282532,16,0
6.1066980061018725,8.62326266955777,2.992973907957295,16,1
4.29137988652272,7.015306197995449,5.22426360142414,16,0
8.018803661094182,2.992973907957295,8.592072567691543,16,0
7.574388510415154,6.768817426282532,6.19518095178377,16,0
7.340110614762996,5.22426360142414,6.9382559703441,16,0
13.997905885461348,9.528797886457616,6.19518095178377,16,0
2.322452865265841,5.22426360142414,6.768817426282532,16,1
3.8356619415211974,5.698388467946647,9.528797886457616,16,1
16.326871705403544,9.528797886457616,8.312485277819736,16,0
13.952322197402443,5.918360348401016,8.62326266955777,16,0
10.269090210171903,2.992973907957295,8.312485277819736,16,0
1.8342648408411324,6.0574588767402835,5.848551179850652,16,1
1.2478198232663933,5.698388467946647,6.9382559703441,16,1
14.444494789564812,8.62326266955777,6.36848613129019,16,0
12.779142559836059,8.592072567691543,8.62326266955777,16,0
8.208736432032826,6.0574588767402835,6.36848613129019,16,0
6.738459972053367,5.698388467946647,5.918360348401016,16,0
7.574388510415154,6.19518095178377,6.768817426282532,16,0
13.766329709184342,5.848551179850652,8.592072567691543,16,0
9.532078093196557,6.19518095178377,7.015306197995449,16,0
2.3363234849979606,8.312485277819736,6.19518095178377,16,1
11.772338282523185,6.19518095178377,6.9382559703441,16,0
7.690487241951432,6.768817426282532,9.528797886457616,16,0
8.316993061599172,6.768817426282532,5.848551179850652,16,0
5.305932868534808,5.22426360142414,6.19518095178377,16,0
1.0719668276353413,6.0574588767402835,5.698388467946647,16,0
5.8013837301420015,6.768817426282532,5.698388467946647,16,0
12.857436134817222,6.0574588767402835,8.963052517142899,16,0
0.494414799371613,6.36848613129019,5.918360348401016,16,1
10.59944529574479,5.698388467946647,6.19518095178377,16,0
4.132498027935519,8.312485277819736,8.963052517142899,16,1
8.018803661094182,2.992973907957295,8.592072567691543,16,0
5.62817269661622,6.19518095178377,6.36848613129019,16,0
6.994955304720173,5.698388467946647,2.992973907957295,16,0
11.354869460532873,6.19518095178377,6.0574588767402835,16,0
11.666608708006006,8.963052517142899,2.992973907957295,16,0
11.72264772538361,6.19518095178377,5.848551179850652,16,0
9.27335993264658,5.918360348401016,9.528797886457616,16,0
8.474375672294606,2.992973907957295,6.19518095178377,16,0
4.132498027935519,8.312485277819736,8.963052517142899,16,1
7.711324358763366,5.918360348401016,8.312485277819736,16,0
14.444494789564812,8.62326266955777,6.36848613129019,16,0
5.305932868534808,6.19518095178377,5.22426360142414,16,0
7.160003136277395,8.963052517142899,6.768817426282532,16,0
7.180165092233289,5.698388467946647,6.36848613129019,16,0
8.027750426246756,6.9382559703441,6.36848613129019,16,0
17.58269545990287,8.963052517142899,8.62326266955777,16,0
7.7401423728775285,8.592072567691543,8.312485277819736,16,1
9.607428053181627,6.36848613129019,9.528797886457616,16,0
8.316993061599172,5.848551179850652,6.768817426282532,16,0
10.031837272101551,7.162241798459989,4.503098623077958,27,0
8.205927123542288,6.899977984694775,1.9732039819276723,27,0
2.845122970564503,5.108685534509753,7.314229274375036,27,0
11.701653749625562,7.2025835143852,4.503098623077958,27,0
5.671126705600807,7.243112543054763,7.314229274375036,27,0
8.87606218818971,7.243112543054763,3.677994862120087,27,0
10.205529550993392,4.235063452488867,6.856309301035682,27,0
7.0480826265794265,7.453859614099061,1.4692407953924143,27,0
8.647060802952664,7.243112543054763,1.8658415180801675,27,0
13.604001255970939,6.856309301035682,7.150508770153945,27,0
3.2304787558914514,9.142750872489897,6.856309301035682,27,0
5.7802731998676755,3.677994862120087,6.658411726286395,27,0
2.366687026842965,6.899977984694775,6.948319725785947,27,0
12.301415718694576,3.677994862120087,9.142750872489897,27,0
12.152463076661787,7.150508770153945,6.948319725785947,27,0
11.545097834450285,5.108685534509753,6.899977984694775,27,0
11.701653749625562,4.503098623077958,7.2025835143852,27,0
8.560228672967497,6.441871698799595,4.503098623077958,27,0
13.604001255970939,7.150508770153945,6.856309301035682,27,0
10.031837272101551,7.162241798459989,4.503098623077958,27,0
6.089913975855512,3.677994862120087,4.235063452488867,27,0
9.24167011061536,1.4692407953924143,9.142750872489897,27,0
9.110950998751852,6.948319725785947,4.3472005123782385,27,0
6.920462824670484,9.142750872489897,4.890948650694453,27,0
4.937457143549739,4.890948650694453,7.314229274375036,27,0
10.033749469664405,4.3472005123782385,8.416453409328359,27,0
10.743245776077769,6.658411726286395,4.235063452488867,27,0
6.706650207276606,1.8658415180801675,6.385115403942071,27,0
3.2304787558914514,9.142750872489897,6.856309301035682,27,0
11.173328261130292,6.899977984694775,6.441871698799595,27,0
2.3378788807251465,6.682761995658682,8.416453409328359,27,1
5.163180365768078,7.453859614099061,5.108685534509753,27,1
11.769154761663886,4.890948650694453,6.899977984694775,27,0
16.06744915886397,7.398690885219131,9.142750872489897,27,0
3.488148216817517,6.441871698799595,7.243112543054763,27,0
4.598677336022584,8.416453409328359,5.108685534509753,27,0
9.356826769264872,7.453859614099061,8.416453409328359,27,0
4.383429343056495,4.3472005123782385,4.503098623077958,27,0
9.277287141787303,9.434424966019304,6.682761995658682,27,0
12.301415718694576,3.677994862120087,9.142750872489897,27,0
10.768133881159025,6.385115403942071,6.948319725785947,27,0
3.8415740300659764,4.890948650694453,1.8658415180801675,27,0
2.195618043850187,4.890948650694453,5.108685534509753,27,0
3.445592729083401,6.899977984694775,7.398690885219131,27,1
4.383429343056495,4.503098623077958,4.3472005123782385,27,0
8.203758824746568,4.503098623077958,7.314229274375036,27,0
2.3292344826065214,4.890948650694453,6.682761995658682,27,1
9.942899437746817,7.453859614099061,3.677994862120087,27,0
4.678375746846741,3.677994862120087,6.948319725785947,27,0
13.062912196349352,7.398690885219131,6.441871698799595,27,0
1.6867908215876777,7.243112543054763,7.162241798459989,27,1
16.06744915886397,7.398690885219131,9.142750872489897,27,0
14.451917356492974,7.314229274375036,7.398690885219131,27,0
7.476859155853729,7.150508770153945,3.677994862120087,27,0
9.61632864452447,4.235063452488867,7.314229274375036,27,0
6.506775015218616,4.890948650694453,6.856309301035682,27,0
4.413275721159696,6.385115403942071,1.9732039819276723,27,0
12.972270095026195,7.398690885219131,7.162241798459989,27,0
7.472651125428256,1.9732039819276723,9.434424966019304,27,0
16.06744915886397,7.398690885219131,9.142750872489897,27,0
10.479370684913736,7.2025835143852,5.108685534509753,27,0
11.552536609313359,7.243112543054763,4.3472005123782385,27,0
11.239027464900223,4.235063452488867,7.243112543054763,27,0
5.8581722508678755,9.142750872489897,7.243112543054763,27,0
11.239027464900223,7.243112543054763,4.235063452488867,27,0
8.87606218818971,7.243112543054763,3.677994862120087,27,0
9.523348006904016,8.082698429774029,4.3472005123782385,27,0
12.430051156955633,7.150508770153945,6.385115403942071,27,0
11.633675992290517,4.235063452488867,9.142750872489897,27,0
11.763845404185568,7.453859614099061,4.3472005123782385,27,0
9.335075188851112,6.441871698799595,3.677994862120087,27,0
5.218029226677903,6.658411726286395,7.243112543054763,27,0
5.885301870775683,7.150508770153945,1.8658415180801675,27,1
8.671233017271957,6.856309301035682,7.2025835143852,27,0
3.401556533814126,4.890948650694453,4.503098623077958,27,1
9.538548202869192,3.677994862120087,6.856309301035682,27,0
15.037831044803049,8.416453409328359,6.948319725785947,27,0
2.995900330177157,7.453859614099061,6.385115403942071,27,0
2.4619987189140087,1.9732039819276723,1.4692407953924143,27,0
11.485398976145133,6.441871698799595,8.082698429774029,27,0
3.401556533814126,4.503098623077958,4.890948650694453,27,1
6.431915131154242,7.2025835143852,7.243112543054763,27,0
7.5641732976029195,4.890948650694453,9.434424966019304,27,0
7.954106909948364,6.658411726286395,7.398690885219131,27,0
10.273064260250678,4.503098623077958,7.398690885219131,27,0
12.685942333758579,9.434424966019304,6.948319725785947,27,0
16.17762561575249,9.434424966019304,7.398690885219131,27,0
4.208868592988332,8.082698429774029,6.658411726286395,27,1
8.461825035485239,5.108685534509753,4.3472005123782385,27,0
6.801342599257336,4.235063452488867,5.108685534509753,27,0
8.87606218818971,7.243112543054763,3.677994862120087,27,0
11.633675992290517,4.235063452488867,9.142750872489897,27,0
4.926735034302727,1.8658415180801675,3.677994862120087,27,0
11.239027464900223,7.243112543054763,4.235063452488867,27,0
4.528909694542542,1.9732039819276723,6.441871698799595,27,0
10.6536984744017,3.677994862120087,7.314229274375036,27,0
3.5409702699983674,4.890948650694453,8.416453409328359,27,1
1.9514408458627892,7.162241798459989,6.441871698799595,27,0
14.451917356492974,7.314229274375036,7.398690885219131,27,0
6.638519127351717,6.658411726286395,7.162241798459989,27,0
11.769154761663886,6.899977984694775,4.890948650694453,27,0
12.497170472193735,5.108685534509753,7.398690885219131,27,0
11.119854397304604,7.314229274375036,4.3472005123782385,27,0
6.089913975855512,4.235063452488867,3.677994862120087,27,0
5.548920990877855,1.4692407953924143,6.948319725785947,27,0
6.713657044972257,7.314229274375036,6.682761995658682,27,0
7.752820590117886,6.682761995658682,4.3472005123782385,27,0
3.065937258032223,1.4692407953924143,3.677994862120087,27,1
1.7216256620861947,6.948319725785947,8.082698429774029,27,1
8.918093542026007,6.658411726286395,6.385115403942071,27,0
3.33344763937102,1.4692407953924143,1.8658415180801675,27,0
5.671126705600807,7.243112543054763,7.314229274375036,27,0
2.366687026842965,6.899977984694775,6.948319725785947,27,0
13.604001255970939,6.856309301035682,7.150508770153945,27,0
2.79772918633072,1.8658415180801675,1.9732039819276723,27,0
6.308555665348624,6.441871698799595,1.4692407953924143,27,0
4.9929585614909096,7.243112543054763,6.385115403942071,27,0
9.480010709359773,5.108685534509753,6.658411726286395,27,0
5.198223736462187,6.658411726286395,1.4692407953924143,27,0
13.20939931100799,5.187150438645296,8.135820210047333,15,0
5.183748636983498,8.596625123208307,5.187150438645296,15,1
7.4938022435521265,5.803914643321644,6.567143417075525,15,0
7.061339716623221,9.36986959996019,3.2635586627246704,15,1
12.363720282369115,5.803914643321644,8.135820210047333,15,0
12.173060412021835,5.187150438645296,7.628033960352798,15,0
9.680484378307908,7.549204426020236,7.7187932756559094,15,0
9.680484378307908,7.7187932756559094,7.549204426020236,15,0
9.356414907967515,8.596625123208307,2.268917813673173,15,0
7.371413085271064,5.684177167555227,5.803914643321644,15,0
11.080030728100699,10.462653263959302,7.628033960352798,15,0
3.0191747251609593,8.135820210047333,7.628033960352798,15,1
9.356414907967515,8.596625123208307,2.268917813673173,15,0
7.6779174720131325,5.803914643321644,2.268917813673173,15,0
1.665518654063768,7.7187932756559094,6.567143417075525,15,0
7.5713204773185305,2.268917813673173,5.684177167555227,15,0
7.040367646414865,5.187150438645296,1.9217060410194677,15,0
3.687013782823663,5.684177167555227,9.36986959996019,15,0
8.401793742227813,8.135820210047333,10.462653263959302,15,0
7.371413085271064,5.684177167555227,5.803914643321644,15,0
8.662994212878987,10.462653263959302,1.9217060410194677,15,0
8.256092903906474,1.9217060410194677,7.549204426020236,15,0
7.346015169587216,2.268917813673173,7.628033960352798,15,1
11.227433558950306,9.36986959996019,2.268917813673173,15,0
8.758578873291842,5.684177167555227,9.670514128386916,15,0
6.806456443284472,9.36986959996019,8.135820210047333,15,0
9.680484378307908,7.7187932756559094,7.549204426020236,15,0
3.9066841183317034,6.567143417075525,10.462653263959302,15,0
14.656101720953071,8.135820210047333,7.549204426020236,15,0
11.233231721564408,5.187150438645296,6.567143417075525,15,0
3.631274009527417,3.2635586627246704,5.684177167555227,15,0
6.715164130199558,1.9217060410194677,7.628033960352798,15,0
9.419561514250223,2.268917813673173,9.670514128386916,15,1
4.92085116034309,8.135820210047333,3.2635586627246704,15,0
6.419946309756017,5.187150438645296,5.803914643321644,15,1
16.21861659363658,8.596625123208307,7.628033960352798,15,0
5.048092185105281,3.2635586627246704,7.628033960352798,15,0
8.256092903906474,7.549204426020236,1.9217060410194677,15,0
7.823753570886653,3.2635586627246704,5.803914643321644,15,0
9.476123066765053,7.628033960352798,9.36986959996019,15,0
8.436333704201266,3.2635586627246704,10.462653263959302,15,1
4.691564557107495,6.567143417075525,3.2635586627246704,15,0
2.687990562657784,7.7187932756559094,5.684177167555227,15,0
6.4330247002541805,7.549204426020236,5.187150438645296,15,1
14.250977097776577,9.670514128386916,5.187150438645296,15,0
12.173060412021835,5.187150438645296,7.628033960352798,15,0
7.346015169587216,2.268917813673173,7.628033960352798,15,1
7.823753570886653,3.2635586627246704,5.803914643321644,15,0
4.395185229489661,3.2635586627246704,2.268917813673173,15,0
4.843153176394912,5.187150438645296,2.268917813673173,15,0
7.880910390905159,7.7187932756559094,8.135820210047333,15,0
9.476123066765053,7.628033960352798,9.36986959996019,15,0
12.85289451504884,7.628033960352798,5.803914643321644,15,0
10.126694102861984,9.36986959996019,9.670514128386916,15,0
2.8777707270588877,6.567143417075525,9.36986959996019,15,0
6.25469625426932,3.2635586627246704,7.7187932756559094,15,1
7.4938022435521265,6.567143417075525,5.803914643321644,15,0
4.691564557107495,3.2635586627246704,6.567143417075525,15,0
9.999804011965004,7.7187932756559094,7.628033960352798,15,0
6.05521926997044,1.9217060410194677,7.7187932756559094,15,0
14.73742875765552,5.803914643321644,9.670514128386916,15,0
3.3948733188157925,7.549204426020236,8.596625123208307,15,1
6.05521926997044,1.9217060410194677,7.7187932756559094,15,0
3.687013782823663,9.36986959996019,5.684177167555227,15,0
3.3948733188157925,7.549204426020236,8.596625123208307,15,1
7.403437166630413,7.7187932756559094,5.803914643321644,15,0
3.631274009527417,3.2635586627246704,5.684177167555227,15,0
7.403437166630413,5.803914643321644,7.7187932756559094,15,0
3.9066841183317034,6.567143417075525,10.462653263959302,15,0
7.403437166630413,7.7187932756559094,5.803914643321644,15,0
6.806456443284472,8.135820210047333,9.36986959996019,15,0
8.634892803457932,9.670514128386916,1.9217060410194677,15,0
3.687013782823663,5.684177167555227,9.36986959996019,15,0
8.432720416051461,3.2635586627246704,5.187150438645296,15,0
3.327354309772718,8.135820210047333,9.670514128386916,15,1
12.67474586340693,8.596625123208307,7.7187932756559094,15,0
8.256092903906474,7.549204426020236,1.9217060410194677,15,0
1.0625474201077316,5.684177167555227,6.567143417075525,15,1
14.946879349731704,7.549204426020236,7.628033960352798,15,0
9.999804011965004,7.7187932756559094,7.628033960352798,15,0
11.612374579069778,8.596625123208307,3.2635586627246704,15,0
6.25469625426932,3.2635586627246704,7.7187932756559094,15,1
3.9066841183317034,6.567143417075525,10.462653263959302,15,0
9.476123066765053,9.36986959996019,7.628033960352798,15,0
8.432720416051461,5.187150438645296,3.2635586627246704,15,0
7.040367646414865,1.9217060410194677,5.187150438645296,15,0
9.062444649802703,7.549204426020236,2.268917813673173,15,0
7.438919098940693,5.684177167555227,7.628033960352798,15,0
4.395185229489661,2.268917813673173,3.2635586627246704,15,0
7.438919098940693,7.628033960352798,5.684177167555227,15,0
8.758578873291842,5.684177167555227,9.670514128386916,15,0
6.357465305230886,8.135820210047333,6.567143417075525,15,0
11.233231721564408,6.567143417075525,5.187150438645296,15,0
6.357465305230886,6.567143417075525,8.135820210047333,15,0
7.498955582715858,9.36986959996019,1.9217060410194677,15,0
14.656101720953071,7.549204426020236,8.135820210047333,15,0
6.917130022854186,9.670514128386916,3.2635586627246704,15,0
5.684319439193414,5.684177167555227,8.135820210047333,15,0
8.350657447332967,7.628033960352798,6.567143417075525,15,0
11.996093890124659,5.187150438645296,7.7187932756559094,15,0
4.75673254778001,1.9217060410194677,6.567143417075525,15,1
9.680484378307908,7.7187932756559094,7.549204426020236,15,0
7.4938022435521265,6.567143417075525,5.803914643321644,15,0
8.54152536021822,2.268917813673173,6.567143417075525,15,0
2.9945762150761754,7.7187932756559094,10.462653263959302,15,1
10.300555021516198,10.462653263959302,5.803914643321644,15,0
12.505134189087503,7.549204426020236,10.462653263959302,15,0
15.598559706983416,8.596625123208307,10.462653263959302,15,0
12.586642914894357,6.567143417075525,8.596625123208307,15,0
6.503052700530149,2.566753176676058,3.9400462862182453,27,0
2.317997076652418,6.657728155172373,8.698258230204301,27,0
12.372999429513742,6.430372236208334,6.549989390632006,27,0
14.537729031053768,6.549989390632006,9.45483020246277,27,0
5.641651356197859,4.248282140689665,4.788577481381168,27,0
14.97983192000219,6.657728155172373,8.42280898698814,27,0
14.932120239215415,7.316488107400766,9.45483020246277,27,0
12.782417418650097,8.42280898698814,6.997505003354022,27,0
7.014741979738934,5.24032445265544,2.0751828193106014,27,0
1.532565574266572,5.40189498627537,3.9400462862182453,27,1
13.837770685574242,7.316488107400766,8.483031810642922,27,0
3.3610370017245392,4.788577481381168,6.549989390632006,27,1
12.782715055960193,4.248282140689665,8.865839334036442,27,0
4.176149462909285,4.248282140689665,8.415443821312634,27,1
5.367053458597328,1.7896110727025207,3.9400462862182453,27,0
2.317997076652418,6.657728155172373,8.698258230204301,27,0
1.9994592065063803,7.520809630190122,6.549989390632006,27,0
4.8044055978290565,1.7896110727025207,4.788577481381168,27,0
9.06443511949516,3.9400462862182453,7.520809630190122,27,0
7.928448844830601,5.40189498627537,7.316488107400766,27,0
17.08312928088983,8.42280898698814,9.45483020246277,27,0
7.013946400381387,1.7896110727025207,8.42280898698814,27,0
7.068993206331182,5.40189498627537,6.657728155172373,27,0
14.93854340609831,6.657728155172373,8.415443821312634,27,0
6.503052700530149,2.566753176676058,3.9400462862182453,27,0
11.534969380843462,9.45483020246277,2.566753176676058,27,0
2.9212323674424887,8.957321811933143,6.657728155172373,27,1
9.960896262073383,4.2082482519942035,8.698258230204301,27,0
0.9266695678576501,6.549989390632006,7.316488107400766,27,1
16.817059741504472,8.698258230204301,8.42280898698814,27,0
11.437987654232566,8.698258230204301,4.788577481381168,27,0
2.1332253778589307,2.0751828193106014,4.2082482519942035,27,1
8.124744885963299,8.42280898698814,2.566753176676058,27,0
9.521842350037426,4.2082482519942035,6.549989390632006,27,0
5.078598574393244,3.9400462862182453,5.974531460566969,27,0
7.714238797285994,7.7699929378247035,4.788577481381168,27,0
6.609531909607159,8.415443821312634,7.316488107400766,27,0
5.367053458597328,1.7896110727025207,3.9400462862182453,27,0
2.7886349891809488,8.42280898698814,6.549989390632006,27,0
10.46105534748877,4.2082482519942035,8.42280898698814,27,0
11.074191781762186,7.7699929378247035,6.549989390632006,27,0
5.261888227065405,5.24032445265544,8.42280898698814,27,0
10.321462316946617,6.758696745128016,3.675101239465721,27,0
8.723478254296486,2.0751828193106014,6.997505003354022,27,0
10.044980923423424,6.549989390632006,6.997505003354022,27,0
10.613328109218898,4.2082482519942035,6.997505003354022,27,0
6.1186959784412105,8.42280898698814,4.788577481381168,27,0
9.008287040864767,5.974531460566969,4.788577481381168,27,0
11.435610340671442,9.45483020246277,4.2082482519942035,27,0
3.3610370017245392,6.549989390632006,4.788577481381168,27,1
4.009432678294279,8.698258230204301,6.758696745128016,27,0
14.057269133761267,7.520809630190122,6.657728155172373,27,0
4.98605707117373,8.415443821312634,3.675101239465721,27,0
8.704902221106757,4.2082482519942035,8.957321811933143,27,0
7.437755012994649,5.40189498627537,3.675101239465721,27,0
3.9980180663539797,3.675101239465721,5.24032445265544,27,0
14.510663003306668,8.415443821312634,6.997505003354022,27,0
3.645776355677747,8.483031810642922,6.657728155172373,27,0
13.252725831786824,7.316488107400766,6.430372236208334,27,0
6.313704466305248,6.657728155172373,6.997505003354022,27,0
9.114180624488931,8.957321811933143,6.997505003354022,27,0
8.279803186763356,7.7699929378247035,8.865839334036442,27,0
10.223964505006922,4.788577481381168,8.483031810642922,27,0
11.366195450557568,3.9400462862182453,8.415443821312634,27,0
14.450516424555353,8.698258230204301,6.549989390632006,27,0
8.15164848968206,6.430372236208334,4.248282140689665,27,0
2.1112753611245454,1.7896110727025207,3.675101239465721,27,1
10.485877685403937,1.7896110727025207,8.957321811933143,27,0
4.349655521619763,6.997505003354022,8.483031810642922,27,0
6.470387685107979,2.566753176676058,4.788577481381168,27,0
5.8874393786636725,8.698258230204301,7.7699929378247035,27,0
6.150592373530537,6.657728155172373,3.9400462862182453,27,0
1.9994592065063803,7.520809630190122,6.549989390632006,27,0
1.9625832442952815,3.071768633549099,4.2082482519942035,27,1
10.490580249767744,4.248282140689665,6.758696745128016,27,0
6.635791656617215,8.415443821312634,1.7896110727025207,27,0
14.97983192000219,6.657728155172373,8.42280898698814,27,0
3.645776355677747,8.483031810642922,6.657728155172373,27,0
7.068993206331182,5.40189498627537,6.657728155172373,27,0
9.625082932369915,3.675101239465721,5.974531460566969,27,0
5.078598574393244,5.974531460566969,3.9400462862182453,27,0
4.349655521619763,8.483031810642922,6.997505003354022,27,0
3.6366400063443542,5.974531460566969,8.865839334036442,27,0
8.599945878121208,7.7699929378247035,5.24032445265544,27,0
10.729987740700746,3.071768633549099,7.7699929378247035,27,0
2.317997076652418,8.698258230204301,6.657728155172373,27,0
4.067609098727514,7.520809630190122,3.675101239465721,27,0
3.3598728997416387,5.40189498627537,7.7699929378247035,27,1
12.90507660660677,4.248282140689665,8.698258230204301,27,0
7.759347250283324,3.9400462862182453,7.316488107400766,27,0
7.84943826086808,8.698258230204301,5.40189498627537,27,0
12.372999429513742,6.430372236208334,6.549989390632006,27,0
4.222835664805407,2.0751828193106014,4.248282140689665,27,0
5.199990081086156,6.758696745128016,6.430372236208334,27,0
1.6718780162296363,2.566753176676058,1.7896110727025207,27,1
8.597857263199598,2.0751828193106014,8.957321811933143,27,0
7.37307301180012,3.9400462862182453,6.549989390632006,27,0
12.522201638312804,8.865839334036442,4.788577481381168,27,0
13.245604347259434,6.758696745128016,6.549989390632006,27,0
7.009744716102225,3.9400462862182453,3.071768633549099,27,0
10.45255238792468,1.7896110727025207,8.698258230204301,27,0
2.465237321609923,4.2082482519942035,2.566753176676058,27,0
15.076840983568626,8.483031810642922,7.520809630190122,27,0
15.468246340784368,7.7699929378247035,8.415443821312634,27,0
10.507143239787608,3.675101239465721,7.7699929378247035,27,0
1.532565574266572,5.40189498627537,3.9400462862182453,27,1
2.3312010509549603,5.40189498627537,6.997505003354022,27,1
6.692172468602638,1.7896110727025207,5.40189498627537,27,0
0.6045446103509351,2.566753176676058,3.071768633549099,27,0
8.69422655923785,6.430372236208334,3.675101239465721,27,0
8.58347452618318,5.40189498627537,6.758696745128016,27,0
6.470387685107979,4.788577481381168,2.566753176676058,27,0
0.6045446103509351,3.071768633549099,2.566753176676058,27,0
7.928448844830601,7.316488107400766,5.40189498627537,27,0
14.932120239215415,7.316488107400766,9.45483020246277,27,0
8.124744885963299,2.566753176676058,8.42280898698814,27,0
8.647808474884169,8.865839334036442,2.0751828193106014,27,0
4.684805531105569,4.1734556724697285,7.104723521517461,19,0
14.991233243859282,10.366069711812061,4.6972588607269055,19,0
1.7237192169121798,5.788651985672609,4.1734556724697285,19,0
15.53775600727656,6.920416654771896,10.071355976728638,19,0
7.563006035508988,1.8304017818733378,5.788651985672609,19,0
14.511303278105862,6.9179597036752245,7.911336174911597,19,0
11.927568783885071,4.218033534374322,7.896960488213814,19,0
7.22657641787616,10.071355976728638,5.4693709675826785,19,0
5.987215969101742,1.8304017818733378,4.1734556724697285,19,0
11.589022640045599,7.347807621083195,6.920416654771896,19,0
1.716352494382361,5.4829778270265805,7.104723521517461,19,0
5.460888484692185,7.347807621083195,7.104723521517461,19,0
12.959047380445746,7.911336174911597,10.366069711812061,19,0
5.691375960973777,4.218033534374322,5.767718561050992,19,0
11.793641074377549,7.347807621083195,9.84799375946592,19,0
8.539086257114555,10.366069711812061,1.8304017818733378,19,1
1.3706013368250223,3.4308105048364212,4.218033534374322,19,0
3.621006636569698,5.788651985672609,5.4829778270265805,19,0
11.995068344321613,7.911336174911597,9.84799375946592,19,0
11.850965216761864,4.6972588607269055,10.071355976728638,19,0
11.214452121649515,10.071355976728638,5.069713707689531,19,0
11.995068344321613,9.84799375946592,7.911336174911597,19,0
8.914923851559877,4.218033534374322,10.366069711812061,19,0
5.143683380337773,7.911336174911597,5.4829778270265805,19,0
10.97674486157517,6.9179597036752245,5.767718561050992,19,0
11.26430308359046,5.069713707689531,6.920416654771896,19,0
6.368429100995111,5.4829778270265805,3.4308105048364212,19,1
7.2778250214085665,3.4308105048364212,4.6972588607269055,19,0
6.293909613132446,1.8304017818733378,5.4693709675826785,19,0
15.53775600727656,6.920416654771896,10.071355976728638,19,0
12.740921512393504,10.366069711812061,7.347807621083195,19,0
10.221526325123254,5.4829778270265805,5.069713707689531,19,0
8.03396330193281,4.1734556724697285,7.347807621083195,19,0
11.26430308359046,6.920416654771896,5.069713707689531,19,0
5.225293922309755,5.4693709675826785,5.788651985672609,19,0
0.5812155181859266,7.347807621083195,7.911336174911597,19,1
8.539086257114555,10.366069711812061,1.8304017818733378,19,1
5.786287739584647,9.84799375946592,5.069713707689531,19,1
8.920856292696968,10.071355976728638,5.4829778270265805,19,0
4.664166293214534,5.069713707689531,3.4308105048364212,19,0
13.728829076855543,5.767718561050992,9.84799375946592,19,0
10.828315755893678,5.069713707689531,5.788651985672609,19,0
7.283701067586891,4.6972588607269055,4.218033534374322,19,0
4.047803188669583,5.767718561050992,5.788651985672609,19,1
6.929957996842165,1.8304017818733378,5.767718561050992,19,0
2.977901692737971,7.104723521517461,5.4693709675826785,19,0
8.366454441992083,4.6972588607269055,7.911336174911597,19,0
9.889301052902113,7.896960488213814,5.767718561050992,19,0
2.294437522097974,3.4308105048364212,1.8304017818733378,19,0
6.1271702339744865,5.788651985672609,7.896960488213814,19,0
10.538510763887158,5.4829778270265805,6.9179597036752245,19,0
4.8387684237749,5.4693709675826785,4.6972588607269055,19,0
12.740921512393504,7.347807621083195,10.366069711812061,19,0
13.718587214153773,9.84799375946592,5.4829778270265805,19,0
4.085203866349753,4.6972588607269055,7.104723521517461,19,1
8.914923851559877,10.366069711812061,4.218033534374322,19,0
11.53899295324619,7.104723521517461,6.9179597036752245,19,0
12.558386604079802,5.4693709675826785,9.84799375946592,19,0
7.9370890826316725,1.8304017818733378,6.9179597036752245,19,0
17.352042801763957,7.896960488213814,10.071355976728638,19,0
1.716352494382361,5.4829778270265805,7.104723521517461,19,0
13.728829076855543,5.767718561050992,9.84799375946592,19,0
17.060705175813364,6.920416654771896,10.366069711812061,19,0
9.733119674631192,4.6972588607269055,5.069713707689531,19,0
17.324806888770713,7.896960488213814,10.366069711812061,19,0
9.468920164764969,1.8304017818733378,7.896960488213814,19,0
10.372682052222341,7.347807621083195,5.069713707689531,19,0
15.53775600727656,10.071355976728638,6.920416654771896,19,0
7.607744365955102,5.767718561050992,6.920416654771896,19,0
9.811982368947232,10.071355976728638,7.104723521517461,19,0
15.53775600727656,6.920416654771896,10.071355976728638,19,0
5.846042574529091,7.104723521517461,7.911336174911597,19,0
14.487087969452395,10.366069711812061,5.4829778270265805,19,0
10.149262502243324,6.9179597036752245,3.4308105048364212,19,0
8.06116924551862,7.104723521517461,3.4308105048364212,19,0
14.511303278105862,6.9179597036752245,7.911336174911597,19,0
12.558386604079802,5.4693709675826785,9.84799375946592,19,0
9.158811365152136,5.069713707689531,4.1734556724697285,19,0
5.846042574529091,7.911336174911597,7.104723521517461,19,0
11.367671322524602,10.366069711812061,10.071355976728638,19,0
11.937130028949682,4.1734556724697285,10.071355976728638,19,0
1.7009626304428997,5.4829778270265805,5.4693709675826785,19,1
0.45789007954824573,5.4829778270265805,5.767718561050992,19,0
17.324806888770713,10.366069711812061,7.896960488213814,19,0
8.03396330193281,4.1734556724697285,7.347807621083195,19,0
5.691375960973777,4.218033534374322,5.767718561050992,19,0
5.460888484692185,7.347807621083195,7.104723521517461,19,0
3.8428753282958845,5.4829778270265805,4.1734556724697285,19,0
15.454055440605131,9.84799375946592,5.788651985672609,19,0
4.3765093686497725,4.218033534374322,7.347807621083195,19,1
8.229041960402974,7.347807621083195,5.788651985672609,19,0
7.476997975357233,4.6972588607269055,6.9179597036752245,19,0
5.143683380337773,7.911336174911597,5.4829778270265805,19,0
6.929957996842165,5.767718561050992,1.8304017818733378,19,0
5.460888484692185,7.347807621083195,7.104723521517461,19,0
1.659987113559101,7.104723521517461,5.767718561050992,19,1
13.728829076855543,9.84799375946592,5.767718561050992,19,0
6.155103573705318,3.4308105048364212,7.911336174911597,19,0
7.3504115736215505,4.218033534374322,7.104723521517461,19,0
7.563006035508988,5.788651985672609,1.8304017818733378,19,0
13.718587214153773,5.4829778270265805,9.84799375946592,19,0
8.613112015766578,5.4693709675826785,6.920416654771896,19,0
4.754505826687661,7.911336174911597,5.767718561050992,19,0
7.151230077320888,3.4308105048364212,10.071355976728638,19,0
6.293909613132446,1.8304017818733378,5.4693709675826785,19,0
6.480887259178381,1.8304017818733378,4.6972588607269055,19,0
7.607744365955102,5.767718561050992,6.920416654771896,19,0
7.4836795722546166,1.8304017818733378,7.347807621083195,19,0
13.728829076855543,5.767718561050992,9.84799375946592,19,0
9.425924064116053,10.071355976728638,1.8304017818733378,19,0
4.352447234855785,10.071355976728638,7.347807621083195,19,1
14.660719789812811,6.9179597036752245,10.366069711812061,19,0
1.7009626304428997,5.4693709675826785,5.4829778270265805,19,1
11.995068344321613,9.84799375946592,7.911336174911597,19,0
8.472691159491786,9.346302413385184,3.4689613703579782,26,1
8.553321864229165,9.268897624126009,1.5264812604404805,26,0
8.812658517040896,6.924641548252457,9.346302413385184,26,0
5.996989247253265,7.676776190115729,2.014779224516632,26,0
15.343520984178888,8.155950813555153,7.676776190115729,26,0
6.7462119837460675,1.4785486469722342,6.1996042977009225,26,0
10.846853986615804,6.924641548252457,8.408905647668746,26,0
11.870887260919961,6.902025277278937,5.070337418316408,26,0
9.752577786885837,1.5264812604404805,8.288903454311374,26,0
7.9295008011736305,2.014779224516632,6.902025277278937,26,0
7.357124216981747,9.346302413385184,6.8839733285086595,26,0
10.10039282128388,8.952639027702363,3.73037361516381,26,0
6.092902218774853,2.3165069967389043,8.40630845073163,26,0
10.773362161172829,9.773829217707858,5.070337418316408,26,0
3.428845427067847,2.014779224516632,1.5264812604404805,26,0
12.17164630983552,6.1996042977009225,8.155950813555153,26,0
7.424983171272576,6.0591348907643825,1.4785486469722342,26,0
14.865333921052395,9.268897624126009,7.676776190115729,26,0
15.748436100561259,10.008533747850521,5.848219742095641,26,0
14.865333921052395,7.676776190115729,9.268897624126009,26,0
10.773362161172829,5.070337418316408,9.773829217707858,26,0
9.568452823586393,5.848219742095641,3.73037361516381,26,0
17.345134989646322,9.773829217707858,7.676776190115729,26,0
18.706835500738567,8.952639027702363,9.773829217707858,26,0
6.0156612572601285,8.408905647668746,8.952639027702363,26,0
13.306932262328578,6.902025277278937,8.155950813555153,26,0
14.461669203666759,6.0591348907643825,8.40630845073163,26,0
3.5400972928396826,2.3165069967389043,5.070337418316408,26,0
7.5762938166876745,8.952639027702363,1.4785486469722342,26,0
2.949375835992418,8.155950813555153,9.773829217707858,26,1
15.367009393373102,6.924641548252457,9.08097368211194,26,0
1.9353785750564132,8.288903454311374,6.8839733285086595,26,0
2.635543030109019,6.1996042977009225,3.73037361516381,26,1
9.97690119598193,3.917749702792028,8.155950813555153,26,0
7.989667430977032,5.070337418316408,2.9586735791699343,26,0
8.460858873418852,9.08097368211194,8.408905647668746,26,0
16.7675108065236,8.408905647668746,9.773829217707858,26,0
5.335031971674992,8.155950813555153,3.4689613703579782,26,0
9.209936271079663,3.4689613703579782,6.1996042977009225,26,0
6.236598444360359,1.5264812604404805,6.924641548252457,26,1
11.355464249031536,9.773829217707858,2.014779224516632,26,0
8.581040105489906,9.08097368211194,3.917749702792028,26,0
10.951356758073798,2.9586735791699343,8.408905647668746,26,0
3.850641658606929,6.0591348907643825,2.9586735791699343,26,0
8.290561905775412,9.773829217707858,1.5264812604404805,26,1
8.793858669361878,3.73037361516381,5.070337418316408,26,0
11.094069955863857,8.40630845073163,2.9586735791699343,26,0
12.516856301552048,6.8839733285086595,6.0591348907643825,26,0
18.614111279020545,9.268897624126009,9.346302413385184,26,0
13.123459929171434,9.268897624126009,3.917749702792028,26,0
17.463736984883173,8.40630845073163,9.268897624126009,26,0
7.6454464333599095,3.4689613703579782,9.773829217707858,26,0
1.9353785750564132,8.288903454311374,6.8839733285086595,26,0
3.491150740393127,5.070337418316408,3.4689613703579782,26,1
4.467733014729297,2.9586735791699343,6.902025277278937,26,0
8.903987849143725,7.676776190115729,5.848219742095641,26,0
18.750576311216506,9.08097368211194,9.773829217707858,26,0
15.143718716508396,9.346302413385184,6.0591348907643825,26,0
8.290561905775412,1.5264812604404805,9.773829217707858,26,1
11.53498230181591,3.4689613703579782,8.952639027702363,26,0
8.926553901500235,6.1996042977009225,9.08097368211194,26,0
11.492982915165038,5.070337418316408,9.08097368211194,26,0
4.292390472422026,5.848219742095641,2.3165069967389043,26,0
9.625426290292804,1.5264812604404805,8.40630845073163,26,0
2.717569544605794,8.952639027702363,9.08097368211194,26,1
7.381733456832706,3.73037361516381,3.917749702792028,26,0
8.092185296225976,5.070337418316408,8.155950813555153,26,0
4.089574750488433,8.408905647668746,9.346302413385184,26,0
5.131119946736784,6.0591348907643825,6.1996042977009225,26,0
4.485953659559343,8.40630845073163,6.8839733285086595,26,0
3.2012717995602102,8.40630845073163,8.288903454311374,26,1
13.604433673855555,9.773829217707858,6.902025277278937,26,0
9.77013402096065,8.155950813555153,3.73037361516381,26,0
5.152011001365049,6.8839733285086595,2.3165069967389043,26,0
8.192554829362601,6.902025277278937,9.08097368211194,26,0
6.739280388874471,3.917749702792028,2.9586735791699343,26,0
10.086794921518033,2.9586735791699343,8.952639027702363,26,0
18.750576311216506,9.773829217707858,9.08097368211194,26,0
4.933809505212562,6.0591348907643825,1.5264812604404805,26,0
13.928330112969961,6.0591348907643825,8.952639027702363,26,0
7.565132706603973,1.4785486469722342,6.924641548252457,26,0
3.073834257597861,8.40630845073163,9.346302413385184,26,0
10.416591787919645,2.9586735791699343,8.288903454311374,26,0
13.43230989712969,8.40630845073163,6.1996042977009225,26,0
12.516856301552048,6.8839733285086595,6.0591348907643825,26,0
3.428845427067847,2.014779224516632,1.5264812604404805,26,0
9.326032088794753,1.4785486469722342,8.155950813555153,26,0
5.131119946736784,6.0591348907643825,6.1996042977009225,26,0
7.381733456832706,3.917749702792028,3.73037361516381,26,0
8.192554829362601,9.08097368211194,6.902025277278937,26,0
10.364661428999344,9.773829217707858,3.73037361516381,26,0
0.5847078196967229,2.3165069967389043,2.014779224516632,26,1
5.131119946736784,6.1996042977009225,6.0591348907643825,26,0
14.817570930046163,9.268897624126009,5.848219742095641,26,0
12.173616858256688,9.08097368211194,3.4689613703579782,26,0
11.132547176467638,9.773829217707858,1.4785486469722342,26,0
3.903769948054842,6.0591348907643825,3.73037361516381,26,0
3.5925561590029167,2.3165069967389043,1.5264812604404805,26,0
5.996989247253265,2.014779224516632,7.676776190115729,26,0
4.933809505212562,1.5264812604404805,6.0591348907643825,26,0
12.173616858256688,9.08097368211194,3.4689613703579782,26,0
7.424983171272576,1.4785486469722342,6.0591348907643825,26,0
9.175736794555084,2.3165069967389043,8.155950813555153,26,0
13.43230989712969,6.1996042977009225,8.40630845073163,26,0
6.302643341622758,6.1996042977009225,1.5264812604404805,26,0
12.150074367412975,2.3165069967389043,10.008533747850521,26,0
9.86275233111675,6.924641548252457,3.73037361516381,26,0
13.027181999648898,7.676776190115729,6.0591348907643825,26,0
9.828241847104454,6.902025277278937,7.676776190115729,26,0
18.614111279020545,9.346302413385184,9.268897624126009,26,0
7.920759445536691,8.155950813555153,6.0591348907643825,26,0
14.147029724113866,8.288903454311374,6.0591348907643825,26,0
4.9815451924067675,9.346302413385184,5.070337418316408,26,1
5.105020541057766,3.917749702792028,1.5264812604404805,26,0
9.723705540208666,1.5264812604404805,8.408905647668746,26,0
8.022443224719586,6.1996042977009225,2.3165069967389043,26,0
11.050298065005759,9.773829217707858,5.848219742095641,26,0
11.260239330136557,9.773829217707858,2.3165069967389043,26,0
4.900580025144176,2.2191351831708443,5.052578501979077,23,0
7.086324242054897,8.060078389866373,8.00062013300834,23,0
12.65784889336691,8.732694450985107,10.846665338130942,23,0
5.375115994075409,8.2310289018548,5.6091342884673905,23,0
4.758663568855105,3.5361471043387622,8.060078389866373,23,0
5.991825104555334,3.5361471043387622,3.285510472723232,23,0
10.574533585418521,4.309138777343703,7.064316498812733,23,0
5.767253389639014,4.309138777343703,8.2310289018548,23,0
5.737540111352755,2.2191351831708443,3.5361471043387622,23,0
13.443991067428533,8.498659604432584,7.2980517032393335,23,0
6.44809131546271,1.056684922540822,5.516879272955114,23,0
17.434920254445757,8.732694450985107,8.708435067648907,23,0
11.079183454366873,5.052578501979077,8.060078389866373,23,0
2.656912163299212,7.161018225632287,8.2310289018548,23,1
3.10122016441291,7.161018225632287,5.516879272955114,23,0
7.235988178573305,8.2310289018548,8.00062013300834,23,0
10.229304098468528,8.732694450985107,2.2191351831708443,23,0
6.44809131546271,5.516879272955114,1.056684922540822,23,0
8.847084957013823,7.161018225632287,8.00062013300834,23,0
9.670392790569574,5.516879272955114,7.064316498812733,23,0
5.810328752095543,1.056684922540822,5.316559381746053,23,0
14.543263990726578,6.9838458450145025,8.498659604432584,23,0
3.9235069112931313,3.285510472723232,7.064316498812733,23,0
7.684211759061502,2.2191351831708443,8.708435067648907,23,0
16.52028788627485,8.2310289018548,8.360171889923116,23,0
5.628976839729809,8.732694450985107,4.460656947325262,23,0
15.320278533444773,8.708435067648907,7.161018225632287,23,0
7.5075481284219885,7.064316498812733,1.056684922540822,23,0
2.4952042153723095,3.285510472723232,3.1292717238015046,23,0
17.623568803044414,6.9838458450145025,10.846665338130942,23,0
12.65784889336691,8.732694450985107,10.846665338130942,23,0
10.051539218579087,8.732694450985107,5.316559381746053,23,0
9.454998440768646,4.460656947325262,8.360171889923116,23,0
7.6441135965492455,4.460656947325262,4.309138777343703,23,0
14.437115730003105,8.00062013300834,7.064316498812733,23,0
15.320278533444773,7.161018225632287,8.708435067648907,23,0
16.184448421769574,7.064316498812733,10.846665338130942,23,0
6.374476366146393,7.2980517032393335,1.056684922540822,23,0
8.300970333853574,3.285510472723232,5.316559381746053,23,0
6.441278966845895,7.2980517032393335,2.2191351831708443,23,0
6.394286998219539,5.052578501979077,5.6091342884673905,23,0
13.977491295471166,8.2310289018548,7.2980517032393335,23,0
7.78252006840262,7.161018225632287,3.285510472723232,23,0
12.25613445756414,6.9838458450145025,5.316559381746053,23,0
12.133968396098377,6.9838458450145025,8.708435067648907,23,0
5.628976839729809,4.460656947325262,8.732694450985107,23,0
7.245657435595767,2.2191351831708443,5.316559381746053,23,0
7.556139658175784,3.5361471043387622,10.846665338130942,23,1
1.303990180398847,5.6091342884673905,4.309138777343703,23,1
9.201108660269682,8.2310289018548,1.056684922540822,23,0
12.25613445756414,5.316559381746053,6.9838458450145025,23,0
1.00914814926844,4.309138777343703,5.316559381746053,23,1
15.43940316198353,8.708435067648907,8.2310289018548,23,0
4.758663568855105,3.5361471043387622,8.060078389866373,23,0
6.63488722760078,8.732694450985107,7.064316498812733,23,0
4.157076124607165,10.846665338130942,8.00062013300834,23,0
13.977491295471166,7.2980517032393335,8.2310289018548,23,0
7.753616126571115,8.708435067648907,1.056684922540822,23,0
8.74397154545731,5.6091342884673905,4.460656947325262,23,0
4.757545463516545,8.498659604432584,5.316559381746053,23,0
12.738220991630753,8.708435067648907,4.460656947325262,23,0
2.1402920742056186,5.516879272955114,3.5361471043387622,23,1
15.082624790600969,8.360171889923116,8.732694450985107,23,0
8.255653140579007,7.2980517032393335,4.309138777343703,23,0
12.42652527973645,8.498659604432584,7.064316498812733,23,0
14.734909445558037,10.846665338130942,8.708435067648907,23,0
8.173212045479342,5.052578501979077,3.1292717238015046,23,0
11.563426927952774,7.161018225632287,6.9838458450145025,23,0
0.3438373416105898,5.6091342884673905,5.316559381746053,23,1
6.747858561582035,5.316559381746053,3.1292717238015046,23,0
12.729041225581838,5.516879272955114,8.708435067648907,23,0
10.40075702614418,3.1292717238015046,7.2980517032393335,23,0
11.542746686956278,10.846665338130942,3.1292717238015046,23,0
4.900580025144176,2.2191351831708443,5.052578501979077,23,0
1.8154101544159944,4.460656947325262,3.1292717238015046,23,1
1.477032357606122,7.2980517032393335,8.708435067648907,23,1
11.258111532077166,7.2980517032393335,5.516879272955114,23,0
1.4364312282058624,2.2191351831708443,1.056684922540822,23,1
9.026432911011305,1.056684922540822,8.060078389866373,23,0
10.131348915635488,5.316559381746053,8.708435067648907,23,0
9.201108660269682,1.056684922540822,8.2310289018548,23,0
14.437115730003105,8.00062013300834,7.064316498812733,23,0
8.561273130539524,5.316559381746053,4.460656947325262,23,0
5.208926125447873,4.460656947325262,6.9838458450145025,23,1
6.394286998219539,5.052578501979077,5.6091342884673905,23,0
2.4952042153723095,3.285510472723232,3.1292717238015046,23,0
6.128289209278662,5.6091342884673905,1.056684922540822,23,0
7.78252006840262,3.285510472723232,7.161018225632287,23,0
9.670392790569574,7.064316498812733,5.516879272955114,23,0
4.705116841512765,3.5361471043387622,7.161018225632287,23,0
6.534109009390192,10.846665338130942,5.516879272955114,23,1
5.141113676500491,1.056684922540822,4.460656947325262,23,0
6.128289209278662,1.056684922540822,5.6091342884673905,23,0
8.173212045479342,3.1292717238015046,5.052578501979077,23,0
11.134990399353072,3.285510472723232,8.00062013300834,23,0
3.10122016441291,7.161018225632287,5.516879272955114,23,0
12.25613445756414,6.9838458450145025,5.316559381746053,23,0
9.543106859959662,4.309138777343703,8.732694450985107,23,0
9.821926716596444,3.1292717238015046,8.360171889923116,23,0
7.753616126571115,8.708435067648907,1.056684922540822,23,0
7.687294736518669,3.285510472723232,8.732694450985107,23,0
6.824882684816868,5.516879272955114,4.460656947325262,23,0
13.546852229804792,3.285510472723232,10.846665338130942,23,0
6.531291526085898,3.5361471043387622,5.052578501979077,23,0
14.437115730003105,8.00062013300834,7.064316498812733,23,0
9.201108660269682,1.056684922540822,8.2310289018548,23,0
9.201108660269682,1.056684922540822,8.2310289018548,23,0
9.550045528961332,8.060078389866373,3.285510472723232,23,0
11.267940465945653,5.052578501979077,8.2310289018548,23,0
4.409673908371676,10.846665338130942,8.498659604432584,23,1
5.410303426392798,8.060078389866373,5.316559381746053,23,0
10.69142509245904,8.708435067648907,3.5361471043387622,23,0
9.508152069234372,7.064316498812733,8.360171889923116,23,0
7.684211759061502,2.2191351831708443,8.708435067648907,23,0
4.092593246276696,8.42361475251959,6.159944199180083,21,1
8.424221624643161,7.932994040607373,8.931519068972042,21,0
2.235376796480287,4.60635918471812,5.746713883456555,21,1
10.59816183837598,5.834460901806979,5.604430783730903,21,0
5.471556701209473,3.80390291046278,2.3129461577640575,21,0
8.127468961343022,5.834460901806979,2.3129461577640575,21,0
5.4597171363329124,5.4719715747479345,2.9426335784445765,21,0
7.3722016039217255,2.7012120057226983,5.604430783730903,21,0
10.12096674569396,8.174952794564213,3.80390291046278,21,0
3.127642068840269,6.944428026342944,5.4719715747479345,21,0
6.277115531581742,2.7012120057226983,3.80390291046278,21,0
5.351148345381573,5.746713883456555,2.9426335784445765,21,0
9.132600823421125,6.625607835854389,2.7012120057226983,21,0
14.828888705878278,7.812381070188475,7.022303263402441,21,0
5.30176472737807,6.944428026342944,7.273768760117734,21,0
6.105740498539317,2.7012120057226983,3.45012098716159,21,0
4.771755509740044,2.9426335784445765,2.7012120057226983,21,0
9.689563865262668,8.174952794564213,2.3129461577640575,21,0
6.827622780500556,3.45012098716159,5.834460901806979,21,0
3.127642068840269,5.4719715747479345,6.944428026342944,21,0
8.127468961343022,2.3129461577640575,5.834460901806979,21,0
2.5846465406565247,6.944428026342944,4.60635918471812,21,0
12.748608556213696,6.625607835854389,7.892812240941363,21,0
8.148160554010909,2.7012120057226983,5.4719715747479345,21,0
3.936276135007318,6.944428026342944,3.45012098716159,21,0
12.25059056882939,7.022303263402441,5.834460901806979,21,0
13.706458486452991,7.892812240941363,5.834460901806979,21,0
12.50281189372668,8.174952794564213,6.625607835854389,21,0
4.626213784083514,5.604430783730903,5.4719715747479345,21,0
4.881969294276212,7.892812240941363,5.604430783730903,21,0
1.709611661119027,5.604430783730903,7.022303263402441,21,1
15.110920805507984,8.174952794564213,6.944428026342944,21,0
10.46878213720382,6.159944199180083,5.834460901806979,21,0
5.167484071041563,2.9426335784445765,2.3129461577640575,21,0
3.810871799951376,2.3129461577640575,3.45012098716159,21,0
5.870088690227084,3.45012098716159,7.932994040607373,21,0
11.288234342328096,5.4719715747479345,6.159944199180083,21,0
4.706399645264784,6.625607835854389,2.9426335784445765,21,0
10.59816183837598,5.604430783730903,5.834460901806979,21,0
5.277770087724397,4.60635918471812,8.931519068972042,21,0
8.46791335997985,2.9426335784445765,6.159944199180083,21,0
9.677169256732226,8.42361475251959,2.9426335784445765,21,0
13.240947595632154,5.746713883456555,8.174952794564213,21,0
8.429203989942206,2.7012120057226983,7.022303263402441,21,0
9.908422887189701,3.80390291046278,6.159944199180083,21,0
5.351148345381573,2.9426335784445765,5.746713883456555,21,0
11.290766798654145,5.746713883456555,7.812381070188475,21,0
7.962695474919107,8.931519068972042,2.9426335784445765,21,0
5.583004305281012,2.3129461577640575,7.892812240941363,21,1
11.290766798654145,5.746713883456555,7.812381070188475,21,0
9.505149288426198,8.931519068972042,2.3129461577640575,21,0
12.924229904861942,8.42361475251959,4.60635918471812,21,0
14.967176241666513,8.42361475251959,7.932994040607373,21,0
8.005873492301607,8.931519068972042,5.604430783730903,21,0
8.22355155478551,2.7012120057226983,7.273768760117734,21,1
7.674122970094593,6.159944199180083,7.892812240941363,21,0
4.364868103345883,7.812381070188475,8.174952794564213,21,1
7.156092073482558,2.7012120057226983,4.60635918471812,21,0
12.861943943542926,7.273768760117734,8.42361475251959,21,0
5.554461011070755,6.944428026342944,8.931519068972042,21,0
9.260456733099218,7.022303263402441,2.9426335784445765,21,0
7.962695474919107,8.931519068972042,2.9426335784445765,21,0
6.0778581233569025,6.944428026342944,2.3129461577640575,21,0
5.4597171363329124,2.9426335784445765,5.4719715747479345,21,0
5.351148345381573,2.9426335784445765,5.746713883456555,21,0
1.7056951468999206,7.022303263402441,7.932994040607373,21,1
13.481821976294821,8.42361475251959,7.022303263402441,21,0
3.840796949752309,7.892812240941363,7.022303263402441,21,0
14.828888705878278,7.812381070188475,7.022303263402441,21,0
9.257128610971899,3.45012098716159,6.159944199180083,21,0
6.0766729178872625,7.812381070188475,2.9426335784445765,21,0
7.851940246671185,7.892812240941363,4.60635918471812,21,0
12.758772593856616,6.159944199180083,6.625607835854389,21,0
6.605789517931312,3.45012098716159,7.273768760117734,21,0
9.257128610971899,6.159944199180083,3.45012098716159,21,0
14.059530215026546,6.944428026342944,7.812381070188475,21,0
3.8385582256074526,5.4719715747479345,6.625607835854389,21,0
5.351148345381573,2.9426335784445765,5.746713883456555,21,0
13.240947595632154,8.174952794564213,5.746713883456555,21,0
2.855808934206606,6.625607835854389,3.80390291046278,21,1
9.88711478230612,6.159944199180083,7.812381070188475,21,1
6.938981248764937,5.746713883456555,7.022303263402441,21,0
5.277770087724397,4.60635918471812,8.931519068972042,21,0
12.67310612412487,5.834460901806979,7.932994040607373,21,0
5.802180245152859,7.932994040607373,5.4719715747479345,21,0
3.127642068840269,6.944428026342944,5.4719715747479345,21,0
17.260287792579547,8.42361475251959,8.931519068972042,21,0
7.964399269194396,3.80390291046278,7.812381070188475,21,0
3.5664704023604212,5.4719715747479345,3.80390291046278,21,0
9.257128610971899,3.45012098716159,6.159944199180083,21,0
6.105740498539317,2.7012120057226983,3.45012098716159,21,0
8.429203989942206,7.022303263402441,2.7012120057226983,21,0
9.639755992502183,6.625607835854389,7.932994040607373,21,0
4.850464543213506,7.022303263402441,4.60635918471812,21,0
5.695021870374231,3.45012098716159,7.022303263402441,21,0
5.07661528469475,7.273768760117734,2.3129461577640575,21,1
8.46791335997985,2.9426335784445765,6.159944199180083,21,0
5.414239537492901,6.625607835854389,5.834460901806979,21,1
13.208926015084714,8.174952794564213,5.4719715747479345,21,0
5.802180245152859,5.4719715747479345,7.932994040607373,21,0
8.917180720998228,8.42361475251959,2.3129461577640575,21,0
9.677169256732226,8.42361475251959,2.9426335784445765,21,0
5.348542570043744,5.746713883456555,5.604430783730903,21,0
5.554461011070755,6.944428026342944,8.931519068972042,21,0
5.739807635362283,5.4719715747479345,2.3129461577640575,21,0
7.964399269194396,7.812381070188475,3.80390291046278,21,0
11.032338296435189,6.625607835854389,7.273768760117734,21,0
6.318585938983977,8.174952794564213,2.7012120057226983,21,0
9.689563865262668,2.3129461577640575,8.174952794564213,21,0
13.895407039272213,8.42361475251959,5.4719715747479345,21,0
5.414239537492901,6.625607835854389,5.834460901806979,21,1
1.3546242688281303,4.60635918471812,3.45012098716159,21,1
7.156092073482558,4.60635918471812,2.7012120057226983,21,0
9.257128610971899,6.159944199180083,3.45012098716159,21,0
17.05458973679273,9.622171718478326,10.448545551381688,20,0
11.294217386690734,7.398697591863731,5.206345906707117,20,0
11.69061237493031,6.254711520515281,7.165700258530956,20,0
13.360655690037078,5.570431039082733,8.57247950182761,20,0
7.526948939390237,2.9910349067566093,7.057870481031439,20,1
6.232662863004052,5.206345906707117,10.448545551381688,20,0
3.2958233677759914,4.810059358848468,7.621857119562919,20,1
15.049725520736517,9.622171718478326,5.570431039082733,20,0
3.944728174682809,6.08525928591362,2.9910349067566093,20,0
10.561582766332986,4.335578525018057,10.448545551381688,20,0
11.779594534771832,5.206345906707117,7.165700258530956,20,0
13.677004910504722,5.206345906707117,8.57247950182761,20,0
3.9870820175683384,10.448545551381688,7.621857119562919,20,1
2.496234005986266,6.254711520515281,5.206345906707117,20,1
13.097096967791975,9.622171718478326,7.621857119562919,20,0
15.341277947351044,9.622171718478326,6.56552438588606,20,0
10.203010374496547,6.08525928591362,6.186941881316183,20,0
10.458573678931563,7.057870481031439,4.335578525018057,20,0
12.673251288252912,6.592385535453508,6.08525928591362,20,0
7.673399599820979,2.9910349067566093,4.810059358848468,20,0
1.2792782562889702,6.56552438588606,6.08525928591362,20,1
5.221140599902184,6.592385535453508,4.810059358848468,20,0
13.280291607692162,6.186941881316183,7.165700258530956,20,0
13.520162437842904,7.057870481031439,6.56245559052471,20,0
12.170162549412577,10.448545551381688,6.08525928591362,20,0
5.4739240978528265,8.57247950182761,7.398697591863731,20,0
14.787224290148723,8.57247950182761,6.254711520515281,20,0
6.2014856012110195,6.56245559052471,6.56552438588606,20,0
12.379029342245714,2.9910349067566093,10.448545551381688,20,0
6.2014856012110195,6.56245559052471,6.56552438588606,20,0
10.605988199089927,5.570431039082733,5.04445106659619,20,0
12.282794322473178,6.56552438588606,7.621857119562919,20,0
12.701484515557615,10.448545551381688,5.04445106659619,20,0
13.809026377619054,7.398697591863731,10.448545551381688,20,0
6.827334039472547,7.165700258530956,8.57247950182761,20,1
9.101188361569202,5.570431039082733,7.165700258530956,20,0
4.980443435657492,7.165700258530956,7.057870481031439,20,1
13.360655690037078,8.57247950182761,5.570431039082733,20,0
11.856825515398302,6.186941881316183,9.622171718478326,20,0
12.434409053060298,8.881778947520269,10.448545551381688,20,0
4.7236865144696765,5.206345906707117,6.186941881316183,20,0
7.675006915149463,4.335578525018057,4.810059358848468,20,0
11.012880836800324,6.254711520515281,5.04445106659619,20,0
7.410428278374403,6.56245559052471,4.810059358848468,20,0
10.203010374496547,6.08525928591362,6.186941881316183,20,0
13.717819188690989,6.56552438588606,7.398697591863731,20,0
4.980443435657492,7.057870481031439,7.165700258530956,20,1
7.993259505161635,7.621857119562919,6.592385535453508,20,0
9.769230150192652,7.398697591863731,2.9910349067566093,20,0
5.221140599902184,4.810059358848468,6.592385535453508,20,0
7.410428278374403,4.810059358848468,6.56245559052471,20,0
4.3788649369687604,6.254711520515281,6.08525928591362,20,0
4.009222928345428,5.570431039082733,2.9910349067566093,20,0
6.2014856012110195,6.56552438588606,6.56245559052471,20,0
9.842850815826976,5.206345906707117,6.592385535453508,20,0
7.7657526859644435,7.165700258530956,6.56552438588606,20,0
2.407055664447332,7.398697591863731,5.04445106659619,20,1
12.379029342245714,2.9910349067566093,10.448545551381688,20,0
7.526948939390237,7.057870481031439,2.9910349067566093,20,1
11.521763227600253,7.057870481031439,5.570431039082733,20,0
1.2354907659191536,4.335578525018057,5.570431039082733,20,0
12.379029342245714,10.448545551381688,2.9910349067566093,20,0
6.065954526212264,5.206345906707117,6.08525928591362,20,0
5.351866487810263,7.621857119562919,5.206345906707117,20,0
11.699393317763263,4.810059358848468,8.881778947520269,20,0
8.738814713680725,5.570431039082733,4.810059358848468,20,0
5.220871931200623,6.186941881316183,10.448545551381688,20,1
14.564347839196051,8.881778947520269,7.057870481031439,20,0
9.297952794852591,2.9910349067566093,6.592385535453508,20,0
10.605988199089927,5.04445106659619,5.570431039082733,20,0
15.049725520736517,5.570431039082733,9.622171718478326,20,0
5.220871931200623,10.448545551381688,6.186941881316183,20,1
13.280291607692162,6.186941881316183,7.165700258530956,20,0
1.2354907659191536,4.335578525018057,5.570431039082733,20,0
9.331769126940358,5.04445106659619,5.206345906707117,20,0
3.9728346651957436,6.56552438588606,2.9910349067566093,20,0
12.683689262524247,8.57247950182761,6.186941881316183,20,0
7.462235051675991,10.448545551381688,6.56245559052471,20,0
13.094562032623802,6.56552438588606,8.57247950182761,20,0
9.842850815826976,5.206345906707117,6.592385535453508,20,0
7.465466865729421,4.810059358848468,6.254711520515281,20,0
8.512512928698227,7.165700258530956,6.08525928591362,20,0
12.170162549412577,6.08525928591362,10.448545551381688,20,0
9.695763736361757,6.08525928591362,4.810059358848468,20,0
10.458573678931563,4.335578525018057,7.057870481031439,20,0
12.170162549412577,6.08525928591362,10.448545551381688,20,0
7.465466865729421,6.254711520515281,4.810059358848468,20,0
11.856825515398302,6.186941881316183,9.622171718478326,20,0
14.12162381878204,5.206345906707117,9.622171718478326,20,0
11.856825515398302,9.622171718478326,6.186941881316183,20,0
6.345133285599388,5.206345906707117,2.9910349067566093,20,0
13.335534335819505,7.057870481031439,7.621857119562919,20,0
5.968213314344262,7.057870481031439,7.398697591863731,20,0
7.030304150599803,10.448545551381688,4.810059358848468,20,1
12.379029342245714,2.9910349067566093,10.448545551381688,20,0
9.842850815826976,5.206345906707117,6.592385535453508,20,0
7.993259505161635,7.621857119562919,6.592385535453508,20,0
5.4739240978528265,7.398697591863731,8.57247950182761,20,0
12.074583848366405,6.592385535453508,5.570431039082733,20,0
7.495260062481118,5.04445106659619,6.186941881316183,20,0
11.310791396134272,5.04445106659619,6.56552438588606,20,0
1.2354907659191536,4.335578525018057,5.570431039082733,20,0
8.822621942063693,6.186941881316183,2.9910349067566093,20,0
12.379029342245714,10.448545551381688,2.9910349067566093,20,0
9.842850815826976,6.592385535453508,5.206345906707117,20,0
13.809026377619054,10.448545551381688,7.398697591863731,20,0
3.3117129449740945,8.881778947520269,5.570431039082733,20,1
8.214319519536359,4.335578525018057,6.186941881316183,20,0
7.097568651978147,6.592385535453508,7.057870481031439,20,0
7.3650214600916675,5.04445106659619,2.9910349067566093,20,0
14.747170193479455,7.621857119562919,7.165700258530956,20,0
11.310791396134272,5.04445106659619,6.56552438588606,20,0
10.203010374496547,6.186941881316183,6.08525928591362,20,0
11.888663637170918,6.254711520515281,6.592385535453508,20,0
7.526948939390237,2.9910349067566093,7.057870481031439,20,1
0.5497353343904209,6.254711520515281,6.56245559052471,20,1
10.570587949535138,6.56552438588606,4.810059358848468,20,0
9.695763736361757,6.08525928591362,4.810059358848468,20,0
13.335534335819505,7.621857119562919,7.057870481031439,20,0
1.6110857670478176,5.666959159573821,4.199110707212324,18,1
8.288447045461586,9.177604155986991,2.707643318492051,18,0
11.244342343862092,5.210022861383545,9.64436051564947,18,0
0.8514825929673006,3.4191693856191154,2.707643318492051,18,1
7.199889090992161,8.485300849736113,2.707643318492051,18,0
2.9786823759959056,7.6251774610824326,6.712511183388747,18,0
3.60649130469806,1.8828168561250305,2.707643318492051,18,0
8.611542403881364,7.6251774610824326,1.8828168561250305,18,0
8.048398347422605,1.8828168561250305,9.64436051564947,18,0
7.751004905645596,5.210022861383545,3.4191693856191154,18,0
8.357698936454797,2.707643318492051,5.666959159573821,18,0
11.890533128956337,8.485300849736113,5.107249446542296,18,0
7.101106665431724,7.6251774610824326,9.177604155986991,18,0
4.8169513204998795,5.210022861383545,5.666959159573821,18,0
2.9786823759959056,6.712511183388747,7.6251774610824326,18,0
10.597630954032295,1.8644844460367094,8.785861205983993,18,0
7.616717419471185,1.02947542252569,8.640810513913431,18,1
4.823467594841714,4.397730381703264,8.785861205983993,18,0
3.1372248992587743,9.177604155986991,8.785861205983993,18,1
12.209577033186205,4.199110707212324,8.785861205983993,18,0
10.125319706174727,5.107249446542296,5.210022861383545,18,0
9.782573065316864,3.4191693856191154,8.640810513913431,18,0
2.587896513881816,1.8644844460367094,1.02947542252569,18,0
11.938945741599191,7.6251774610824326,8.640810513913431,18,0
11.00472212387123,1.8828168561250305,9.177604155986991,18,0
2.2292138604482132,8.785861205983993,6.712511183388747,18,1
8.288447045461586,2.707643318492051,9.177604155986991,18,0
6.136722330008734,5.107249446542296,1.02947542252569,18,0
10.597630954032295,1.8644844460367094,8.785861205983993,18,0
11.717077065131523,4.199110707212324,9.177604155986991,18,0
2.2292138604482132,8.785861205983993,6.712511183388747,18,1
5.8945642649730035,5.210022861383545,1.8644844460367094,18,0
8.048398347422605,9.64436051564947,1.8828168561250305,18,0
1.622931885267821,8.485300849736113,8.785861205983993,18,1
9.320420447556106,6.712511183388747,5.107249446542296,18,0
8.502456736935686,8.785861205983993,1.02947542252569,18,0
9.937230044411939,1.8644844460367094,8.640810513913431,18,0
8.502456736935686,8.785861205983993,1.02947542252569,18,0
9.262792950055994,4.397730381703264,8.640810513913431,18,0
4.228271695683464,3.4191693856191154,7.6251774610824326,18,1
9.092600265117156,8.640810513913431,6.712511183388747,18,0
8.564239625257619,9.177604155986991,1.02947542252569,18,0
8.357698936454797,2.707643318492051,5.666959159573821,18,0
7.584835117587382,9.64436051564947,4.199110707212324,18,1
7.38719730690463,2.707643318492051,5.210022861383545,18,0
8.478246750776918,1.8644844460367094,6.712511183388747,18,0
7.616717419471185,1.02947542252569,8.640810513913431,18,1
6.555911887865157,6.712511183388747,1.02947542252569,18,0
10.428497291341571,8.785861205983993,5.210022861383545,18,0
2.5964136316389763,6.712511183388747,4.397730381703264,18,0
10.226288197624287,1.8828168561250305,8.485300849736113,18,0
3.64474226591451,4.953916542449827,1.8828168561250305,18,0
5.4799818367933435,5.666959159573821,1.02947542252569,18,0
10.345223954159193,8.485300849736113,1.8644844460367094,18,0
9.33250178216718,8.485300849736113,5.210022861383545,18,0
3.3948594056691688,4.397730381703264,7.6251774610824326,18,1
13.73744232021619,8.785861205983993,4.953916542449827,18,0
11.938945741599191,7.6251774610824326,8.640810513913431,18,0
6.7881164879504885,4.397730381703264,5.107249446542296,18,0
9.964327796453276,5.666959159573821,4.397730381703264,18,0
8.611542403881364,7.6251774610824326,1.8828168561250305,18,0
13.734004409729273,8.640810513913431,5.107249446542296,18,0
9.964327796453276,5.666959159573821,4.397730381703264,18,0
9.320420447556106,5.107249446542296,6.712511183388747,18,0
2.8202376137034935,8.485300849736113,6.712511183388747,18,1
16.26338695411812,6.712511183388747,9.64436051564947,18,0
3.733689986107442,1.8828168561250305,5.107249446542296,18,1
4.272953514249621,1.02947542252569,5.210022861383545,18,1
9.257082553976364,4.953916542449827,4.397730381703264,18,0
8.363511939879126,4.199110707212324,8.640810513913431,18,0
6.555911887865157,6.712511183388747,1.02947542252569,18,0
5.973600386708109,5.107249446542296,4.953916542449827,18,0
10.428497291341571,5.210022861383545,8.785861205983993,18,0
8.288447045461586,2.707643318492051,9.177604155986991,18,0
6.500580981454679,8.485300849736113,3.4191693856191154,18,0
5.512988349974383,8.485300849736113,7.6251774610824326,18,0
13.820570055608938,8.785861205983993,5.666959159573821,18,0
5.512988349974383,7.6251774610824326,8.485300849736113,18,0
10.345223954159193,8.485300849736113,1.8644844460367094,18,0
8.502456736935686,1.02947542252569,8.785861205983993,18,0
11.273119016024678,5.210022861383545,7.6251774610824326,18,0
11.48987571703607,8.640810513913431,4.953916542449827,18,0
7.865011289543596,1.02947542252569,7.6251774610824326,18,0
13.820570055608938,8.785861205983993,5.666959159573821,18,0
5.4799818367933435,1.02947542252569,5.666959159573821,18,0
2.2292138604482132,8.785861205983993,6.712511183388747,18,1
0.6594075791621964,1.8644844460367094,1.8828168561250305,18,1
11.244342343862092,5.210022861383545,9.64436051564947,18,0
9.782573065316864,3.4191693856191154,8.640810513913431,18,0
7.230954230581175,2.707643318492051,4.953916542449827,18,0
3.733689986107442,1.8828168561250305,5.107249446542296,18,1
7.789818509939194,5.107249446542296,4.199110707212324,18,0
8.611542403881364,1.8828168561250305,7.6251774610824326,18,0
2.9786823759959056,6.712511183388747,7.6251774610824326,18,0
0.8514825929673006,3.4191693856191154,2.707643318492051,18,1
7.584835117587382,9.64436051564947,4.199110707212324,18,1
5.8945642649730035,1.8644844460367094,5.210022861383545,18,0
5.346880361421096,4.953916542449827,1.02947542252569,18,0
16.467134990349006,9.64436051564947,7.6251774610824326,18,0
7.671412758196518,9.177604155986991,3.4191693856191154,18,0
1.5982571205502334,8.485300849736113,9.177604155986991,18,1
9.262792950055994,8.640810513913431,4.397730381703264,18,0
11.99459030402844,6.712511183388747,5.666959159573821,18,0
18.68936126153441,9.64436051564947,9.177604155986991,18,0
10.379877534747743,8.785861205983993,1.8828168561250305,18,0
11.03633893312327,1.8644844460367094,9.177604155986991,18,0
4.014392130549711,6.712511183388747,3.4191693856191154,18,0
5.330558293314643,1.8828168561250305,5.666959159573821,18,0
8.288447045461586,2.707643318492051,9.177604155986991,18,0
2.221336623235489,4.397730381703264,2.707643318492051,18,1
9.937230044411939,8.640810513913431,1.8644844460367094,18,0
2.9786823759959056,7.6251774610824326,6.712511183388747,18,0
9.092600265117156,8.640810513913431,6.712511183388747,18,0
6.372162635330645,4.345554498022602,3.121525390748643,16,1
10.515481780963864,6.691994384198071,4.387912646120199,16,0
14.348863901232214,10.007000862292395,4.345554498022602,16,0
11.043626875479388,4.690934358467504,6.459916785952471,16,0
6.809609604309462,8.47995428232359,6.459916785952471,16,0
13.669684091005818,7.804078246979858,6.459916785952471,16,0
10.071681135761738,4.345554498022602,5.790171778680546,16,0
4.273895315680715,8.962202783303452,4.690934358467504,16,0
11.274335531984311,6.708851176299391,8.705479536197307,16,0
16.649743423666287,8.962202783303452,8.47995428232359,16,0
3.602852068941774,7.804078246979858,4.690934358467504,16,0
5.278106184791272,1.718770214812755,5.790171778680546,16,1
4.407645121578651,3.121525390748643,6.459916785952471,16,1
4.994992053719046,8.47995428232359,4.345554498022602,16,0
8.186831204428213,1.718770214812755,7.804078246979858,16,0
3.8000203466374707,6.691994384198071,5.790171778680546,16,0
4.994992053719046,4.345554498022602,8.47995428232359,16,0
7.718962733442455,4.345554498022602,4.690934358467504,16,0
6.0555300942849914,3.121525390748643,4.387912646120199,16,1
15.248706668185966,6.459916785952471,8.962202783303452,16,0
4.757942848607984,4.387912646120199,8.865377549436376,16,0
11.683737517431814,8.962202783303452,4.345554498022602,16,0
10.292118538572794,5.790171778680546,6.459916785952471,16,0
16.4890398165418,7.804078246979858,9.552982645696769,16,0
15.353763642236206,8.705479536197307,8.47995428232359,16,0
14.172259936253115,5.790171778680546,8.47995428232359,16,0
6.809609604309462,8.47995428232359,6.459916785952471,16,0
7.160109884087272,1.718770214812755,6.691994384198071,16,0
10.071681135761738,4.345554498022602,5.790171778680546,16,0
19.457959354958362,9.552982645696769,10.007000862292395,16,0
14.319354631545242,4.387912646120199,10.007000862292395,16,0
15.562309804679213,8.865377549436376,8.705479536197307,16,0
4.515024389755961,5.790171778680546,4.690934358467504,16,1
9.312820511322183,3.121525390748643,7.804078246979858,16,0
5.614454559472797,4.690934358467504,1.718770214812755,16,1
4.987107203929464,8.705479536197307,7.804078246979858,16,1
6.372162635330645,3.121525390748643,4.345554498022602,16,1
9.010662307007609,8.47995428232359,3.121525390748643,16,0
5.614454559472797,4.690934358467504,1.718770214812755,16,1
0.4841647564490534,8.865377549436376,8.47995428232359,16,1
6.699984507137543,5.790171778680546,8.962202783303452,16,0
2.986375733293,9.552982645696769,8.47995428232359,16,1
13.669684091005818,7.804078246979858,6.459916785952471,16,0
7.051684661579827,6.459916785952471,4.345554498022602,16,1
7.286541778222007,8.865377549436376,6.459916785952471,16,0
10.89734435823519,9.552982645696769,3.121525390748643,16,0
16.066374880678474,8.47995428232359,7.804078246979858,16,0
16.706155194572112,10.007000862292395,6.708851176299391,16,0
14.853593265374592,9.552982645696769,8.705479536197307,16,0
0.7573341866362612,4.387912646120199,4.345554498022602,16,1
7.718962733442455,4.345554498022602,4.690934358467504,16,0
4.407645121578651,3.121525390748643,6.459916785952471,16,1
5.4281416100142,1.718770214812755,4.387912646120199,16,0
5.278106184791272,5.790171778680546,1.718770214812755,16,1
8.186831204428213,7.804078246979858,1.718770214812755,16,0
18.33007662302844,8.865377549436376,10.007000862292395,16,0
2.8824068418656283,8.705479536197307,8.962202783303452,16,1
7.012353243109426,4.690934358467504,3.121525390748643,16,0
0.4841647564490534,8.865377549436376,8.47995428232359,16,1
8.025722289695137,1.718770214812755,6.708851176299391,16,0
8.368427635345059,5.790171778680546,8.705479536197307,16,0
8.025722289695137,6.708851176299391,1.718770214812755,16,0
11.683737517431814,4.345554498022602,8.962202783303452,16,0
15.562309804679213,8.865377549436376,8.705479536197307,16,0
16.066374880678474,7.804078246979858,8.47995428232359,16,0
3.587136990077348,6.708851176299391,9.552982645696769,16,1
12.313312523602248,5.790171778680546,6.708851176299391,16,0
5.51120353689132,6.459916785952471,1.718770214812755,16,0
1.4905823557448616,1.718770214812755,3.121525390748643,16,0
3.602852068941774,4.690934358467504,7.804078246979858,16,0
10.120750729159004,10.007000862292395,8.962202783303452,16,0
2.6332629779037178,8.865377549436376,9.552982645696769,16,1
4.717621470674024,8.865377549436376,6.708851176299391,16,1
12.58049158930041,4.690934358467504,8.47995428232359,16,0
9.427942645348045,1.718770214812755,8.865377549436376,16,0
7.012353243109426,4.690934358467504,3.121525390748643,16,0
4.994992053719046,8.47995428232359,4.345554498022602,16,0
4.710410630703671,10.007000862292395,5.790171778680546,16,1
10.120750729159004,8.962202783303452,10.007000862292395,16,0
11.92272483395258,6.691994384198071,6.708851176299391,16,0
7.051684661579827,6.459916785952471,4.345554498022602,16,1
11.683737517431814,4.345554498022602,8.962202783303452,16,0
10.377398382889417,4.345554498022602,8.705479536197307,16,0
12.189727455958051,8.962202783303452,4.387912646120199,16,0
15.359565579074054,6.691994384198071,9.552982645696769,16,0
4.717621470674024,8.865377549436376,6.708851176299391,16,1
9.125038794010452,4.690934358467504,10.007000862292395,16,1
2.5889426921642467,7.804078246979858,8.962202783303452,16,1
17.88093384703018,8.47995428232359,10.007000862292395,16,0
10.89734435823519,9.552982645696769,3.121525390748643,16,0
5.583560894716099,4.345554498022602,1.718770214812755,16,0
2.6332629779037178,8.865377549436376,9.552982645696769,16,1
16.3990805802787,7.804078246979858,8.865377549436376,16,0
15.248706668185966,6.459916785952471,8.962202783303452,16,0
6.809609604309462,8.47995428232359,6.459916785952471,16,0
15.333751572778164,5.790171778680546,9.552982645696769,16,0
16.066374880678474,8.47995428232359,7.804078246979858,16,0
8.807305226308884,6.708851176299391,3.121525390748643,16,0
11.683737517431814,8.962202783303452,4.345554498022602,16,0
17.88093384703018,8.47995428232359,10.007000862292395,16,0
16.607791260071544,9.552982645696769,8.962202783303452,16,0
16.4890398165418,7.804078246979858,9.552982645696769,16,0
5.4281416100142,1.718770214812755,4.387912646120199,16,0
4.757942848607984,8.865377549436376,4.387912646120199,16,0
8.920278195412003,3.121525390748643,10.007000862292395,16,0
7.051684661579827,4.345554498022602,6.459916785952471,16,1
3.587136990077348,6.708851176299391,9.552982645696769,16,1
14.172259936253115,8.47995428232359,5.790171778680546,16,0
7.051684661579827,6.459916785952471,4.345554498022602,16,1
11.377102546516394,8.705479536197307,3.121525390748643,16,0
15.353763642236206,8.47995428232359,8.705479536197307,16,0
3.8000203466374707,6.691994384198071,5.790171778680546,16,0
12.427619256693704,10.007000862292395,8.705479536197307,16,0
11.059241878586704,8.962202783303452,3.121525390748643,16,0
5.3022010817799945,4.345554498022602,9.552982645696769,16,0
10.602268632481337,9.366940031755497,5.6887060573123005,22,0
12.619890810352617,7.35079926126862,5.6887060573123005,22,0
6.384461657387817,6.650287512465941,8.312736878046861,22,1
2.882263236790223,5.276520311697125,6.650287512465941,22,0
3.7644988561842236,8.336461866393828,6.644515263037861,22,0
16.323243780172373,7.633229303895916,9.862656344436173,22,0
16.974388737334667,8.712041808050401,8.312736878046861,22,0
10.120018231280445,4.685204971787582,8.712041808050401,22,0
4.32457120261187,7.824146570641419,4.055544029043,22,0
11.788338180573085,8.312736878046861,9.354612862362556,22,0
4.120523591493095,5.276520311697125,8.312736878046861,22,0
3.5998180545050165,6.167838528533762,6.650287512465941,22,1
8.494923313852246,7.824146570641419,4.685204971787582,22,0
15.910488675924414,9.354612862362556,9.366940031755497,22,0
4.6476464999356795,5.276520311697125,5.6887060573123005,22,0
3.0166965065350104,6.167838528533762,4.6009694755542965,22,0
4.229492159266889,3.1395528762879987,2.311939242721211,22,0
4.272413355739808,9.354612862362556,7.936505919127454,22,1
12.699319903392354,8.336461866393828,7.936505919127454,22,0
10.963353495463698,5.6887060573123005,8.712041808050401,22,0
10.015340882661318,5.6887060573123005,6.644515263037861,22,0
12.07615287071507,9.354612862362556,6.167838528533762,22,0
3.0166965065350104,4.6009694755542965,6.167838528533762,22,0
12.07615287071507,6.167838528533762,9.354612862362556,22,0
8.814873060586482,6.644515263037861,6.650287512465941,22,0
4.318770342460304,2.311939242721211,4.055544029043,22,0
11.034647721958567,7.633229303895916,4.6009694755542965,22,0
13.001409574943342,8.312736878046861,7.240594378230464,22,0
19.227020110587176,9.366940031755497,9.862656344436173,22,0
3.610197389499993,2.311939242721211,4.6009694755542965,22,1
12.20725143442259,7.936505919127454,9.366940031755497,22,0
11.611891627504356,4.685204971787582,9.862656344436173,22,0
9.943785654266968,7.633229303895916,2.311939242721211,22,0
10.26455978525826,2.311939242721211,8.712041808050401,22,0
5.401137433909546,4.6009694755542965,9.862656344436173,22,1
9.294407573901672,3.1395528762879987,9.354612862362556,22,0
3.65789953054216,6.644515263037861,9.862656344436173,22,0
5.6807347173555645,4.685204971787582,6.167838528533762,22,0
12.527354651090723,9.862656344436173,7.936505919127454,22,0
2.882263236790223,5.276520311697125,6.650287512465941,22,0
14.085240900554874,7.240594378230464,7.936505919127454,22,0
13.375583551516424,8.712041808050401,7.35079926126862,22,0
19.227020110587176,9.862656344436173,9.366940031755497,22,0
8.59789727668015,4.055544029043,7.240594378230464,22,0
7.808277518517518,7.35079926126862,3.1395528762879987,22,0
10.818357637076847,3.1395528762879987,7.824146570641419,22,0
10.873301839516385,5.6887060573123005,6.810243269466089,22,0
12.441336580654998,7.35079926126862,6.650287512465941,22,0
7.784872623324515,2.311939242721211,6.650287512465941,22,0
14.082068087538008,7.633229303895916,8.336461866393828,22,0
17.014996138438796,7.824146570641419,9.366940031755497,22,0
19.227020110587176,9.366940031755497,9.862656344436173,22,0
3.9919947495989363,5.276520311697125,7.824146570641419,22,0
5.504600400302166,6.644515263037861,6.167838528533762,22,0
7.270228446531126,9.862656344436173,5.276520311697125,22,0
12.244153583004627,6.810243269466089,6.644515263037861,22,0
4.6409160154757645,8.312736878046861,4.055544029043,22,0
7.252042292947876,9.354612862362556,2.311939242721211,22,0
10.818357637076847,7.824146570641419,3.1395528762879987,22,0
0.8236111018975922,7.824146570641419,8.336461866393828,22,0
10.818357637076847,3.1395528762879987,7.824146570641419,22,0
17.014996138438796,9.366940031755497,7.824146570641419,22,0
10.26455978525826,2.311939242721211,8.712041808050401,22,0
9.192269450048032,7.240594378230464,6.810243269466089,22,0
7.124689532905004,9.354612862362556,6.644515263037861,22,1
10.86128899641661,4.055544029043,6.810243269466089,22,0
7.587129148796822,3.1395528762879987,7.240594378230464,22,0
14.901522617858141,7.35079926126862,7.633229303895916,22,0
12.681069185078451,7.936505919127454,7.824146570641419,22,0
4.35714998767346,4.685204971787582,7.240594378230464,22,1
14.786788899507297,9.366940031755497,6.167838528533762,22,0
10.541604945188862,6.167838528533762,7.633229303895916,22,0
3.753488857317938,8.336461866393828,4.6009694755542965,22,1
4.555214364678357,7.240594378230464,5.6887060573123005,22,1
16.421530658476897,9.354612862362556,7.240594378230464,22,0
14.356148362905666,6.650287512465941,7.936505919127454,22,0
3.9919947495989363,7.824146570641419,5.276520311697125,22,0
14.356148362905666,6.650287512465941,7.936505919127454,22,0
3.9942918816336204,7.824146570641419,6.644515263037861,22,0
6.9095566400322275,2.311939242721211,7.824146570641419,22,0
5.504600400302166,6.644515263037861,6.167838528533762,22,0
5.031492005590714,4.055544029043,8.336461866393828,22,0
13.310040710453315,4.6009694755542965,8.712041808050401,22,0
3.77846652283253,4.055544029043,6.650287512465941,22,0
5.264057721079465,4.055544029043,6.644515263037861,22,0
5.087713182627617,6.644515263037861,7.35079926126862,22,1
9.459508842564677,4.685204971787582,6.644515263037861,22,0
13.876849021727594,4.685204971787582,9.354612862362556,22,0
11.034647721958567,4.6009694755542965,7.633229303895916,22,0
8.634213969166353,7.824146570641419,5.6887060573123005,22,0
2.6578350247871154,8.336461866393828,9.862656344436173,22,1
2.254523617718021,7.35079926126862,9.354612862362556,22,1
8.236115066141153,2.311939242721211,9.862656344436173,22,1
1.1572130424097138,8.336461866393828,8.312736878046861,22,0
15.83301306756194,7.240594378230464,9.862656344436173,22,0
0.6832148336976884,7.824146570641419,8.312736878046861,22,1
7.832460260331794,8.712041808050401,7.240594378230464,22,0
11.890902441569809,9.862656344436173,5.6887060573123005,22,0
7.252042292947876,2.311939242721211,9.354612862362556,22,0
6.32099111666093,6.167838528533762,9.862656344436173,22,0
12.656420069610192,7.936505919127454,6.167838528533762,22,0
6.625208144313031,9.366940031755497,7.633229303895916,22,0
13.933902094439093,9.366940031755497,4.6009694755542965,22,0
17.04803307519321,8.336461866393828,8.712041808050401,22,0
16.51769476932834,7.824146570641419,8.712041808050401,22,0
14.687982378748986,6.650287512465941,9.354612862362556,22,0
3.09102855391085,5.276520311697125,4.6009694755542965,22,0
9.307257501474705,6.167838528533762,3.1395528762879987,22,0
4.229492159266889,2.311939242721211,3.1395528762879987,22,0
12.656420069610192,6.167838528533762,7.936505919127454,22,0
11.255873465262267,3.1395528762879987,8.336461866393828,22,0
10.602268632481337,9.366940031755497,5.6887060573123005,22,0
10.7378071942055,9.354612862362556,6.810243269466089,22,0
5.050836452839142,5.6887060573123005,7.633229303895916,22,1
4.789123459187441,5.276520311697125,8.336461866393828,22,0
11.114782648697387,7.824146570641419,9.354612862362556,22,0
4.664655434909325,8.312736878046861,6.644515263037861,22,0
5.6921172418274155,7.955297769688153,4.84133679915494,32,0
12.825186296788772,9.378234759515088,3.5392541722722983,32,0
12.825186296788772,9.378234759515088,3.5392541722722983,32,0
7.386352290814868,4.812683189974562,3.5392541722722983,32,0
12.343405277638182,9.378234759515088,5.996275204267285,32,0
4.682444253718703,1.1569861327970958,4.921294130465773,32,0
10.766140041767995,5.98022237065089,4.84133679915494,32,0
7.087804380441654,2.0504927042173393,6.768844644592272,32,0
12.403941398903884,4.224442623030677,8.629573332632173,32,0
3.663191329443044,1.1569861327970958,4.462197362542002,32,1
6.622365138034558,1.1569861327970958,5.754554577601138,32,0
8.1192025430958,6.607320262414262,7.955297769688153,32,1
8.87503956784835,8.626193405556029,4.224442623030677,32,0
6.934893661328403,1.1569861327970958,6.920661943385403,32,0
5.40017500700404,3.8898625092179215,6.091482254380609,32,0
7.940023076100054,5.98022237065089,9.378234759515088,32,0
4.521654029493456,5.996275204267285,3.229275780880532,32,0
12.537682999527346,5.98022237065089,6.607320262414262,32,0
3.2092646899497694,5.410061598357742,6.607320262414262,32,0
5.612839832351573,5.410061598357742,4.921294130465773,32,0
6.681463477092187,4.462197362542002,9.378234759515088,32,0
13.226358132663771,9.378234759515088,4.84133679915494,32,0
7.414899916984661,4.812683189974562,6.920661943385403,32,0
10.678204651667153,4.168577963509295,6.607320262414262,32,0
5.658809755745687,5.996275204267285,8.626193405556029,32,0
8.477625886808696,6.920661943385403,2.0504927042173393,32,0
13.250385434562178,10.078076826841185,3.229275780880532,32,0
5.2383130450264845,9.082887319749315,3.8898625092179215,32,0
4.875425402153725,4.462197362542002,2.0504927042173393,32,0
13.78919135148694,8.881202367606159,5.103407410583902,32,0
8.181649370975508,1.1569861327970958,8.626193405556029,32,0
1.5623938136187923,5.410061598357742,3.8898625092179215,32,1
9.142169049226123,8.626193405556029,4.84133679915494,32,0
13.382502270918687,9.378234759515088,6.607320262414262,32,0
11.240582065378621,5.410061598357742,5.98022237065089,32,0
4.160445971540467,3.229275780880532,7.141430252449534,32,0
5.196707314378363,4.224442623030677,1.1569861327970958,32,0
8.415845642184498,5.410061598357742,7.141430252449534,32,0
1.99821259046191,7.141430252449534,8.626193405556029,32,1
8.535319947253104,4.921294130465773,9.082887319749315,32,0
1.875267734526134,5.754554577601138,3.8898625092179215,32,1
9.446689422323278,4.84133679915494,5.996275204267285,32,0
4.748863244973124,1.1569861327970958,3.8898625092179215,32,0
2.600763148192269,5.996275204267285,4.168577963509295,32,1
12.475717477419728,4.168577963509295,9.082887319749315,32,0
5.40017500700404,6.091482254380609,3.8898625092179215,32,0
2.917495120408287,6.607320262414262,5.103407410583902,32,0
5.196707314378363,1.1569861327970958,4.224442623030677,32,0
5.2383130450264845,3.8898625092179215,9.082887319749315,32,0
8.616834681137767,4.812683189974562,8.626193405556029,32,0
3.9524337701363907,5.103407410583902,4.84133679915494,32,0
4.352070150146901,6.607320262414262,9.082887319749315,32,1
10.807635152096232,9.378234759515088,2.0504927042173393,32,0
7.8058001140367645,4.462197362542002,3.5392541722722983,32,0
13.382502270918687,9.378234759515088,6.607320262414262,32,0
4.232076733879489,2.0504927042173393,5.996275204267285,32,1
12.986387512127914,5.047677209934875,8.141186654903114,32,0
15.249616074191993,8.141186654903114,7.955297769688153,32,0
7.041519985231985,8.141186654903114,7.9239534152617095,32,0
12.821940817067462,8.629573332632173,4.921294130465773,32,0
13.691076117642762,8.629573332632173,5.410061598357742,32,0
7.555674478511131,5.754554577601138,2.0083254151059946,32,0
3.1320080487270765,4.462197362542002,4.168577963509295,32,0
8.56026091949466,7.141430252449534,2.0083254151059946,32,0
10.257125032176017,6.920661943385403,3.8898625092179215,32,0
3.2657618848560785,4.812683189974562,5.996275204267285,32,0
13.898718534946928,8.629573332632173,7.141430252449534,32,0
13.898718534946928,8.629573332632173,7.141430252449534,32,0
9.129060506470816,5.754554577601138,4.168577963509295,32,0
4.975194116970102,5.996275204267285,8.881202367606159,32,1
3.3706472351589207,9.082887319749315,5.754554577601138,32,0
12.344995076907363,8.141186654903114,4.224442623030677,32,0
10.705938227820312,8.629573332632173,5.996275204267285,32,0
2.7799686823263894,6.607320262414262,4.84133679915494,32,0
3.724080036496925,8.629573332632173,8.141186654903114,32,1
10.962163180573981,6.920661943385403,6.607320262414262,32,0
12.293359813998714,5.98022237065089,7.955297769688153,32,0
7.3505016185563585,1.1569861327970958,8.141186654903114,32,0
5.744437450026676,5.410061598357742,2.0504927042173393,32,0
7.773553784741396,6.607320262414262,2.0083254151059946,32,0
7.993216217475451,8.141186654903114,5.996275204267285,32,0
7.056356983507922,5.98022237065089,3.229275780880532,32,0
9.446689422323278,5.996275204267285,4.84133679915494,32,0
3.012303723908053,4.168577963509295,1.1569861327970958,32,0
11.412275889434365,4.812683189974562,6.607320262414262,32,0
6.077616497669143,3.5392541722722983,9.082887319749315,32,0
7.386352290814868,3.5392541722722983,4.812683189974562,32,0
0.40046596061347406,5.754554577601138,5.410061598357742,32,1
8.243322184445578,4.812683189974562,3.8898625092179215,32,0
9.955648183062106,7.955297769688153,2.0083254151059946,32,0
5.791193746741662,9.378234759515088,8.141186654903114,32,1
9.280448524999043,9.378234759515088,1.1569861327970958,32,0
1.2361091474959043,5.754554577601138,4.84133679915494,32,0
9.37044217046961,6.768844644592272,7.141430252449534,32,0
3.680012511050425,5.996275204267285,7.141430252449534,32,0
12.343405277638182,9.378234759515088,5.996275204267285,32,0
2.9315784945173413,6.768844644592272,3.8898625092179215,32,0
6.902728144617997,3.5392541722722983,8.626193405556029,32,0
10.418308562989521,8.626193405556029,8.881202367606159,32,0
10.796380836384229,2.0083254151059946,9.082887319749315,32,0
8.113465099635164,7.9239534152617095,5.103407410583902,32,1
9.662158171067368,5.103407410583902,6.091482254380609,32,0
5.105605339617165,7.141430252449534,2.0504927042173393,32,0
8.72605799580612,4.462197362542002,7.141430252449534,32,0
7.596359483256315,6.607320262414262,3.229275780880532,32,0
13.981028088324289,5.410061598357742,10.078076826841185,32,0
4.971199105132572,5.98022237065089,2.0083254151059946,32,0
9.678807684660864,5.98022237065089,3.8898625092179215,32,0
15.749981084999693,7.9239534152617095,7.955297769688153,32,0
10.222979285104008,5.047677209934875,8.626193405556029,32,0
8.974476660929524,4.812683189974562,7.9239534152617095,32,0
8.5059412923828,6.768844644592272,2.0083254151059946,32,0
1.258737216495895,3.8898625092179215,3.5392541722722983,32,1
6.681463477092187,9.378234759515088,4.462197362542002,32,0
6.2199458471547,5.754554577601138,6.091482254380609,32,0
5.196707314378363,4.224442623030677,1.1569861327970958,32,0
3.724080036496925,8.141186654903114,8.629573332632173,32,1
3.3039169428099937,4.6937234121895335,5.702234326173747,25,1
4.30393690305419,6.754409339526051,9.15819226249854,25,1
14.214634038041297,8.085318190450549,7.431864968150048,25,0
13.260242813627649,7.724122382375747,6.509547613768806,25,0
6.16188883914911,10.762367345094754,4.901941619449278,25,0
7.008245344347731,0.15619753320746974,7.15011532423368,25,0
10.68326652880578,6.754409339526051,7.034345698217985,25,0
5.0854667219514385,4.6937234121895335,3.4186498710549516,25,0
6.955234653347449,8.186086681104992,6.899065330626657,25,0
10.135650076675168,10.762367345094754,9.15819226249854,25,0
9.147403950760694,1.7907501016041727,7.431864968150048,25,0
8.372817789307646,2.5888461839820263,6.509547613768806,25,0
3.8108937417544717,5.702234326173747,3.4186498710549516,25,0
11.217971664709836,7.15011532423368,4.6937234121895335,25,0
16.47247129922961,9.15819226249854,7.431864968150048,25,0
14.586055146873942,6.613611805920231,8.085318190450549,25,0
5.934263576103615,1.7907501016041727,7.724122382375747,25,0
8.726694893106092,5.22110016669532,7.758929034021186,25,0
3.7347570629482956,8.085318190450549,7.724122382375747,25,0
6.588743321868643,8.085318190450549,4.943936680952262,25,0
13.306946128759089,4.6937234121895335,9.15819226249854,25,0
7.399850409434766,6.509547613768806,3.4186498710549516,25,0
7.317979955826034,6.509547613768806,7.431864968150048,25,0
15.111104169667708,10.762367345094754,4.6937234121895335,25,0
13.39687900679707,7.724122382375747,5.702234326173747,25,0
8.239998464468046,6.290117464913722,5.702234326173747,25,0
13.380899186440235,7.15011532423368,6.509547613768806,25,0
13.004276767403836,4.943936680952262,8.186086681104992,25,0
3.8108937417544717,3.4186498710549516,5.702234326173747,25,0
5.390395661975991,4.901941619449278,4.943936680952262,25,0
1.925302695865191,6.509547613768806,4.632475400491544,25,1
13.801873568482993,8.085318190450549,6.588690456773928,25,0
4.285796389448535,4.6937234121895335,6.588690456773928,25,0
9.585170230330815,6.290117464913722,7.724122382375747,25,0
4.768185531698867,7.758929034021186,4.632475400491544,25,1
4.605865262655163,4.901941619449278,6.290117464913722,25,0
14.859546008750453,5.702234326173747,9.15819226249854,25,0
9.738148487568724,4.943936680952262,6.899065330626657,25,0
4.674347781055739,4.901941619449278,5.22110016669532,25,1
4.026821332771247,2.5888461839820263,4.901941619449278,25,0
12.379796059372847,10.762367345094754,6.754409339526051,25,0
6.27036414070135,7.034345698217985,3.4186498710549516,25,0
3.8108937417544717,5.702234326173747,3.4186498710549516,25,0
7.055200917319818,0.15619753320746974,6.899065330626657,25,0
10.547946826798233,7.15011532423368,6.754409339526051,25,0
7.767516812401205,6.899065330626657,3.4186498710549516,25,0
10.318181044656649,7.034345698217985,7.431864968150048,25,0
3.513024440395266,5.22110016669532,1.7907501016041727,25,1
4.348403521502185,10.762367345094754,7.034345698217985,25,1
14.102010563855673,6.754409339526051,7.431864968150048,25,0
6.199759598488889,4.6937234121895335,2.5888461839820263,25,0
6.66570868038373,0.15619753320746974,6.509547613768806,25,0
7.681972000358842,7.758929034021186,4.943936680952262,25,0
14.102010563855673,6.754409339526051,7.431864968150048,25,0
14.840154545126671,6.899065330626657,8.085318190450549,25,0
5.5176142129874926,4.6937234121895335,7.431864968150048,25,0
7.681972000358842,4.943936680952262,7.758929034021186,25,0
9.738148487568724,4.943936680952262,6.899065330626657,25,0
7.621538203491712,4.632475400491544,4.943936680952262,25,0
3.0527690621356753,7.724122382375747,5.22110016669532,25,0
5.390395661975991,4.901941619449278,4.943936680952262,25,0
9.147403950760694,7.431864968150048,1.7907501016041727,25,0
4.845546790597353,4.6937234121895335,0.15619753320746974,25,0
7.889595505494199,6.509547613768806,1.7907501016041727,25,0
3.439205303286209,4.901941619449278,8.085318190450549,25,1
1.7141226302922974,7.724122382375747,9.15819226249854,25,1
13.60118476996123,7.724122382375747,6.899065330626657,25,0
5.102570091236441,8.085318190450549,10.762367345094754,25,0
11.223696858385354,4.901941619449278,6.613611805920231,25,0
3.5359620742454045,6.613611805920231,6.899065330626657,25,0
14.760591707434806,7.15011532423368,7.758929034021186,25,0
14.644332050224955,7.431864968150048,10.762367345094754,25,0
10.867533497377009,4.943936680952262,6.613611805920231,25,0
8.937430491231677,10.762367345094754,2.5888461839820263,25,0
9.957310883310997,1.7907501016041727,8.186086681104992,25,0
15.37153588065491,10.762367345094754,4.632475400491544,25,0
12.379796059372847,10.762367345094754,6.754409339526051,25,0
9.585170230330815,7.724122382375747,6.290117464913722,25,0
10.628265369887428,6.588690456773928,7.15011532423368,25,0
4.637093253849536,3.4186498710549516,6.290117464913722,25,0
6.990638415571877,4.901941619449278,6.754409339526051,25,0
4.285796389448535,6.588690456773928,4.6937234121895335,25,0
8.420145606878162,6.588690456773928,6.290117464913722,25,0
8.115949389424634,7.15011532423368,7.724122382375747,25,0
7.317979955826034,7.431864968150048,6.509547613768806,25,0
9.419269928988127,4.943936680952262,6.509547613768806,25,0
8.93849051658253,6.290117464913722,5.22110016669532,25,0
10.249004770955542,6.509547613768806,5.22110016669532,25,0
6.0090718050875545,4.632475400491544,3.4186498710549516,25,0
8.548089706180914,4.6937234121895335,4.943936680952262,25,0
4.674347781055739,5.22110016669532,4.901941619449278,25,1
9.957310883310997,8.186086681104992,1.7907501016041727,25,0
6.955234653347449,6.899065330626657,8.186086681104992,25,0
3.7347570629482956,7.724122382375747,8.085318190450549,25,0
10.135650076675168,9.15819226249854,10.762367345094754,25,0
9.619774855966098,7.758929034021186,5.702234326173747,25,0
5.257383787867066,6.509547613768806,5.702234326173747,25,0
10.22557472376323,10.762367345094754,5.22110016669532,25,0
12.32542860455313,6.754409339526051,6.613611805920231,25,0
12.32542860455313,6.754409339526051,6.613611805920231,25,0
8.372817789307646,6.509547613768806,2.5888461839820263,25,0
12.32542860455313,6.613611805920231,6.754409339526051,25,0
10.628265369887428,6.588690456773928,7.15011532423368,25,0
15.111104169667708,10.762367345094754,4.6937234121895335,25,0
10.578912918865141,3.4186498710549516,10.762367345094754,25,0
8.32377364522713,7.724122382375747,2.5888461839820263,25,0
4.990132055306522,4.901941619449278,7.724122382375747,25,0
7.08619836292739,7.431864968150048,4.632475400491544,25,0
3.2926508816101845,1.7907501016041727,2.5888461839820263,25,0
14.92291483141691,7.431864968150048,7.724122382375747,25,0
9.96432578696113,9.15819226249854,2.5888461839820263,25,0
8.369577332661489,7.724122382375747,7.034345698217985,25,0
11.834674899937188,7.758929034021186,7.431864968150048,25,0
12.474560861562907,9.15819226249854,4.632475400491544,25,0
10.895870711234,5.702234326173747,5.22110016669532,25,0
4.637093253849536,3.4186498710549516,6.290117464913722,25,0
10.305729449029688,3.4186498710549516,7.758929034021186,25,0
7.421426699610924,2.3571779952471967,6.916257834040712,17,0
11.192927292063567,8.633048711987168,4.359347511579506,17,0
6.362706116758311,8.633048711987168,2.410834529382798,17,0
5.658339426683062,2.410834529382798,3.8798506048077694,17,0
13.519433262823847,5.43616086418597,8.633048711987168,17,0
2.8080877014818455,2.410834529382798,4.493554536458367,17,1
8.070065966314834,4.493554536458367,4.359347511579506,17,0
5.073180386492504,4.359347511579506,9.056078425604575,17,1
9.743919008450144,5.78356154165433,4.293437475502399,17,0
5.167496259564334,7.004125498290929,4.493554536458367,17,0
2.807273341205821,6.076146293546726,3.8798506048077694,17,0
7.927055028651205,2.410834529382798,5.78356154165433,17,0
6.707363496397373,8.74850231501406,2.3571779952471967,17,0
10.334007771235893,9.056078425604575,2.410834529382798,17,0
7.43084726000736,5.43616086418597,4.359347511579506,17,0
4.328405060771425,4.493554536458367,8.74850231501406,17,0
6.5399223741407795,2.7770602936158304,6.916257834040712,17,0
13.058870448146813,7.004125498290929,6.076146293546726,17,0
12.322746425713097,3.8798506048077694,8.74850231501406,17,0
13.16969697433078,5.78356154165433,8.633048711987168,17,0
13.898622443593442,6.916257834040712,7.004125498290929,17,0
17.584279377574617,8.951648628568735,8.633048711987168,17,0
13.284716334265632,8.74850231501406,5.43616086418597,17,0
6.43275166532756,5.43616086418597,3.817940976824049,17,0
17.584279377574617,8.951648628568735,8.633048711987168,17,0
8.397171346925802,8.633048711987168,7.004125498290929,17,1
10.601854704045442,7.004125498290929,3.8798506048077694,17,0
1.8492454663356666,4.359347511579506,6.076146293546726,17,1
7.927055028651205,5.78356154165433,2.410834529382798,17,0
5.134076164024597,2.7770602936158304,2.410834529382798,17,0
9.025470633435342,4.493554536458367,5.43616086418597,17,0
11.76400109957635,4.359347511579506,8.74850231501406,17,0
10.744923826025422,4.293437475502399,7.004125498290929,17,0
4.371200232777582,3.8798506048077694,4.293437475502399,17,0
5.0817120662941635,2.7770602936158304,2.3571779952471967,17,0
9.764895480940348,9.056078425604575,5.43616086418597,17,0
9.73747156198703,6.916257834040712,5.43616086418597,17,0
7.527928159718969,3.817940976824049,3.8798506048077694,17,0
12.775111643984289,5.78356154165433,8.74850231501406,17,0
1.8492454663356666,4.359347511579506,6.076146293546726,17,1
13.519433262823847,5.43616086418597,8.633048711987168,17,0
11.192927292063567,4.359347511579506,8.633048711987168,17,0
7.5441383433521185,8.633048711987168,3.817940976824049,17,1
7.726860103310807,8.951648628568735,6.076146293546726,17,0
11.76400109957635,8.74850231501406,4.359347511579506,17,0
7.367695175989234,4.293437475502399,9.056078425604575,17,0
5.152202821316365,2.7770602936158304,6.076146293546726,17,0
9.918929545128108,4.493554536458367,6.076146293546726,17,0
7.527928159718969,3.817940976824049,3.8798506048077694,17,0
2.3496494702225608,3.8798506048077694,2.7770602936158304,17,0
5.230884681232045,5.43616086418597,8.951648628568735,17,1
10.744923826025422,4.293437475502399,7.004125498290929,17,0
9.73747156198703,6.916257834040712,5.43616086418597,17,0
3.448665336274035,2.7770602936158304,5.43616086418597,17,0
7.130332274377814,5.78356154165433,7.004125498290929,17,0
2.807273341205821,6.076146293546726,3.8798506048077694,17,0
7.927055028651205,5.78356154165433,2.410834529382798,17,0
6.5012218636628045,4.493554536458367,4.293437475502399,17,1
8.670023850391729,5.78356154165433,4.493554536458367,17,0
10.601854704045442,3.8798506048077694,7.004125498290929,17,0
5.707922073909119,3.817940976824049,2.7770602936158304,17,0
17.632502951110002,8.74850231501406,8.951648628568735,17,0
2.0740590476772742,3.8798506048077694,4.359347511579506,17,0
8.670023850391729,4.493554536458367,5.78356154165433,17,0
5.550586537089768,2.7770602936158304,4.293437475502399,17,0
2.8306137112125254,4.493554536458367,2.3571779952471967,17,1
12.322746425713097,3.8798506048077694,8.74850231501406,17,0
7.726860103310807,6.076146293546726,8.951648628568735,17,0
11.362992119451329,4.359347511579506,7.004125498290929,17,0
2.6072908404539605,6.916257834040712,4.359347511579506,17,1
9.500212778260526,6.076146293546726,5.78356154165433,17,0
7.130332274377814,5.78356154165433,7.004125498290929,17,0
16.821511804484597,8.74850231501406,9.056078425604575,17,0
11.281094112055955,8.951648628568735,3.817940976824049,17,0
7.0305149510552996,7.004125498290929,2.410834529382798,17,0
9.025470633435342,4.493554536458367,5.43616086418597,17,0
12.960687494659586,6.076146293546726,8.633048711987168,17,0
1.8492454663356666,4.359347511579506,6.076146293546726,17,1
2.807273341205821,3.8798506048077694,6.076146293546726,17,0
9.620183006231962,4.293437475502399,8.74850231501406,17,0
6.362706116758311,8.633048711987168,2.410834529382798,17,0
3.1939269732036086,3.817940976824049,4.493554536458367,17,0
6.717837842911766,5.78356154165433,3.8798506048077694,17,1
3.1939269732036086,3.817940976824049,4.493554536458367,17,0
13.1135879207111,9.056078425604575,4.493554536458367,17,0
7.5441383433521185,8.633048711987168,3.817940976824049,17,1
3.8992682270806593,6.916257834040712,4.293437475502399,17,0
10.744923826025422,7.004125498290929,4.293437475502399,17,0
6.5012218636628045,4.293437475502399,4.493554536458367,17,1
4.27227361404592,3.8798506048077694,6.916257834040712,17,0
3.8992682270806593,6.916257834040712,4.293437475502399,17,0
2.676592649850291,4.359347511579506,4.293437475502399,17,0
5.152202821316365,6.076146293546726,2.7770602936158304,17,0
8.171600328466361,4.359347511579506,3.817940976824049,17,0
10.230558065056215,4.493554536458367,6.916257834040712,17,0
5.167496259564334,7.004125498290929,4.493554536458367,17,0
13.16969697433078,8.633048711987168,5.78356154165433,17,0
4.328405060771425,4.493554536458367,8.74850231501406,17,0
5.167496259564334,7.004125498290929,4.493554536458367,17,0
13.578248374828314,8.74850231501406,6.076146293546726,17,0
11.972001008578015,3.8798506048077694,8.633048711987168,17,0
8.32673470112082,7.004125498290929,5.43616086418597,17,0
2.807273341205821,3.8798506048077694,6.076146293546726,17,0
9.918929545128108,4.493554536458367,6.076146293546726,17,0
8.32673470112082,7.004125498290929,5.43616086418597,17,0
4.071737312892808,4.359347511579506,2.7770602936158304,17,0
7.0398981695182545,3.817940976824049,8.74850231501406,17,1
3.448665336274035,5.43616086418597,2.7770602936158304,17,0
13.309429824970907,8.951648628568735,4.493554536458367,17,0
11.286435641311629,9.056078425604575,5.78356154165433,17,0
12.322746425713097,3.8798506048077694,8.74850231501406,17,0
9.798210971790638,4.207252861350359,5.591024032912052,22,0
9.439444524254869,5.240463420563966,4.207252861350359,22,0
10.583167771454304,6.673100626030405,4.207252861350359,22,0
7.394768044642619,4.919359406448209,7.263743640010154,22,0
3.322911227067798,6.673100626030405,4.643531473190768,22,0
13.410166411166871,8.509006914715599,6.233328446800562,22,0
6.5120917163225815,0.8122669616705872,7.263743640010154,22,0
9.437165292647352,6.812949979565454,6.364616480081919,22,0
11.916191630566308,9.032883367417943,5.22557805587766,22,0
15.387610939041254,9.049115556919352,6.812949979565454,22,0
12.216885370095465,8.509006914715599,4.319106523760586,22,0
6.2061425462280155,6.812949979565454,6.233328446800562,22,0
3.06485211718237,6.673100626030405,5.591024032912052,22,1
0.5436797977141763,5.591024032912052,5.240463420563966,22,1
5.467793758527619,6.233328446800562,0.8122669616705872,22,0
8.590247546223626,7.82499859214773,0.8122669616705872,22,0
8.4229063243936,5.22557805587766,4.319106523760586,22,0
9.399470046517502,0.8122669616705872,9.049115556919352,22,0
7.56072626166767,4.375876679610183,4.319106523760586,22,0
9.125199345327033,4.919359406448209,4.319106523760586,22,0
5.304966588458721,0.8122669616705872,6.02892721457559,22,0
4.7574919663982325,9.049115556919352,4.919359406448209,22,0
12.216885370095465,8.509006914715599,4.319106523760586,22,0
10.56919832401786,7.82499859214773,6.673100626030405,22,0
5.796794330312729,4.207252861350359,9.032883367417943,22,1
14.15615942847537,7.263743640010154,8.509006914715599,22,0
7.757475679272851,9.049115556919352,5.22557805587766,22,1
10.713927030834398,4.919359406448209,6.812949979565454,22,0
10.665843362827147,6.673100626030405,6.812949979565454,22,0
4.186428588925805,6.02892721457559,4.319106523760586,22,0
3.72076060426209,4.375876679610183,5.591024032912052,22,0
4.219068865236589,4.643531473190768,5.240463420563966,22,0
3.06485211718237,6.673100626030405,5.591024032912052,22,1
8.590247546223626,7.82499859214773,0.8122669616705872,22,0
6.249557621972852,5.240463420563966,5.081358144542808,22,0
4.304392266125657,11.271421759216588,6.972974192192709,22,0
8.99331847571933,9.049115556919352,4.643531473190768,22,0
12.90305539693731,6.972974192192709,6.233328446800562,22,0
6.249557621972852,5.081358144542808,5.240463420563966,22,0
10.554711347491239,6.972974192192709,5.22557805587766,22,0
1.0811187886323987,7.263743640010154,6.233328446800562,22,1
13.253383723293938,6.972974192192709,6.812949979565454,22,0
13.659567601256796,5.240463420563966,9.032883367417943,22,0
17.090404087553633,6.233328446800562,11.271421759216588,22,0
3.06485211718237,6.673100626030405,5.591024032912052,22,1
3.2787834560355904,9.032883367417943,6.812949979565454,22,1
3.06485211718237,5.591024032912052,6.673100626030405,22,1
4.024104738354736,11.271421759216588,7.82499859214773,22,0
10.95507046120649,6.364616480081919,4.643531473190768,22,0
7.419262375085258,6.233328446800562,4.319106523760586,22,0
10.802103279239912,6.233328446800562,5.081358144542808,22,0
8.324799523096766,6.972974192192709,5.240463420563966,22,0
10.583167771454304,4.207252861350359,6.673100626030405,22,0
2.010550275195371,7.82499859214773,6.972974192192709,22,1
4.8683750985747904,8.509006914715599,11.271421759216588,22,1
7.02633877544892,4.919359406448209,8.509006914715599,22,0
12.90305539693731,6.233328446800562,6.972974192192709,22,0
10.297505232778033,4.207252861350359,7.82499859214773,22,0
0.5436797977141763,5.240463420563966,5.591024032912052,22,1
4.788493652289796,9.049115556919352,5.240463420563966,22,0
11.463338052694057,4.207252861350359,8.509006914715599,22,0
14.45849990335963,11.271421759216588,5.22557805587766,22,1
10.554711347491239,6.972974192192709,5.22557805587766,22,0
4.14961682056652,7.263743640010154,4.375876679610183,22,1
13.487172811065586,9.032883367417943,4.919359406448209,22,0
3.680920575327252,6.972974192192709,8.509006914715599,22,0
7.232615858623641,5.22557805587766,6.02892721457559,22,0
3.2787834560355904,6.812949979565454,9.032883367417943,22,1
9.479620734286295,9.032883367417943,6.364616480081919,22,0
8.167683185331875,5.591024032912052,6.972974192192709,22,0
11.56947914734674,5.591024032912052,11.271421759216588,22,0
3.829092315900061,8.509006914715599,5.081358144542808,22,0
5.696113410891297,0.8122669616705872,5.591024032912052,22,0
0.4743190686762727,4.919359406448209,5.240463420563966,22,1
0.6729810740521177,5.591024032912052,4.919359406448209,22,1
4.760527149506569,5.591024032912052,4.643531473190768,22,0
10.525118488944136,4.919359406448209,6.364616480081919,22,0
4.2325048434297,0.8122669616705872,4.207252861350359,22,0
14.007188291375053,4.375876679610183,11.271421759216588,22,0
12.911825340625224,6.364616480081919,6.673100626030405,22,0
1.2736566379821017,4.319106523760586,4.207252861350359,22,0
10.001970431507207,4.375876679610183,6.972974192192709,22,0
4.8683750985747904,8.509006914715599,11.271421759216588,22,1
15.387610939041254,9.049115556919352,6.812949979565454,22,0
8.890721818113256,4.207252861350359,5.22557805587766,22,0
14.136616835586192,6.02892721457559,9.049115556919352,22,0
6.686110415201787,5.240463420563966,6.233328446800562,22,0
14.15615942847537,8.509006914715599,7.263743640010154,22,0
6.593753922203734,4.375876679610183,6.02892721457559,22,0
10.206063202206938,4.319106523760586,6.673100626030405,22,0
5.304966588458721,6.02892721457559,0.8122669616705872,22,0
8.250276124416018,9.049115556919352,6.972974192192709,22,0
9.386510759406288,5.240463420563966,4.319106523760586,22,0
10.173935789969294,9.049115556919352,11.271421759216588,22,1
5.467793758527619,6.233328446800562,0.8122669616705872,22,0
2.495108253825319,6.233328446800562,4.643531473190768,22,1
7.025049702417527,8.509006914715599,5.591024032912052,22,0
7.232615858623641,6.02892721457559,5.22557805587766,22,0
3.6892382875158063,6.233328446800562,5.22557805587766,22,0
15.387610939041254,6.812949979565454,9.049115556919352,22,0
14.462644360866856,6.812949979565454,7.82499859214773,22,0
7.397787708055066,8.509006914715599,5.240463420563966,22,0
8.755725062193902,4.207252861350359,6.972974192192709,22,0
17.976984194458556,7.263743640010154,11.271421759216588,22,0
9.413756289848015,7.263743640010154,4.207252861350359,22,0
9.096471998683361,6.673100626030405,6.02892721457559,22,0
15.294727088530106,6.812949979565454,8.509006914715599,22,0
9.096471998683361,6.02892721457559,6.673100626030405,22,0
17.121845326473085,11.271421759216588,6.02892721457559,22,0
3.173606793804604,4.919359406448209,6.673100626030405,22,1
6.983995268880403,7.263743640010154,6.812949979565454,22,0
14.45849990335963,5.22557805587766,11.271421759216588,22,1
7.232615858623641,6.02892721457559,5.22557805587766,22,0
15.387610939041254,9.049115556919352,6.812949979565454,22,0
11.171967102928862,9.032883367417943,4.375876679610183,22,0
1.882763280140832,6.673100626030405,5.22557805587766,22,0
4.8683750985747904,11.271421759216588,8.509006914715599,22,1
8.224429307120044,4.655765073712271,5.341434381584743,16,0
4.965390808047308,8.399647987823508,5.8608114993495875,16,0
3.5266771899891145,4.8166548208502515,5.341434381584743,16,0
9.333864912219553,8.85670674110392,4.655765073712271,16,0
15.23947276606511,7.555658870511278,8.544794580234926,16,0
8.741781863813626,7.3759882493424085,6.333343496118505,16,0
9.617600546322233,8.399647987823508,7.3759882493424085,16,0
10.20731874071131,9.679485522962054,4.655765073712271,16,0
16.26256907845693,7.555658870511278,8.85670674110392,16,0
4.137112034898495,5.8608114993495875,6.333343496118505,16,0
3.694156062926095,4.8166548208502515,8.399647987823508,16,1
5.533807183222034,5.341434381584743,9.679485522962054,16,1
1.5670902924379457,6.333343496118505,4.8166548208502515,16,1
9.787530212515101,6.011513192509301,5.341434381584743,16,0
4.062320621673985,4.8166548208502515,4.322571591335313,16,0
9.313956315505926,8.85670674110392,4.613132355157612,16,0
0.04298123353804386,4.655765073712271,4.613132355157612,16,1
1.5670902924379457,4.8166548208502515,6.333343496118505,16,1
9.952449770637834,8.544794580234926,4.8166548208502515,16,0
3.5266771899891145,5.341434381584743,4.8166548208502515,16,0
9.86333342444042,9.758589017386761,8.85670674110392,16,0
13.822939087420107,9.758589017386761,4.655765073712271,16,0
4.96930291537172,5.341434381584743,8.85670674110392,16,1
10.731188125661427,6.333343496118505,4.655765073712271,16,0
5.453345928876688,7.555658870511278,7.3759882493424085,16,0
6.125845669262279,9.758589017386761,5.341434381584743,16,0
6.278414598757433,5.341434381584743,8.399647987823508,16,0
3.5266771899891145,5.341434381584743,4.8166548208502515,16,0
7.492692057622443,6.333343496118505,6.011513192509301,16,0
9.041493336484379,9.679485522962054,4.8166548208502515,16,0
3.598825909215034,6.011513192509301,5.8608114993495875,16,1
1.5670902924379457,6.333343496118505,4.8166548208502515,16,1
4.594748132088826,7.555658870511278,5.566531057063181,16,1
8.795588946045706,4.655765073712271,4.322571591335313,16,0
5.588508225201542,7.555658870511278,6.011513192509301,16,0
7.440039882496848,9.758589017386761,5.8608114993495875,16,0
13.371256387199802,5.8608114993495875,8.544794580234926,16,0
3.5266771899891145,5.341434381584743,4.8166548208502515,16,0
9.703593030820043,6.011513192509301,4.655765073712271,16,0
3.96567540696514,8.544794580234926,9.679485522962054,16,1
4.994206894087991,9.758589017386761,4.8166548208502515,16,1
10.20731874071131,4.655765073712271,9.679485522962054,16,0
10.731188125661427,4.655765073712271,6.333343496118505,16,0
12.809184684444004,8.399647987823508,4.613132355157612,16,0
4.994206894087991,4.8166548208502515,9.758589017386761,16,1
13.01509866943704,9.679485522962054,5.8608114993495875,16,0
11.22532598956086,5.341434381584743,7.3759882493424085,16,0
10.436444086926311,5.8608114993495875,4.655765073712271,16,0
6.10720709139102,4.322571591335313,8.399647987823508,16,0
13.657059062796185,8.399647987823508,7.555658870511278,16,0
2.8716548427692175,4.322571591335313,6.011513192509301,16,1
7.440039882496848,5.8608114993495875,9.758589017386761,16,0
13.645838527126388,5.566531057063181,8.399647987823508,16,0
8.354309126671833,4.322571591335313,9.758589017386761,16,0
9.86333342444042,9.758589017386761,8.85670674110392,16,0
8.741781863813626,7.3759882493424085,6.333343496118505,16,0
12.404885421293308,5.8608114993495875,8.85670674110392,16,0
6.125845669262279,5.341434381584743,9.758589017386761,16,0
15.905084822816304,8.544794580234926,7.3759882493424085,16,0
2.8716548427692175,6.011513192509301,4.322571591335313,16,1
3.96567540696514,9.679485522962054,8.544794580234926,16,1
9.987243870734277,9.679485522962054,9.758589017386761,16,0
4.994206894087991,4.8166548208502515,9.758589017386761,16,1
7.3024721353596584,8.544794580234926,4.613132355157612,16,0
5.453345928876688,7.3759882493424085,7.555658870511278,16,0
14.333475182022179,6.011513192509301,8.85670674110392,16,0
4.594748132088826,7.555658870511278,5.566531057063181,16,1
10.269566032226932,4.8166548208502515,5.566531057063181,16,0
8.187308602103142,5.341434381584743,4.613132355157612,16,0
13.645838527126388,8.399647987823508,5.566531057063181,16,0
9.350140282456799,6.333343496118505,8.85670674110392,16,0
12.988514883340624,8.399647987823508,8.544794580234926,16,0
5.453345928876688,7.555658870511278,7.3759882493424085,16,0
9.871025466918416,5.566531057063181,5.8608114993495875,16,0
11.746298126576612,8.85670674110392,4.322571591335313,16,0
15.778809319890044,8.85670674110392,7.3759882493424085,16,0
15.828697336945662,7.555658870511278,9.758589017386761,16,0
4.103452401414895,5.566531057063181,4.655765073712271,16,1
13.002267382651798,8.85670674110392,5.566531057063181,16,0
12.123950802796942,7.3759882493424085,9.758589017386761,16,0
4.96930291537172,8.85670674110392,5.341434381584743,16,1
7.440039882496848,9.758589017386761,5.8608114993495875,16,0
8.158392264774996,5.566531057063181,4.322571591335313,16,0
8.495964844845995,4.8166548208502515,8.85670674110392,16,0
11.343746163957704,8.544794580234926,5.566531057063181,16,0
1.5670902924379457,4.8166548208502515,6.333343496118505,16,1
10.436444086926311,4.655765073712271,5.8608114993495875,16,0
4.100606933115815,5.566531057063181,4.613132355157612,16,1
3.598825909215034,6.011513192509301,5.8608114993495875,16,1
17.115731653765923,9.679485522962054,7.555658870511278,16,0
4.96930291537172,8.85670674110392,5.341434381584743,16,1
9.122649183269875,4.613132355157612,4.8166548208502515,16,0
4.594748132088826,7.555658870511278,5.566531057063181,16,1
12.508584981167912,8.544794580234926,9.758589017386761,16,0
4.96930291537172,5.341434381584743,8.85670674110392,16,1
12.809184684444004,8.399647987823508,4.613132355157612,16,0
9.871025466918416,5.8608114993495875,5.566531057063181,16,0
4.6851128873416235,5.8608114993495875,7.3759882493424085,16,1
4.103452401414895,5.566531057063181,4.655765073712271,16,1
9.703593030820043,4.655765073712271,6.011513192509301,16,0
9.86333342444042,8.85670674110392,9.758589017386761,16,0
9.333864912219553,4.655765073712271,8.85670674110392,16,0
12.508584981167912,8.544794580234926,9.758589017386761,16,0
14.51038187704522,6.011513192509301,8.544794580234926,16,0
4.103452401414895,5.566531057063181,4.655765073712271,16,1
4.062320621673985,4.322571591335313,4.8166548208502515,16,0
12.404885421293308,8.85670674110392,5.8608114993495875,16,0
10.988264591266361,6.011513192509301,9.758589017386761,16,0
8.495964844845995,8.85670674110392,4.8166548208502515,16,0
9.617600546322233,7.3759882493424085,8.399647987823508,16,0
0.8805977600849073,8.85670674110392,9.679485522962054,16,1
8.795588946045706,4.322571591335313,4.655765073712271,16,0
12.141726112768868,6.333343496118505,7.555658870511278,16,0
12.85189907589246,4.655765073712271,8.399647987823508,16,0
13.371256387199802,8.544794580234926,5.8608114993495875,16,0
17.115731653765923,9.679485522962054,7.555658870511278,16,0
7.605192326997833,6.874977641203926,5.9390695887827585,18,0
8.55266751194684,4.813043895597986,6.065624229498105,18,0
14.211051613651478,8.8585624159547,6.235234289993884,18,0
3.797638250712619,6.874977641203926,6.065624229498105,18,1
3.42027568558136,5.142073238454568,7.37997633721244,18,1
8.050990967277178,3.081513110744029,5.142073238454568,18,0
1.7128598653517217,5.142073238454568,4.813043895597986,18,1
13.059905553351319,8.212813927744207,6.235234289993884,18,0
3.819334107445371,3.139890963795719,6.874977641203926,18,1
10.880903591909448,6.874977641203926,4.813043895597986,18,0
4.862432936473477,7.435411169048572,3.086885270781028,18,0
9.836589106549823,6.065624229498105,5.142073238454568,18,0
12.76091010150642,6.874977641203926,7.41678145489319,18,0
2.1438327376075024,3.110182820191356,3.081513110744029,18,0
6.609827473464943,6.874977641203926,3.086885270781028,18,0
7.9693118473828575,3.081513110744029,5.9390695887827585,18,0
6.221980166123627,3.110182820191356,5.9390695887827585,18,0
11.990497356990216,5.9390695887827585,6.059964006299938,18,0
8.050990967277178,3.081513110744029,5.142073238454568,18,0
7.66920453453447,4.813043895597986,3.086885270781028,18,0
5.875139599920985,7.41678145489319,8.212813927744207,18,0
14.226029990293574,7.41678145489319,6.927394168869513,18,0
11.168363358944138,5.142073238454568,6.235234289993884,18,0
7.66920453453447,4.813043895597986,3.086885270781028,18,0
10.072022297714595,8.8585624159547,3.139890963795719,18,0
8.919264384698158,8.212813927744207,3.139890963795719,18,0
7.874057161532103,6.235234289993884,6.065624229498105,18,0
10.468794177573923,5.9390695887827585,6.235234289993884,18,0
13.624019508064354,6.235234289993884,7.41678145489319,18,0
7.132709658138593,6.927394168869513,7.435411169048572,18,0
4.2558532044681705,3.110182820191356,6.065624229498105,18,1
3.708758120104451,6.235234289993884,3.086885270781028,18,1
11.784873332201727,6.059964006299938,7.41678145489319,18,0
10.204778659322496,6.065624229498105,7.37997633721244,18,0
12.76091010150642,7.41678145489319,6.874977641203926,18,0
8.050990967277178,5.142073238454568,3.081513110744029,18,0
7.874057161532103,6.065624229498105,6.235234289993884,18,0
4.22744706456876,7.557504209542712,4.813043895597986,18,0
6.609827473464943,3.086885270781028,6.874977641203926,18,0
6.096226694695686,7.435411169048572,6.235234289993884,18,0
11.971942643224645,5.142073238454568,6.927394168869513,18,0
14.557896809521695,8.8585624159547,6.059964006299938,18,0
2.804813987270277,4.813043895597986,7.41678145489319,18,1
2.72048076668911,7.41678145489319,7.557504209542712,18,0
10.413949362857135,7.557504209542712,3.081513110744029,18,0
9.344245769794016,7.557504209542712,3.139890963795719,18,0
10.128647715750946,7.435411169048572,5.142073238454568,18,0
4.009395523217607,6.065624229498105,5.9390695887827585,18,0
2.593523889867903,8.212813927744207,5.9390695887827585,18,1
10.828115102711887,6.874977641203926,7.435411169048572,18,0
5.875139599920985,7.41678145489319,8.212813927744207,18,0
11.566187323713246,6.874977641203926,8.8585624159547,18,0
4.14907006101785,5.9390695887827585,7.557504209542712,18,1
8.221773133112796,3.139890963795719,5.142073238454568,18,0
6.673779225138658,6.235234289993884,6.059964006299938,18,0
7.689787784558724,6.065624229498105,6.927394168869513,18,0
2.614699666684974,7.37997633721244,4.813043895597986,18,1
3.2897157770247696,3.110182820191356,3.086885270781028,18,0
7.385438533165586,3.139890963795719,6.059964006299938,18,0
14.211051613651478,8.8585624159547,6.235234289993884,18,0
14.25831116397016,6.927394168869513,7.37997633721244,18,0
4.5893102998833815,6.874977641203926,6.927394168869513,18,0
10.72870144422629,6.874977641203926,6.059964006299938,18,0
6.2087190981895874,7.41678145489319,5.9390695887827585,18,0
4.66064902054406,3.086885270781028,6.927394168869513,18,1
7.566094669877738,3.086885270781028,5.142073238454568,18,0
13.378883999885973,7.557504209542712,6.235234289993884,18,0
6.70382487123711,7.37997633721244,5.9390695887827585,18,0
11.081730680477234,3.086885270781028,8.212813927744207,18,0
8.050990967277178,3.081513110744029,5.142073238454568,18,0
9.844734301433595,7.41678145489319,3.110182820191356,18,0
16.204674549900457,7.435411169048572,8.8585624159547,18,0
1.7772279326267573,8.8585624159547,8.212813927744207,18,1
1.262081700905745,3.081513110744029,3.086885270781028,18,1
4.256267217104216,3.110182820191356,6.235234289993884,18,0
4.14907006101785,5.9390695887827585,7.557504209542712,18,1
7.7646073608725095,6.059964006299938,6.927394168869513,18,0
15.647733946160356,8.212813927744207,7.435411169048572,18,0
12.905462247815745,6.059964006299938,7.557504209542712,18,0
11.757857264351383,6.874977641203926,5.142073238454568,18,0
10.029941864238575,3.139890963795719,7.37997633721244,18,0
10.029941864238575,7.37997633721244,3.139890963795719,18,0
11.081730680477234,8.212813927744207,3.086885270781028,18,0
16.204674549900457,8.8585624159547,7.435411169048572,18,0
3.819334107445371,3.139890963795719,6.874977641203926,18,1
7.560671400133344,4.813043895597986,3.110182820191356,18,0
11.045382408272966,4.813043895597986,6.235234289993884,18,0
9.245202162766153,7.557504209542712,3.110182820191356,18,0
8.809152584792887,8.212813927744207,3.110182820191356,18,0
8.63824437102786,5.9390695887827585,3.086885270781028,18,0
4.14907006101785,7.557504209542712,5.9390695887827585,18,1
7.893690825392543,8.8585624159547,5.142073238454568,18,0
7.884888072917845,8.8585624159547,6.065624229498105,18,0
12.76091010150642,6.874977641203926,7.41678145489319,18,0
10.204778659322496,7.37997633721244,6.065624229498105,18,0
1.7128598653517217,5.142073238454568,4.813043895597986,18,1
9.953577309482103,3.110182820191356,7.37997633721244,18,0
8.110700014222129,7.557504209542712,6.065624229498105,18,0
10.468794177573923,6.235234289993884,5.9390695887827585,18,0
4.5893102998833815,6.927394168869513,6.874977641203926,18,0
10.72870144422629,6.059964006299938,6.874977641203926,18,0
7.874057161532103,6.235234289993884,6.065624229498105,18,0
11.449957841522696,8.8585624159547,3.081513110744029,18,0
14.25831116397016,7.37997633721244,6.927394168869513,18,0
8.174879462353566,5.142073238454568,3.110182820191356,18,0
9.827389371637823,7.41678145489319,6.065624229498105,18,0
7.990803764473192,7.435411169048572,3.139890963795719,18,0
3.193656355102723,8.212813927744207,7.557504209542712,18,1
8.174879462353566,5.142073238454568,3.110182820191356,18,0
10.204778659322496,7.37997633721244,6.065624229498105,18,0
10.413949362857135,3.081513110744029,7.557504209542712,18,0
13.007128831944037,7.37997633721244,6.874977641203926,18,0
5.176924191110411,6.235234289993884,6.874977641203926,18,0
8.340286235666222,5.142073238454568,8.212813927744207,18,0
11.574488925910481,6.059964006299938,6.065624229498105,18,0
10.204778659322496,7.37997633721244,6.065624229498105,18,0
13.431180583277548,7.435411169048572,7.37997633721244,18,0
9.964866129701855,8.8585624159547,3.110182820191356,18,0
0.1108472228614745,3.110182820191356,3.139890963795719,18,1
7.021627656609271,6.850706719623584,5.5275787005661865,34,0
10.244903756030697,3.2667327042656034,9.64031413197564,34,0
4.04655542215956,7.081874098382066,3.2667327042656034,34,0
13.275878994799829,5.51150191198195,7.945967284729321,34,0
7.439701387422102,6.982314748833271,1.947187272062399,34,0
5.3915710006690745,7.240035833296881,3.2667327042656034,34,0
1.0116215882153734,9.486082981711002,8.786763446260805,34,1
3.7736912668902454,6.103017013177009,6.850706719623584,34,0
3.068546229190718,8.577072505643281,7.240035833296881,34,0
13.149576828882989,7.752414132772568,6.513219731976251,34,0
10.314519599040356,5.7290650880770855,7.240035833296881,34,0
7.891985239371765,7.240035833296881,8.786763446260805,34,0
13.96562997584226,7.081874098382066,7.945967284729321,34,0
8.473744687610537,4.960761228162985,7.945967284729321,34,0
7.141850661074375,4.175390996577679,3.5566419439586925,34,0
5.875824667640229,7.081874098382066,3.4294131352682453,34,0
1.9105308122244422,4.960761228162985,3.4732539860313696,34,1
10.244903756030697,9.64031413197564,3.2667327042656034,34,0
6.147192679871778,7.081874098382066,4.960761228162985,34,0
9.728355943506116,9.64031413197564,6.334052648580576,34,0
7.693506889415463,4.666803988600798,4.960761228162985,34,0
4.819343059694563,4.960761228162985,7.752414132772568,34,0
4.04655542215956,7.081874098382066,3.2667327042656034,34,0
9.04396325589191,5.5275787005661865,3.5566419439586925,34,0
14.818941368310256,9.742460207672849,7.081874098382066,34,0
10.5205382386389,4.175390996577679,8.786763446260805,34,0
5.721920588794708,6.732328238833344,9.64031413197564,34,0
10.479452663020021,6.513219731976251,7.240035833296881,34,0
9.50497643248977,3.2667327042656034,6.334052648580576,34,0
12.560035763445272,6.982314748833271,5.7290650880770855,34,0
10.12798289105297,4.666803988600798,9.453652646981073,34,0
6.315468697716867,7.945967284729321,3.5566419439586925,34,0
4.040738599724452,4.175390996577679,8.189653614118141,34,0
7.740296575071074,5.5275787005661865,3.2667327042656034,34,0
15.98358444148912,8.786763446260805,9.742460207672849,34,0
5.24717154016909,4.666803988600798,7.081874098382066,34,0
12.540429664479413,6.513219731976251,6.103017013177009,34,0
14.297969339667826,8.786763446260805,5.51150191198195,34,0
6.404337241611459,8.786763446260805,5.7290650880770855,34,0
19.661211193662975,10.198244779840557,9.486082981711002,34,0
14.589321102359307,9.486082981711002,7.081874098382066,34,0
11.933503539923944,4.175390996577679,9.64031413197564,34,0
15.0043908122604,8.786763446260805,6.513219731976251,34,0
12.054539380566599,8.087131595223585,6.334052648580576,34,0
8.762686803712992,6.850706719623584,3.4732539860313696,34,0
9.832162316551104,3.4294131352682453,6.446306687547085,34,0
11.949039755485858,5.51150191198195,6.446306687547085,34,0
7.4436157823098315,1.947187272062399,5.5275787005661865,34,0
2.110087549035824,8.577072505643281,8.087131595223585,34,0
11.460822012378543,6.732328238833344,6.850706719623584,34,0
11.485417054227296,6.982314748833271,8.087131595223585,34,0
9.842562084895727,6.334052648580576,4.960761228162985,34,0
4.040738599724452,8.189653614118141,4.175390996577679,34,0
5.409728882518874,6.446306687547085,4.960761228162985,34,0
13.251592048766312,6.982314748833271,7.752414132772568,34,0
5.40399382084718,1.947187272062399,6.446306687547085,34,0
5.636167022783443,8.577072505643281,8.786763446260805,34,0
8.335422156525686,6.513219731976251,4.175390996577679,34,0
7.425414519762535,8.786763446260805,8.087131595223585,34,0
12.191699617786888,6.319781726072815,7.752414132772568,34,0
11.687364920075769,8.189653614118141,6.513219731976251,34,0
12.593694306564519,6.850706719623584,7.240035833296881,34,0
14.01296193608378,4.666803988600798,9.64031413197564,34,0
9.744845538578547,7.240035833296881,6.103017013177009,34,0
14.953292981394958,9.64031413197564,5.352677788325841,34,0
7.17670781029494,1.947187272062399,6.513219731976251,34,0
12.604169555243312,7.945967284729321,4.666803988600798,34,0
0.859373298981394,6.982314748833271,6.513219731976251,34,1
12.475542327595115,9.453652646981073,7.945967284729321,34,0
4.654451008480169,7.752414132772568,3.4732539860313696,34,0
7.882494738833485,7.752414132772568,5.7290650880770855,34,0
12.389082329506328,3.2667327042656034,9.742460207672849,34,0
11.204306871256238,6.732328238833344,5.352677788325841,34,0
7.083021710458022,3.4294131352682453,4.960761228162985,34,0
4.697191405269798,6.446306687547085,8.577072505643281,34,1
12.475542327595115,9.453652646981073,7.945967284729321,34,0
10.117151670782027,4.666803988600798,6.334052648580576,34,0
8.770273338728176,3.4294131352682453,8.189653614118141,34,0
10.244903756030697,9.64031413197564,3.2667327042656034,34,0
3.2853976909432863,7.945967284729321,6.446306687547085,34,0
0.859373298981394,6.982314748833271,6.513219731976251,34,1
0.9482859456642574,4.414677093258467,3.4732539860313696,34,1
7.989686670815295,6.446306687547085,6.850706719623584,34,0
14.22030290576823,8.189653614118141,6.732328238833344,34,0
8.47194248069531,5.51150191198195,9.742460207672849,34,0
7.425414519762535,8.786763446260805,8.087131595223585,34,0
8.404773097292507,3.4732539860313696,5.51150191198195,34,0
7.180484259472564,7.081874098382066,4.414677093258467,34,0
10.534874232565398,4.175390996577679,6.732328238833344,34,0
13.362522995660266,5.5275787005661865,8.786763446260805,34,0
13.234341003851666,6.319781726072815,7.240035833296881,34,0
15.097729401649811,5.51150191198195,9.64031413197564,34,0
15.843635247322515,9.453652646981073,6.732328238833344,34,0
1.5990929614000278,5.7290650880770855,6.334052648580576,34,1
9.75781169558983,9.453652646981073,6.103017013177009,34,0
10.12798289105297,9.453652646981073,4.666803988600798,34,0
8.473744687610537,4.960761228162985,7.945967284729321,34,0
9.993350195144558,8.786763446260805,3.2667327042656034,34,0
11.05087294397302,4.960761228162985,6.319781726072815,34,0
12.560035763445272,6.982314748833271,5.7290650880770855,34,0
9.835534430356752,8.189653614118141,4.666803988600798,34,0
3.4487538074902373,8.786763446260805,7.752414132772568,34,0
4.038486743707032,6.850706719623584,8.189653614118141,34,0
11.697955139767704,7.240035833296881,6.334052648580576,34,0
12.70113180512855,5.7290650880770855,7.081874098382066,34,0
1.3337900191250085,4.414677093258467,4.960761228162985,34,1
6.59947597005541,3.5566419439586925,3.4294131352682453,34,0
8.532613142912851,5.7290650880770855,9.453652646981073,34,0
4.941055728020916,4.666803988600798,5.5275787005661865,34,0
9.078075291195972,5.7290650880770855,6.732328238833344,34,0
11.04702017259629,6.982314748833271,6.319781726072815,34,0
3.068546229190718,7.240035833296881,8.577072505643281,34,0
5.40399382084718,6.446306687547085,1.947187272062399,34,0
12.959069242271793,3.4294131352682453,9.64031413197564,34,0
8.096605096434079,6.850706719623584,1.947187272062399,34,0
10.833598794045763,8.189653614118141,3.5566419439586925,34,0
8.24949135456388,4.175390996577679,4.414677093258467,34,0
13.419429675022586,6.620687104220209,9.853094436818509,22,0
7.664103171731492,4.877460286907198,5.436514041137636,22,0
7.987125700059347,5.436514041137636,2.894314359649141,22,0
8.88785293078304,4.646053494106774,4.377920077376125,22,0
6.518986255184729,7.989765756595123,5.376103364540165,22,0
3.1789605353822954,3.7591398705942467,6.620687104220209,22,1
8.88785293078304,4.646053494106774,4.377920077376125,22,0
7.579088237263033,4.88714044594882,3.7591398705942467,22,0
12.464872237881687,4.646053494106774,7.902783436501448,22,0
9.17501055951187,9.853094436818509,7.827276323335975,22,0
9.216254564327256,4.877460286907198,9.255239515410079,22,0
7.039963804812658,7.268032803550802,2.6898684671401893,22,0
3.139172308028414,4.646053494106774,7.71583776584524,22,1
5.777151669600648,7.827276323335975,6.620687104220209,22,0
17.47296077575808,9.657298277014304,8.517694821568615,22,0
1.578407337243763,10.312895390678984,9.031913563362137,22,1
7.613575454959077,6.620687104220209,2.894314359649141,22,0
3.842659492931237,4.88714044594882,8.517694821568615,22,0
8.486443036166861,3.7591398705942467,4.877460286907198,22,0
16.67756637434234,7.268032803550802,9.657298277014304,22,0
8.375277510807708,3.7591398705942467,9.031913563362137,22,0
19.23386668228282,9.657298277014304,9.853094436818509,22,0
13.624506711024452,7.268032803550802,10.312895390678984,22,0
9.274084571465485,4.377920077376125,5.376103364540165,22,0
9.247572485452755,4.88714044594882,6.620687104220209,22,0
6.827596131009044,4.88714044594882,7.827276323335975,22,0
3.018076657906827,6.620687104220209,7.989765756595123,22,0
16.67756637434234,9.657298277014304,7.268032803550802,22,0
4.902564183809962,7.902783436501448,4.377920077376125,22,1
13.389679005400852,7.827276323335975,9.657298277014304,22,0
4.902564183809962,4.377920077376125,7.902783436501448,22,1
13.624506711024452,10.312895390678984,7.268032803550802,22,0
9.483292476560415,8.517694821568615,4.377920077376125,22,0
4.119756576562255,4.020580463536996,7.827276323335975,22,1
8.302770570320508,4.646053494106774,8.517694821568615,22,0
2.3912320703251253,5.436514041137636,7.827276323335975,22,0
3.350620712480972,4.646053494106774,7.989765756595123,22,1
3.4133633871365534,7.827276323335975,7.989765756595123,22,0
12.794149394215145,2.894314359649141,10.312895390678984,22,0
13.304831073751838,6.620687104220209,7.268032803550802,22,0
8.893497925229589,10.312895390678984,4.88714044594882,22,0
9.880796876217955,7.989765756595123,8.517694821568615,22,0
14.413700810552896,4.877460286907198,9.657298277014304,22,0
10.24456880527934,10.312895390678984,9.853094436818509,22,0
4.986411468224689,3.7591398705942467,5.436514041137636,22,0
9.760795258546514,4.377920077376125,9.853094436818509,22,0
6.23180682259724,9.853094436818509,7.268032803550802,22,1
4.119756576562255,7.827276323335975,4.020580463536996,22,1
8.82827908734774,9.853094436818509,9.031913563362137,22,0
9.247572485452755,6.620687104220209,4.88714044594882,22,0
9.610529368834321,5.376103364540165,4.88714044594882,22,0
7.664103171731492,4.877460286907198,5.436514041137636,22,0
14.640510890977835,9.255239515410079,5.436514041137636,22,0
12.559032044338393,9.853094436818509,7.71583776584524,22,0
4.708158439598109,2.6898684671401893,4.877460286907198,22,0
3.139172308028414,7.71583776584524,4.646053494106774,22,1
11.916010553428956,9.255239515410079,3.7591398705942467,22,0
14.385716177144781,7.902783436501448,8.517694821568615,22,0
6.121642660594217,2.6898684671401893,8.517694821568615,22,0
11.63995555734536,9.031913563362137,2.894314359649141,22,0
8.88785293078304,4.646053494106774,4.377920077376125,22,0
2.9465094105004392,3.7591398705942467,4.646053494106774,22,0
7.490902113784822,6.620687104220209,10.312895390678984,22,0
9.662941905719636,7.827276323335975,4.877460286907198,22,0
3.139172308028414,7.71583776584524,4.646053494106774,22,1
6.7684139013338065,2.894314359649141,4.877460286907198,22,0
2.3912320703251253,7.827276323335975,5.436514041137636,22,0
4.894001899020908,6.620687104220209,5.436514041137636,22,0
12.262436984001903,9.853094436818509,7.989765756595123,22,0
5.566339003942209,2.894314359649141,2.6898684671401893,22,0
8.87759365902566,7.268032803550802,2.894314359649141,22,0
4.916243053617688,3.7591398705942467,4.020580463536996,22,0
9.054931007377578,4.88714044594882,7.71583776584524,22,0
9.80262054448791,5.436514041137636,7.268032803550802,22,0
5.566339003942209,2.6898684671401893,2.894314359649141,22,0
12.517089827736042,9.853094436818509,2.894314359649141,22,0
11.214198874946684,8.517694821568615,6.620687104220209,22,0
9.247572485452755,6.620687104220209,4.88714044594882,22,0
11.352999254281997,8.517694821568615,2.894314359649141,22,0
11.311221232405828,4.877460286907198,7.989765756595123,22,0
4.605656781111348,9.031913563362137,7.989765756595123,22,0
7.321928771565366,4.88714044594882,9.031913563362137,22,0
13.384942459920158,9.255239515410079,9.657298277014304,22,0
8.87759365902566,2.894314359649141,7.268032803550802,22,0
10.245178137765357,4.877460286907198,5.376103364540165,22,0
14.640510890977835,9.255239515410079,5.436514041137636,22,0
8.375277510807708,3.7591398705942467,9.031913563362137,22,0
6.915831452161305,5.436514041137636,5.376103364540165,22,0
9.880796876217955,7.989765756595123,8.517694821568615,22,0
7.579088237263033,3.7591398705942467,4.88714044594882,22,0
4.8764317508019825,10.312895390678984,5.436514041137636,22,0
4.717996825049537,2.894314359649141,4.377920077376125,22,1
7.987125700059347,5.436514041137636,2.894314359649141,22,0
5.536177445019751,7.827276323335975,2.6898684671401893,22,0
14.640510890977835,5.436514041137636,9.255239515410079,22,0
3.4054668500105354,4.88714044594882,4.020580463536996,22,0
3.018076657906827,7.989765756595123,6.620687104220209,22,0
2.3852652121031745,7.71583776584524,6.620687104220209,22,0
10.975610475804732,7.902783436501448,5.376103364540165,22,0
6.491033245495265,4.877460286907198,9.853094436818509,22,1
3.5180791905365583,4.646053494106774,2.6898684671401893,22,0
8.110585943998164,7.902783436501448,4.877460286907198,22,0
11.428035183178192,9.657298277014304,2.6898684671401893,22,0
17.090370370195117,7.989765756595123,9.255239515410079,22,0
12.517089827736042,2.894314359649141,9.853094436818509,22,0
4.551113522331257,3.7591398705942467,2.6898684671401893,22,0
6.629677448889617,2.6898684671401893,7.989765756595123,22,0
10.901167947189839,4.877460286907198,6.620687104220209,22,0
5.429124369969426,4.646053494106774,9.031913563362137,22,0
15.380886179086541,7.71583776584524,7.902783436501448,22,0
16.723960764402218,7.71583776584524,9.255239515410079,22,0
8.766005675477476,7.268032803550802,7.902783436501448,22,0
4.8764317508019825,5.436514041137636,10.312895390678984,22,0
2.608915677795419,7.431040770951472,8.253900454727214,31,0
10.441820578081163,7.775977704424458,5.882958344052583,31,0
11.243743488028468,8.231957414396286,3.737539923973834,31,0
2.3376389670755504,1.7308879334559335,3.737539923973834,31,1
13.157948980320585,9.114480892072397,11.260870528642991,31,0
9.111412590161848,7.431040770951472,1.7308879334559335,31,0
11.476461020767994,7.431040770951472,9.053286137192142,31,0
2.793709143283123,6.455024319681561,6.370762803132234,31,0
13.566646288589027,8.446164992528738,5.377903026417759,31,0
10.010947900297932,7.580015261118404,6.489476377923551,31,0
5.253894194724476,3.8491460716511487,8.427970958356388,31,1
14.481370850724268,7.775977704424458,8.155373450566342,31,0
4.6900572100481845,7.607814666059388,6.72947446381294,31,0
6.669354113334844,8.253900454727214,7.607814666059388,31,0
11.335343351397126,9.053286137192142,6.489476377923551,31,0
9.884416764309917,9.053286137192142,8.253900454727214,31,0
4.116439112195699,8.427970958356388,5.377903026417759,31,0
9.659281467816863,6.370762803132234,5.377903026417759,31,0
4.729658381954715,8.231957414396286,7.580015261118404,31,0
13.987251721455706,6.252897175689674,7.775977704424458,31,0
5.5540178743199204,8.093701908203464,3.8777181344285476,31,1
2.3987664021092305,5.377903026417759,3.8777181344285476,31,1
1.540946358443444,6.252897175689674,7.392060447026701,31,1
12.956274419162186,7.607814666059388,5.377903026417759,31,0
7.261981394057853,1.2777018348831948,8.427970958356388,31,0
10.569157787904485,9.053286137192142,3.8491460716511487,31,0
6.656951345287736,7.775977704424458,5.377903026417759,31,0
9.644310144718455,7.775977704424458,3.8491460716511487,31,0
4.116439112195699,5.377903026417759,8.427970958356388,31,0
9.64760028640056,8.446164992528738,1.2777018348831948,31,0
5.878357848724884,1.7308879334559335,6.370762803132234,31,0
8.385008649970922,9.468735313217579,5.882958344052583,31,0
10.377600144604253,3.8491460716511487,9.114480892072397,31,0
11.243743488028468,8.231957414396286,3.737539923973834,31,0
9.219017972843638,6.72947446381294,9.468735313217579,31,0
12.212215227881861,7.431040770951472,6.252897175689674,31,0
13.164145991965992,6.252897175689674,7.580015261118404,31,0
16.78207221094961,9.468735313217579,9.509657067501854,31,0
9.721134856725493,9.053286137192142,1.7308879334559335,31,0
15.948977242775356,8.155373450566342,8.427970958356388,31,0
14.953112734808329,8.093701908203464,6.98913042108519,31,0
10.074190303658925,1.7308879334559335,8.446164992528738,31,0
12.81543063253917,6.370762803132234,8.093701908203464,31,0
8.385008649970922,5.882958344052583,9.468735313217579,31,0
4.6873242120483,7.607814666059388,9.468735313217579,31,0
10.718816803319957,6.433442512898839,9.114480892072397,31,0
5.148834917354169,8.446164992528738,7.431040770951472,31,0
1.445987353746491,3.8491460716511487,3.737539923973834,31,0
12.165443520753346,6.489476377923551,8.155373450566342,31,0
10.78229046378209,6.489476377923551,9.468735313217579,31,0
5.152298369221534,9.114480892072397,8.093701908203464,31,0
14.455138219823086,8.253900454727214,8.093701908203464,31,0
15.3767389398547,5.882958344052583,9.509657067501854,31,0
16.061054218950343,9.114480892072397,7.392060447026701,31,0
7.261981394057853,8.427970958356388,1.2777018348831948,31,0
1.3542144800537559,8.427970958356388,9.509657067501854,31,1
17.023323427934614,8.093701908203464,9.053286137192142,31,0
3.2090216717637845,5.882958344052583,8.253900454727214,31,0
8.37946113272771,7.607814666059388,7.431040770951472,31,0
10.541613989083398,7.775977704424458,3.737539923973834,31,0
7.261981394057853,8.427970958356388,1.2777018348831948,31,0
3.642162700789409,6.433442512898839,8.446164992528738,31,0
10.377600144604253,3.8491460716511487,9.114480892072397,31,0
15.948977242775356,8.155373450566342,8.427970958356388,31,0
10.718816803319957,9.114480892072397,6.433442512898839,31,0
17.206035246830904,8.093701908203464,9.468735313217579,31,0
9.203954653075085,3.737539923973834,9.053286137192142,31,0
10.010947900297932,7.580015261118404,6.489476377923551,31,0
16.47667950017982,8.253900454727214,8.427970958356388,31,0
8.678078945321005,3.8777181344285476,6.455024319681561,31,0
8.95048830601567,6.98913042108519,3.737539923973834,31,0
10.54450245838302,7.775977704424458,8.427970958356388,31,0
9.862958634980696,8.253900454727214,8.231957414396286,31,0
15.948977242775356,8.427970958356388,8.155373450566342,31,0
11.335343351397126,6.489476377923551,9.053286137192142,31,0
9.994407589569724,6.72947446381294,6.370762803132234,31,0
11.389402019071438,5.987427108022817,9.114480892072397,31,0
9.94230178016248,6.433442512898839,3.737539923973834,31,0
10.377600144604253,3.8491460716511487,9.114480892072397,31,0
8.332057239844808,1.7308879334559335,6.98913042108519,31,0
8.171994288958297,1.2777018348831948,7.431040770951472,31,0
16.62927533045866,7.580015261118404,9.053286137192142,31,0
14.163884846115183,6.489476377923551,8.446164992528738,31,0
7.080767734491215,5.882958344052583,1.2777018348831948,31,0
11.115248432889985,7.431040770951472,3.737539923973834,31,0
10.497628847825997,9.468735313217579,1.2777018348831948,31,0
7.704063561934004,1.7308879334559335,5.987427108022817,31,0
12.001161447475285,3.8491460716511487,8.446164992528738,31,0
8.954354437782062,1.7308879334559335,8.231957414396286,31,0
15.748512752120268,9.053286137192142,8.427970958356388,31,0
3.752216852505146,6.455024319681561,7.392060447026701,31,0
8.033303174389472,11.260870528642991,8.093701908203464,31,0
11.38280902039301,5.987427108022817,7.580015261118404,31,0
12.890024656352885,6.98913042108519,7.775977704424458,31,0
10.95824465928874,5.377903026417759,6.455024319681561,31,0
2.6556927546995293,9.114480892072397,8.231957414396286,31,1
4.844475272290544,1.7308879334559335,6.489476377923551,31,1
7.682204037225602,5.377903026417759,8.231957414396286,31,0
5.336168697688145,9.468735313217579,6.370762803132234,31,1
16.313445703637708,9.509657067501854,6.98913042108519,31,0
15.323139299689068,9.509657067501854,5.987427108022817,31,0
7.961222574678925,6.72947446381294,6.455024319681561,31,0
16.87352820552124,8.446164992528738,8.427970958356388,31,0
1.2051985009558248,6.370762803132234,7.392060447026701,31,1
7.990088084276965,9.509657067501854,1.7308879334559335,31,0
16.47667950017982,8.253900454727214,8.427970958356388,31,0
9.652941372574094,6.72947446381294,6.252897175689674,31,0
7.486929382340041,8.446164992528738,9.053286137192142,31,0
10.203289462774555,5.377903026417759,7.392060447026701,31,0
1.2051985009558248,6.370762803132234,7.392060447026701,31,1
12.815109412606299,7.580015261118404,8.253900454727214,31,0
9.64760028640056,1.2777018348831948,8.446164992528738,31,0
7.391145510708302,1.2777018348831948,6.433442512898839,31,0
9.829731587685146,3.737539923973834,6.72947446381294,31,0
8.375782295074895,9.053286137192142,5.987427108022817,31,0
5.8740218652596425,7.775977704424458,8.093701908203464,31,0
9.417890678370828,8.155373450566342,1.2777018348831948,31,0
18.087938189365545,10.25667291596748,8.491845254529585,16,0
12.99737121011887,5.692579373174897,8.138724613968867,16,0
14.603209717278887,10.25667291596748,5.414011584260925,16,0
13.443284044189241,5.692579373174897,9.83535785663468,16,0
13.798908697067025,5.414011584260925,8.553655972274518,16,0
11.959822152839104,4.574497610979414,8.138724613968867,16,0
12.998611349148469,3.2036009149675433,9.83535785663468,16,0
8.783476195271431,5.826580010757543,3.2036009149675433,16,0
13.621285323670618,5.414011584260925,8.803140778552672,16,0
5.566959452608152,4.69094304511354,10.25667291596748,16,1
7.262567072851651,2.492372091134262,4.898625669661921,16,0
6.791273161893755,5.692579373174897,4.574497610979414,16,1
2.3687225584827316,4.69094304511354,7.016912393534355,16,1
4.047265621752167,8.553655972274518,8.138724613968867,16,0
14.128888092733158,9.83535785663468,8.138724613968867,16,0
12.99737121011887,8.138724613968867,5.692579373174897,16,0
17.034556231563187,8.553655972274518,8.491845254529585,16,0
13.798908697067025,8.553655972274518,5.414011584260925,16,0
18.087938189365545,8.491845254529585,10.25667291596748,16,0
4.0469552797752595,4.574497610979414,8.491845254529585,16,1
3.5044558249909374,5.414011584260925,8.491845254529585,16,1
8.679761114561247,4.574497610979414,4.69094304511354,16,0
7.084393347445667,8.491845254529585,9.83535785663468,16,0
2.028400890286741,5.826580010757543,4.574497610979414,16,0
14.603209717278887,5.414011584260925,10.25667291596748,16,0
3.3383761344882856,10.25667291596748,7.016912393534355,16,1
2.8215688343564325,7.016912393534355,8.803140778552672,16,0
3.2919816216055926,5.826580010757543,7.506193841869335,16,1
14.19118362228667,8.553655972274518,7.506193841869335,16,0
10.457586365627746,7.016912393534355,7.506193841869335,16,0
9.722621817744136,8.491845254529585,4.898625669661921,16,0
4.630127781058623,9.83535785663468,5.826580010757543,16,1
7.050538016177241,8.491845254529585,7.506193841869335,16,0
4.61605459673582,7.506193841869335,5.414011584260925,16,0
13.069343058617592,5.692579373174897,8.803140778552672,16,0
2.7611954254938267,2.492372091134262,3.2036009149675433,16,1
5.161309887392512,4.574497610979414,7.506193841869335,16,0
12.198651244287511,5.826580010757543,8.138724613968867,16,0
15.985488139095274,8.138724613968867,8.491845254529585,16,0
13.45665327240844,5.826580010757543,8.803140778552672,16,0
12.99737121011887,5.692579373174897,8.138724613968867,16,0
4.501171703718355,5.692579373174897,3.2036009149675433,16,0
2.028400890286741,5.826580010757543,4.574497610979414,16,0
6.850773661660219,2.492372091134262,4.69094304511354,16,0
4.898286257600056,8.553655972274518,4.69094304511354,16,0
2.2705668739386486,8.803140778552672,10.25667291596748,16,0
3.212358611458897,5.692579373174897,2.492372091134262,16,0
14.071635718968222,10.25667291596748,4.574497610979414,16,0
6.791273161893755,4.574497610979414,5.692579373174897,16,1
17.029280071086106,8.491845254529585,8.803140778552672,16,0
8.783476195271431,3.2036009149675433,5.826580010757543,16,0
13.21914621779422,8.803140778552672,7.506193841869335,16,0
9.722621817744136,8.491845254529585,4.898625669661921,16,0
8.565745849108746,4.898625669661921,8.803140778552672,16,0
1.3308919650215407,5.826580010757543,5.414011584260925,16,0
9.722621817744136,4.898625669661921,8.491845254529585,16,0
2.8215688343564325,8.803140778552672,7.016912393534355,16,0
6.271049712471086,5.414011584260925,4.898625669661921,16,0
9.292972669507536,4.69094304511354,7.506193841869335,16,0
7.084393347445667,8.491845254529585,9.83535785663468,16,0
12.726434343057225,8.491845254529585,4.69094304511354,16,0
8.813249380031468,5.826580010757543,5.692579373174897,16,0
12.982419059281494,4.574497610979414,8.803140778552672,16,0
2.028400890286741,5.826580010757543,4.574497610979414,16,0
8.108500170223875,5.414011584260925,3.2036009149675433,16,0
3.4480698489179233,8.138724613968867,4.69094304511354,16,1
7.922866545567834,2.492372091134262,8.491845254529585,16,0
15.900947307667519,10.25667291596748,9.83535785663468,16,0
9.31239280329782,4.69094304511354,5.414011584260925,16,0
9.023930629433444,2.492372091134262,7.506193841869335,16,0
8.601892972137952,8.138724613968867,3.2036009149675433,16,0
14.128888092733158,9.83535785663468,8.138724613968867,16,0
9.292972669507536,4.69094304511354,7.506193841869335,16,0
2.2705668739386486,10.25667291596748,8.803140778552672,16,0
1.2431219611634772,8.138724613968867,7.016912393534355,16,1
7.262567072851651,2.492372091134262,4.898625669661921,16,0
18.087938189365545,10.25667291596748,8.491845254529585,16,0
4.898286257600056,8.553655972274518,4.69094304511354,16,0
4.898286257600056,8.553655972274518,4.69094304511354,16,0
4.0469552797752595,8.491845254529585,4.574497610979414,16,1
8.923001501818892,4.898625669661921,10.25667291596748,16,0
12.998611349148469,3.2036009149675433,9.83535785663468,16,0
8.813249380031468,5.692579373174897,5.826580010757543,16,0
4.241824501683264,8.491845254529585,5.826580010757543,16,0
4.653408689311606,4.898625669661921,7.506193841869335,16,1
6.556194482026037,5.826580010757543,2.492372091134262,16,0
11.879679672119359,8.553655972274518,5.692579373174897,16,0
14.19118362228667,8.553655972274518,7.506193841869335,16,0
11.853787497581843,4.69094304511354,9.83535785663468,16,0
13.868645068029686,5.826580010757543,8.553655972274518,16,0
10.52237028853369,10.25667291596748,3.2036009149675433,16,0
16.75207341967673,8.553655972274518,9.83535785663468,16,0
9.729850229318163,4.69094304511354,5.692579373174897,16,0
3.2919816216055926,5.826580010757543,7.506193841869335,16,1
11.644966331425456,8.138724613968867,7.506193841869335,16,0
9.292972669507536,7.506193841869335,4.69094304511354,16,0
5.532187891646084,4.69094304511354,3.2036009149675433,16,0
8.783476195271431,3.2036009149675433,5.826580010757543,16,0
15.74215766341481,8.803140778552672,9.83535785663468,16,0
1.3308919650215407,5.414011584260925,5.826580010757543,16,0
9.722621817744136,8.491845254529585,4.898625669661921,16,0
10.52237028853369,3.2036009149675433,10.25667291596748,16,0
12.998611349148469,9.83535785663468,3.2036009149675433,16,0
6.271049712471086,5.414011584260925,4.898625669661921,16,0
10.649694557187864,8.491845254529585,3.2036009149675433,16,0
12.982419059281494,4.574497610979414,8.803140778552672,16,0
3.212358611458897,5.692579373174897,2.492372091134262,16,0
12.99737121011887,8.138724613968867,5.692579373174897,16,0
6.850773661660219,2.492372091134262,4.69094304511354,16,0
8.565745849108746,4.898625669661921,8.803140778552672,16,0
7.922866545567834,8.491845254529585,2.492372091134262,16,0
13.069343058617592,8.803140778552672,5.692579373174897,16,0
13.094598694933087,6.142637447421003,7.1199922785346335,35,0
0.40877829499772533,7.284552489903065,7.579655136433979,35,1
12.619649064228618,7.159279527930189,10.575484762891513,35,0
7.117726858524389,7.579655136433979,6.538511991462315,35,0
18.017310446243155,10.500663111475177,7.579655136433979,35,0
16.649967972539336,7.319357596729428,10.575484762891513,35,0
15.131803309313858,7.58983225085365,7.579655136433979,35,0
7.630227738685889,3.80602937575001,6.142637447421003,35,0
4.252865082394449,6.809193738347325,7.58983225085365,35,0
5.172561544526378,6.037132948973696,3.57136152024217,35,0
3.170523505497739,6.037132948973696,3.6489098625622343,35,0
8.506808163181294,7.284552489903065,2.119251364046312,35,0
10.659076678021256,5.7242289736671745,5.010811496584466,35,0
1.9794219625456635,7.1199922785346335,8.550258766630735,35,0
9.2470440324671,7.1199922785346335,3.57136152024217,35,0
3.964477729700669,6.668959334808936,6.142637447421003,35,0
4.3267922296217725,7.311638675720779,5.864379852445073,35,0
3.0991647364587713,3.19859578715856,6.142637447421003,35,0
12.9240035063735,7.159279527930189,7.1199922785346335,35,0
2.533797117163311,6.538511991462315,6.512673858496568,35,0
17.67695023978653,8.66282763018932,9.672840863478209,35,0
10.663569684404408,3.6489098625622343,7.319357596729428,35,0
4.289739242676626,1.099775003006175,3.6489098625622343,35,0
1.0318633577115932,1.099775003006175,2.119251364046312,35,1
10.903666654530722,5.010811496584466,6.037132948973696,35,0
8.94089519885145,8.66282763018932,1.8809270781016618,35,0
2.2592084568057675,1.8809270781016618,3.6582917514252196,35,0
2.776925992446432,1.8809270781016618,3.6489098625622343,35,1
11.611268807225287,7.284552489903065,10.575484762891513,35,0
4.520933961249448,10.500663111475177,7.159279527930189,35,0
7.244965596166988,7.579655136433979,3.6582917514252196,35,0
12.547771971418632,8.550258766630735,5.864379852445073,35,0
5.48635088264192,8.060791086564862,4.569134907957083,35,0
7.106564796841728,1.8809270781016618,6.538511991462315,35,0
14.724218939132326,7.58983225085365,10.575484762891513,35,0
2.395195830837744,4.569134907957083,6.142637447421003,35,0
1.4289096497072906,6.802827889874058,5.7242289736671745,35,1
11.892070230606949,6.037132948973696,7.319357596729428,35,0
7.052640596780186,7.159279527930189,1.099775003006175,35,0
4.037769386450946,6.142637447421003,2.119251364046312,35,0
12.448429964528069,5.7242289736671745,6.809193738347325,35,0
12.613655779641281,2.119251364046312,10.575484762891513,35,0
9.876359527768905,3.6489098625622343,8.060791086564862,35,0
2.5649674094908903,7.284552489903065,6.037132948973696,35,0
4.167259536331083,9.672840863478209,7.1199922785346335,35,0
9.747019376626412,3.6582917514252196,6.809193738347325,35,0
8.254965315448349,3.80602937575001,6.512673858496568,35,0
11.669913681906557,7.394466059005076,8.060791086564862,35,0
4.580436036924554,8.66282763018932,8.060791086564862,35,0
16.41134914473198,6.142637447421003,10.575484762891513,35,0
6.979534241573305,8.060791086564862,1.099775003006175,35,0
12.50081395050951,6.538511991462315,6.668959334808936,35,0
7.098118293093547,6.668959334808936,3.57136152024217,35,0
2.796686230331307,2.119251364046312,4.569134907957083,35,0
10.788500835470936,7.394466059005076,6.538511991462315,35,0
7.006648692136057,7.1199922785346335,10.575484762891513,35,0
7.313971555786323,8.66282763018932,3.57136152024217,35,0
4.845806870602706,3.6489098625622343,3.57136152024217,35,0
15.11733803392171,8.66282763018932,6.512673858496568,35,0
4.243906403663381,7.579655136433979,8.550258766630735,35,1
6.621748992162062,2.119251364046312,7.58983225085365,35,0
7.109661037374796,3.6582917514252196,7.319357596729428,35,0
3.1301550229266097,7.394466059005076,7.311638675720779,35,0
18.017310446243155,10.500663111475177,7.579655136433979,35,0
6.196984550851413,1.099775003006175,6.037132948973696,35,0
7.8635733547373015,9.672840863478209,8.6878111638633,35,0
12.811516304827366,6.809193738347325,6.037132948973696,35,0
9.120124228110397,8.060791086564862,7.58983225085365,35,0
12.521737330046982,6.668959334808936,6.802827889874058,35,0
10.803403964482156,8.6878111638633,2.119251364046312,35,0
1.0755797720990001,6.809193738347325,5.864379852445073,35,1
7.266875934815462,5.7242289736671745,6.538511991462315,35,0
12.881485375866008,8.6878111638633,4.569134907957083,35,0
8.022119008905639,3.19859578715856,7.394466059005076,35,0
11.238704597199831,7.58983225085365,3.6489098625622343,35,0
2.3217903164967773,8.550258766630735,9.672840863478209,35,1
5.261736946175976,6.668959334808936,2.119251364046312,35,0
7.630227738685889,6.142637447421003,3.80602937575001,35,0
3.77527497225398,3.6489098625622343,6.512673858496568,35,1
14.31425072030279,5.864379852445073,9.672840863478209,35,0
3.2416937757280393,10.500663111475177,7.311638675720779,35,1
17.038850489299808,7.1199922785346335,10.500663111475177,35,0
6.517554785278297,6.512673858496568,6.802827889874058,35,0
2.3017963443619527,1.099775003006175,3.1116679238602183,35,0
7.8173055115816945,7.159279527930189,8.66282763018932,35,0
15.11733803392171,8.66282763018932,6.512673858496568,35,0
2.256881383293664,5.7242289736671745,7.284552489903065,35,0
4.263599263810652,6.512673858496568,7.284552489903065,35,0
6.4310284405267275,2.119251364046312,7.311638675720779,35,0
6.4310284405267275,7.311638675720779,2.119251364046312,35,0
8.7837255167416,1.8809270781016618,9.672840863478209,35,0
9.697906756546748,6.142637447421003,5.7242289736671745,35,0
8.966575963650458,3.19859578715856,7.284552489903065,35,0
4.433894926128748,7.1199922785346335,3.6489098625622343,35,1
12.521737330046982,6.668959334808936,6.802827889874058,35,0
2.03632542505246,5.864379852445073,7.394466059005076,35,1
2.330513725798525,1.8809270781016618,3.57136152024217,35,0
7.8380376024145555,6.809193738347325,3.19859578715856,35,0
8.461183340067382,10.575484762891513,8.550258766630735,35,0
14.854697752552408,7.58983225085365,7.284552489903065,35,0
7.057146164135718,5.010811496584466,3.6582917514252196,35,0
5.855157243586342,7.159279527930189,7.319357596729428,35,0
3.1301550229266097,7.394466059005076,7.311638675720779,35,0
13.629694813591467,6.668959334808936,7.1199922785346335,35,0
4.148298489591178,5.7242289736671745,1.8809270781016618,35,0
7.185666902483483,3.6582917514252196,3.80602937575001,35,0
13.61918838141138,8.550258766630735,6.809193738347325,35,0
4.05853177409943,7.394466059005076,3.80602937575001,35,0
7.244965596166988,7.579655136433979,3.6582917514252196,35,0
9.889615142136133,8.550258766630735,3.6582917514252196,35,0
9.99286687327338,1.099775003006175,10.500663111475177,35,0
4.320026724592501,7.58983225085365,4.569134907957083,35,0
9.70013271783556,6.538511991462315,3.19859578715856,35,0
6.743112815660417,7.58983225085365,3.19859578715856,35,0
14.82727083035574,9.788200571331515,6.724289697510159,32,0
5.913160156225761,8.74408770274589,3.366090079694746,32,1
8.206272144155166,0.7456230267060109,7.584296449652061,32,0
4.304796747240505,2.2434668681467755,6.287535766434979,32,0
5.728737096844202,6.724289697510159,2.2434668681467755,32,1
9.50663995023991,8.955148556554086,8.819569219571363,32,0
8.189408207833178,0.7456230267060109,8.39286942083273,32,0
12.044411859002437,9.788200571331515,4.362055329890829,32,0
3.167814032549673,3.366090079694746,0.7456230267060109,32,0
7.899382312439012,8.74408770274589,5.471050806570184,32,0
5.051474279290696,4.0871200035038955,6.798512398927563,32,0
2.6902634990677345,4.134168795745881,6.798512398927563,32,0
7.20682793768856,9.002411108276183,6.287535766434979,32,0
3.713194157527965,8.670159575295386,6.287535766434979,32,1
6.218823301957328,3.366090079694746,8.955148556554086,32,1
11.825465549435494,8.670159575295386,6.724289697510159,32,0
4.896300476664645,4.134168795745881,2.307137827239169,32,0
2.2634491701865382,6.798512398927563,8.955148556554086,32,1
7.490193416986777,5.471050806570184,2.307137827239169,32,0
7.971177231729038,6.206998071888886,6.798512398927563,32,0
3.8218433902314586,2.2434668681467755,2.307137827239169,32,0
3.581317872600052,6.206998071888886,5.88752090919872,32,0
5.276466623497925,3.366090079694746,6.425647476611964,32,0
6.504430717848994,9.788200571331515,8.39286942083273,32,0
11.53965412987292,4.362055329890829,10.064736707785865,32,0
9.947212173702104,6.425647476611964,4.605116956202013,32,0
8.704664986248284,7.355755418141879,5.88752090919872,32,0
16.738625736609997,7.4336105458781905,9.788200571331515,32,0
17.34921732981548,7.4336105458781905,10.064736707785865,32,0
6.504430717848994,9.788200571331515,8.39286942083273,32,0
5.408746486571793,7.4336105458781905,7.540962407682907,32,0
2.5157623342784374,7.584296449652061,5.471050806570184,32,0
10.406743280934672,6.287535766434979,4.134168795745881,32,0
8.887595156001703,6.425647476611964,7.355755418141879,32,0
17.36032738191655,9.788200571331515,7.584296449652061,32,0
6.189429293225075,4.362055329890829,5.471050806570184,32,1
3.2142499107768017,4.0871200035038955,6.206998071888886,32,0
7.968410154109091,4.605116956202013,3.366090079694746,32,0
15.248201707388164,9.788200571331515,6.798512398927563,32,0
3.739686448145371,7.128319006149117,4.0871200035038955,32,1
9.731008618277402,6.287535766434979,6.206998071888886,32,0
17.33224532626064,9.77878633056538,7.584296449652061,32,0
3.6869453365459526,5.471050806570184,7.128319006149117,32,0
2.0759617036962887,8.670159575295386,8.39286942083273,32,1
4.65027167092518,8.74408770274589,4.362055329890829,32,0
16.738625736609997,7.4336105458781905,9.788200571331515,32,0
5.885426197390155,6.425647476611964,9.002411108276183,32,0
10.328365513580453,6.287535766434979,5.471050806570184,32,0
2.5153629909142783,0.7456230267060109,2.2434668681467755,32,0
4.304796747240505,6.287535766434979,2.2434668681467755,32,0
7.434434755328059,6.287535766434979,9.788200571331515,32,0
5.369230734213476,5.88752090919872,4.0871200035038955,32,0
7.813866948676091,6.425647476611964,4.134168795745881,32,0
8.347563975529248,0.7456230267060109,9.002411108276183,32,0
15.886358827483088,7.355755418141879,8.74408770274589,32,0
4.296644641393614,4.362055329890829,0.7456230267060109,32,0
11.767945809186495,8.39286942083273,4.0871200035038955,32,0
4.418110976530833,3.366090079694746,6.798512398927563,32,1
13.086327898537734,4.0871200035038955,9.002411108276183,32,0
15.605192005128659,6.206998071888886,9.77878633056538,32,0
8.189408207833178,0.7456230267060109,8.39286942083273,32,0
16.258823776923155,9.77878633056538,8.74408770274589,32,0
9.181062676816929,7.584296449652061,2.688012736738179,32,0
8.977204124904844,3.881053981609863,5.88752090919872,32,0
18.529415743839763,9.77878633056538,8.819569219571363,32,0
4.364100424355248,4.134168795745881,7.540962407682907,32,0
3.2082230489533314,4.362055329890829,6.798512398927563,32,0
2.530797196596337,8.819569219571363,7.4336105458781905,32,1
17.466721665600016,10.064736707785865,7.584296449652061,32,0
8.530222711444537,6.724289697510159,7.128319006149117,32,0
16.59284936335835,7.128319006149117,9.788200571331515,32,0
12.575797785760342,7.355755418141879,7.4336105458781905,32,0
8.739914177293356,8.039263289643625,7.4336105458781905,32,0
7.3255024414829535,8.819569219571363,4.134168795745881,32,0
8.995474605533893,6.287535766434979,10.064736707785865,32,0
17.185960718010943,7.540962407682907,9.788200571331515,32,0
9.154772810433245,0.7456230267060109,9.788200571331515,32,0
6.8239227450820295,9.788200571331515,6.425647476611964,32,0
6.573309613602224,8.39286942083273,2.2434668681467755,32,0
4.051985209640015,7.540962407682907,6.798512398927563,32,0
7.255771153202586,2.2434668681467755,8.670159575295386,32,0
1.8700523344047248,3.881053981609863,4.134168795745881,32,1
9.049575152731387,7.4336105458781905,4.362055329890829,32,0
16.150115202748452,7.355755418141879,8.955148556554086,32,0
11.91887100931304,5.471050806570184,7.355755418141879,32,0
15.092655516827062,6.798512398927563,9.77878633056538,32,0
14.09024713154451,10.064736707785865,4.0871200035038955,32,0
10.388419524745022,6.724289697510159,6.798512398927563,32,0
14.686305239906861,6.425647476611964,8.819569219571363,32,0
16.59284936335835,9.788200571331515,7.128319006149117,32,0
10.030708830268146,7.355755418141879,6.724289697510159,32,0
6.0730025603546824,7.128319006149117,3.366090079694746,32,0
5.348609984380039,4.0871200035038955,6.724289697510159,32,0
9.38627588093883,3.366090079694746,6.724289697510159,32,0
5.2014001934664815,7.128319006149117,4.362055329890829,32,0
2.591929788638381,7.128319006149117,8.039263289643625,32,1
6.828903931172385,7.584296449652061,8.955148556554086,32,0
13.113078889489426,9.788200571331515,4.134168795745881,32,0
11.261112485939675,4.362055329890829,7.355755418141879,32,0
4.650089238452508,8.670159575295386,9.002411108276183,32,0
14.087604880762377,7.355755418141879,6.798512398927563,32,0
8.530222711444537,7.128319006149117,6.724289697510159,32,0
5.913160156225761,3.366090079694746,8.74408770274589,32,1
10.175399078313465,4.605116956202013,7.128319006149117,32,0
2.837479131472738,6.206998071888886,6.724289697510159,32,0
10.78734678186781,3.881053981609863,9.002411108276183,32,0
11.58619812619737,8.955148556554086,2.688012736738179,32,0
15.518559548279606,8.74408770274589,9.002411108276183,32,0
16.191381337974217,8.039263289643625,10.064736707785865,32,0
4.122497981184696,2.307137827239169,4.362055329890829,32,0
15.894097304398771,8.955148556554086,9.002411108276183,32,0
5.204878478639148,7.540962407682907,6.206998071888886,32,0
5.2175512527939425,2.2434668681467755,4.0871200035038955,32,0
9.006761678734685,7.540962407682907,2.307137827239169,32,0
6.603743556894227,4.362055329890829,2.2434668681467755,32,0
14.290376686970985,8.039263289643625,6.287535766434979,32,0
10.031890543107888,8.74408770274589,6.425647476611964,32,0
16.699759073795388,9.788200571331515,8.039263289643625,32,0
6.1806188831248745,6.425647476611964,4.362055329890829,32,0
7.190751423338875,7.854182301830614,7.147803315493468,24,0
10.365998554299836,6.850693913662051,4.02993940761221,24,0
7.429070064060246,5.775817065236165,8.331385104960116,24,0
6.236270332201315,8.331385104960116,5.366626551282912,24,0
11.04796744353664,7.498922958117134,8.53324756299017,24,0
10.096790447982498,7.357371774092054,2.741567681642351,24,0
13.698694975886472,7.498922958117134,6.850693913662051,24,0
10.754824044191748,2.741567681642351,10.040341579108562,24,0
9.79497768735649,3.6119796712995083,10.654898140874229,24,0
4.684224811834697,3.6119796712995083,3.65502615813657,24,0
7.109668488783621,8.53324756299017,4.526473651749773,24,0
8.332812593061035,4.762209398474628,3.65502615813657,24,0
7.57745799341877,4.02993940761221,7.357371774092054,24,0
11.757545495818327,9.007201260277489,5.366626551282912,24,0
8.503757089366335,9.007201260277489,8.331385104960116,24,0
3.474273003733543,4.02993940761221,7.498922958117134,24,0
9.454828763670768,7.357371774092054,7.147803315493468,24,0
4.4399245877843025,7.854182301830614,4.526473651749773,24,0
5.251502825784168,2.741567681642351,4.02993940761221,24,1
2.4775029747680266,4.02993940761221,3.119224720312921,24,0
13.698694975886472,6.850693913662051,7.498922958117134,24,0
8.332812593061035,4.762209398474628,3.65502615813657,24,0
9.989572509171703,8.375595262399344,3.119224720312921,24,0
5.7653234733731225,5.366626551282912,4.526473651749773,24,0
11.33438424420375,7.357371774092054,10.040341579108562,24,0
7.076521037388926,3.6119796712995083,4.02993940761221,24,0
11.117419019795621,5.775817065236165,7.498922958117134,24,0
2.6466266614181806,7.8132812437064185,7.498922958117134,24,0
11.757545495818327,5.366626551282912,9.007201260277489,24,0
9.601180071086041,5.366626551282912,7.147803315493468,24,0
4.8609132075270285,4.762209398474628,8.685556380072244,24,0
13.451872953435148,8.956368393883706,7.498922958117134,24,0
4.483509691577876,8.331385104960116,4.526473651749773,24,0
11.752616619398394,9.007201260277489,10.654898140874229,24,0
15.262983803507495,7.357371774092054,8.375595262399344,24,0
7.4097463378327895,4.02993940761221,5.366626551282912,24,0
5.484946223557576,3.119224720312921,7.498922958117134,24,1
3.957821327364098,7.934323525749069,4.02993940761221,24,0
6.866462849812816,4.526473651749773,5.775817065236165,24,1
2.4775029747680266,3.119224720312921,4.02993940761221,24,0
6.905977929424005,5.366626551282912,10.654898140874229,24,0
6.647545832296947,8.331385104960116,7.934323525749069,24,0
8.327970797674157,4.02993940761221,5.775817065236165,24,1
11.393111218867306,10.654898140874229,10.040341579108562,24,0
14.89516485407577,9.007201260277489,6.850693913662051,24,0
3.474273003733543,7.498922958117134,4.02993940761221,24,0
5.255754891302459,7.147803315493468,3.119224720312921,24,1
7.076521037388926,4.02993940761221,3.6119796712995083,24,0
17.07730283138233,8.331385104960116,8.956368393883706,24,0
5.993124120044473,9.007201260277489,4.526473651749773,24,0
9.81392127804528,8.685556380072244,2.741567681642351,24,0
14.280329020961922,6.850693913662051,7.934323525749069,24,0
7.918471135091868,7.147803315493468,2.741567681642351,24,0
8.390085686688053,4.762209398474628,10.654898140874229,24,1
19.60152710476894,10.654898140874229,8.956368393883706,24,0
9.79497768735649,3.6119796712995083,10.654898140874229,24,0
11.117419019795621,5.775817065236165,7.498922958117134,24,0
7.518601887988663,4.526473651749773,10.654898140874229,24,0
13.835935863483888,8.53324756299017,6.850693913662051,24,0
13.241582576928344,3.65502615813657,10.040341579108562,24,0
5.001633754218775,9.007201260277489,4.762209398474628,24,0
13.451872953435148,8.956368393883706,7.498922958117134,24,0
2.11232974087258,2.741567681642351,3.6119796712995083,24,0
11.752616619398394,10.654898140874229,9.007201260277489,24,0
14.280329020961922,6.850693913662051,7.934323525749069,24,0
9.861127634791515,7.357371774092054,4.526473651749773,24,0
1.0054363886012803,7.854182301830614,8.331385104960116,24,1
1.6515106111007318,4.762209398474628,4.02993940761221,24,0
6.689570771739503,2.741567681642351,8.331385104960116,24,0
6.905977929424005,10.654898140874229,5.366626551282912,24,0
3.0787023153050934,7.854182301830614,10.654898140874229,24,1
1.0054363886012803,8.331385104960116,7.854182301830614,24,1
12.839903632032152,5.775817065236165,9.007201260277489,24,0
8.3333980540313,2.741567681642351,7.498922958117134,24,0
3.0184655177383246,3.6119796712995083,5.366626551282912,24,1
7.3452016636848905,8.375595262399344,3.6119796712995083,24,1
7.839658052266194,4.762209398474628,5.775817065236165,24,0
13.116392306697879,8.53324756299017,7.8132812437064185,24,0
10.431691513850023,3.65502615813657,7.147803315493468,24,0
7.918471135091868,7.147803315493468,2.741567681642351,24,0
9.094087409038405,7.854182301830614,9.007201260277489,24,0
10.032217614974462,7.498922958117134,5.366626551282912,24,0
11.460123913138878,3.65502615813657,8.375595262399344,24,0
5.484946223557576,3.119224720312921,7.498922958117134,24,1
0.7540088241977546,7.498922958117134,7.934323525749069,24,1
4.701226861569249,4.02993940761221,8.685556380072244,24,0
10.86205077968368,4.02993940761221,8.956368393883706,24,0
6.398999552698641,4.526473651749773,3.6119796712995083,24,0
8.3333980540313,7.498922958117134,2.741567681642351,24,0
11.635081080690178,5.366626551282912,8.685556380072244,24,0
7.190751423338875,7.854182301830614,7.147803315493468,24,0
5.993124120044473,4.526473651749773,9.007201260277489,24,0
8.536451842813957,8.331385104960116,3.6119796712995083,24,0
12.245798932275619,5.366626551282912,10.040341579108562,24,0
4.339204679449216,7.934323525749069,4.526473651749773,24,0
3.957821327364098,4.02993940761221,7.934323525749069,24,0
10.688288210127968,7.147803315493468,5.775817065236165,24,0
6.415362436908193,3.65502615813657,8.956368393883706,24,1
4.952229582773434,8.331385104960116,8.53324756299017,24,0
9.942726272526125,7.854182301830614,7.8132812437064185,24,0
7.722152937731816,3.6119796712995083,7.854182301830614,24,0
1.972147354018658,7.854182301830614,8.375595262399344,24,0
3.805844090050341,10.040341579108562,7.8132812437064185,24,1
17.32976078425753,8.956368393883706,8.375595262399344,24,0
1.972147354018658,8.375595262399344,7.854182301830614,24,0
6.657078250353648,9.007201260277489,3.119224720312921,24,0
11.67617443646364,8.375595262399344,7.8132812437064185,24,0
12.855592976363512,7.8132812437064185,10.654898140874229,24,0
9.601180071086041,5.366626551282912,7.147803315493468,24,0
4.946720977654719,7.8132812437064185,4.762209398474628,24,0
13.698694975886472,7.498922958117134,6.850693913662051,24,0
12.781674767447457,8.53324756299017,10.040341579108562,24,0
2.123208591997457,8.53324756299017,8.375595262399344,24,1
2.7046702681741794,5.775817065236165,3.6119796712995083,24,0
11.486177713079393,4.762209398474628,6.850693913662051,24,0
15.345924864577297,8.463845047709333,7.009416103709875,31,0
10.946992220300299,8.769969532046126,3.044690198304429,31,0
3.8866125457857432,7.788216900251518,3.918901186186326,31,1
3.8866125457857432,3.918901186186326,7.788216900251518,31,1
7.653841551974051,2.208956162023963,7.125273688015123,31,0
3.8866125457857432,7.788216900251518,3.918901186186326,31,1
8.838649905770637,8.463845047709333,8.888601208210485,31,0
13.138763466784198,7.500706308319314,8.79833223929481,31,0
6.819855889033852,9.815224666423122,3.4260593039813916,31,0
5.49776241588593,3.2999638454231626,2.208956162023963,31,0
11.322960353517285,8.769969532046126,2.59664720868455,31,0
4.304116850070277,3.4260593039813916,7.155380665140021,31,1
10.790151107592509,9.028094896946392,3.4260593039813916,31,0
9.975200396248349,1.7699666966814804,9.736939432341694,31,0
2.18160288235951,7.009416103709875,7.125273688015123,31,1
11.468474361131817,8.79833223929481,7.093918722020525,31,0
9.099648780413286,7.500706308319314,3.2999638454231626,31,0
3.449067407354451,5.786486404464224,9.020133530100848,31,1
11.530878977911767,3.8438343356376437,8.769969532046126,31,0
8.254552155163596,5.903720814676846,7.125273688015123,31,0
15.383248325148134,8.888601208210485,9.020133530100848,31,0
7.22890368991958,3.2999638454231626,8.737790204341515,31,1
9.845636816903436,7.500706308319314,9.736939432341694,31,0
10.790151107592509,3.4260593039813916,9.028094896946392,31,0
3.76725320512172,1.7699666966814804,2.59664720868455,31,0
14.174192657489156,7.093918722020525,7.148889709576443,31,0
6.863531222576096,2.208956162023963,8.888601208210485,31,0
8.998572906129437,7.093918722020525,3.918901186186326,31,0
1.9802955716916315,8.16735199366812,7.788216900251518,31,0
7.860323163863935,9.736939432341694,9.020133530100848,31,0
8.607376485619996,1.7699666966814804,8.888601208210485,31,0
8.857489626021113,1.7699666966814804,7.093918722020525,31,0
8.689131210346448,2.59664720868455,10.624201615109264,31,0
7.865207103425918,7.148889709576443,3.918901186186326,31,0
7.005983779779045,5.903720814676846,7.500706308319314,31,0
10.73169153793057,7.500706308319314,7.788216900251518,31,0
2.009145797354705,3.918901186186326,4.834412737077549,31,0
7.947926662571922,8.888601208210485,7.155380665140021,31,0
11.072535970246468,7.500706308319314,3.8438343356376437,31,0
8.973043941644613,3.2999638454231626,8.769969532046126,31,0
4.915545552770438,8.463845047709333,9.028094896946392,31,1
11.587041157453838,8.888601208210485,7.148889709576443,31,0
1.92831916781902,2.59664720868455,3.044690198304429,31,1
10.856644311492548,7.148889709576443,3.8438343356376437,31,0
11.530878977911767,3.8438343356376437,8.769969532046126,31,0
6.411978791882547,3.8438343356376437,8.463845047709333,31,0
5.7284573990782395,7.093918722020525,3.2999638454231626,31,0
8.510896677354964,3.918901186186326,5.786486404464224,31,0
5.956399300555765,4.834412737077549,10.624201615109264,31,0
10.161538324410346,8.79833223929481,3.8438343356376437,31,0
4.084711268099548,5.1510721493208225,4.834412737077549,31,0
20.330422889996306,10.624201615109264,9.736939432341694,31,0
7.445981696124528,8.79833223929481,5.1510721493208225,31,0
3.324491240538587,7.093918722020525,3.8438343356376437,31,1
7.759461812069964,5.637174363508067,4.834412737077549,31,0
9.130360345959836,3.2999638454231626,8.463845047709333,31,0
4.401734011251545,9.028094896946392,4.834412737077549,31,0
16.337296751268994,8.463845047709333,8.737790204341515,31,0
1.92831916781902,3.044690198304429,2.59664720868455,31,1
11.66063803444393,7.125273688015123,5.637174363508067,31,0
12.062979688122486,5.1510721493208225,7.148889709576443,31,0
7.867192459737277,3.918901186186326,8.463845047709333,31,1
6.409722093470868,4.834412737077549,3.4260593039813916,31,0
15.760260218049437,7.788216900251518,8.737790204341515,31,0
11.999589768057879,7.009416103709875,5.1510721493208225,31,0
2.570624936583244,7.500706308319314,9.815224666423122,31,1
7.214303230789889,1.7699666966814804,7.788216900251518,31,0
15.583971389443223,8.463845047709333,7.125273688015123,31,0
9.936034495837246,9.020133530100848,5.903720814676846,31,0
12.938028403075796,8.769969532046126,4.834412737077549,31,0
6.497374086805529,3.918901186186326,3.8438343356376437,31,0
10.856644311492548,7.148889709576443,3.8438343356376437,31,0
6.329416372685427,3.044690198304429,7.155380665140021,31,0
11.809711580216897,5.786486404464224,7.093918722020525,31,0
2.102279336335847,8.769969532046126,7.009416103709875,31,0
4.685878899228744,3.2999638454231626,1.7699666966814804,31,0
9.845636816903436,7.500706308319314,9.736939432341694,31,0
12.599777155427821,8.737790204341515,5.903720814676846,31,0
2.0481318847319487,5.637174363508067,7.093918722020525,31,1
10.73169153793057,7.500706308319314,7.788216900251518,31,0
3.819832941898479,8.769969532046126,7.500706308319314,31,1
10.150171870018372,3.8438343356376437,7.788216900251518,31,0
12.179685622903722,7.093918722020525,7.788216900251518,31,0
8.673094250712944,5.903720814676846,5.1510721493208225,31,0
14.935732524995851,5.1510721493208225,9.815224666423122,31,0
2.1109922701160593,7.125273688015123,7.500706308319314,31,0
12.622930144216987,7.093918722020525,7.009416103709875,31,0
13.960153357693747,7.788216900251518,8.769969532046126,31,0
4.36586494778208,3.918901186186326,8.16735199366812,31,0
15.2586536811757,7.093918722020525,9.020133530100848,31,0
12.062979688122486,5.1510721493208225,7.148889709576443,31,0
11.207392837069406,9.815224666423122,3.918901186186326,31,0
9.845636816903436,9.736939432341694,7.500706308319314,31,0
4.36586494778208,8.16735199366812,3.918901186186326,31,0
13.977438318108698,7.093918722020525,7.155380665140021,31,0
4.685878899228744,1.7699666966814804,3.2999638454231626,31,0
17.854147931312408,9.736939432341694,8.16735199366812,31,0
8.205840058431448,5.1510721493208225,7.788216900251518,31,0
11.188482636092932,3.918901186186326,8.769969532046126,31,0
14.546295842395109,10.624201615109264,7.500706308319314,31,0
5.567361734628629,5.903720814676846,8.888601208210485,31,0
12.130664393390807,2.59664720868455,9.815224666423122,31,0
11.090532653032087,3.918901186186326,9.020133530100848,31,0
11.654438502988349,5.786486404464224,7.788216900251518,31,0
10.41261537572267,2.208956162023963,8.737790204341515,31,0
12.599777155427821,5.903720814676846,8.737790204341515,31,0
5.569060097886921,7.009416103709875,9.736939432341694,31,0
6.7801152832566745,9.736939432341694,8.769969532046126,31,0
8.683151037799592,8.16735199366812,3.4260593039813916,31,0
3.2654502743425216,3.918901186186326,5.903720814676846,31,0
2.0876027730959668,7.125273688015123,8.769969532046126,31,0
8.271814275374323,7.155380665140021,9.020133530100848,31,0
12.71237879617143,8.769969532046126,5.637174363508067,31,0
9.802086639810991,3.8438343356376437,8.16735199366812,31,0
2.570624936583244,9.815224666423122,7.500706308319314,31,1
5.454299138241071,5.1510721493208225,2.208956162023963,31,0
4.143123211186757,7.155380665140021,7.148889709576443,31,0
10.143386365685538,7.155380665140021,3.2999638454231626,31,0
2.3360746066629328,4.672374326845051,3.0036206835028714,18,1
9.636414375325359,3.8451845223145034,7.162655388345532,18,0
17.807796166915743,9.751260876458558,8.08383965626873,18,0
14.214354187824274,4.618069997358387,9.751260876458558,18,0
4.134546379352283,5.82745818662289,8.425705695868938,18,0
9.288650827777692,9.262708275677056,3.4547146048567345,18,0
10.699741586371239,5.323552241035372,8.425705695868938,18,0
6.727043553276596,3.8451845223145034,3.0036206835028714,18,0
6.016981449458793,2.0341061063863077,4.106805890023887,18,0
5.985691350032983,1.9364530308796284,4.618069997358387,18,0
9.305830932225579,1.9364530308796284,9.751260876458558,18,0
5.787551454329924,1.9364530308796284,7.650045310096267,18,0
14.045341130191117,7.162655388345532,8.638572723563128,18,0
6.870635454998377,7.650045310096267,3.8451845223145034,18,0
9.239917351984731,5.323552241035372,9.262708275677056,18,0
11.08836905070681,9.751260876458558,1.7262639648658236,18,0
5.93272674111721,4.106805890023887,1.9364530308796284,18,0
6.211885602535683,3.4547146048567345,5.82745818662289,18,0
4.47274424642916,5.323552241035372,8.08383965626873,18,0
4.475444166487709,9.751260876458558,8.638572723563128,18,0
11.629523657441728,3.8451845223145034,8.08383965626873,18,0
2.564792155612593,7.650045310096267,5.82745818662289,18,1
10.902193345843854,4.106805890023887,8.638572723563128,18,0
6.07869303863899,2.0341061063863077,7.650045310096267,18,1
3.47044490277241,4.618069997358387,4.672374326845051,18,1
8.998441570845907,1.7262639648658236,7.650045310096267,18,0
6.3208898931313335,3.8451845223145034,9.751260876458558,18,0
7.824318581696513,3.4547146048567345,7.162655388345532,18,1
2.01181300406779,3.4547146048567345,3.8451845223145034,18,0
4.134546379352283,5.82745818662289,8.425705695868938,18,0
1.2050940740389342,4.672374326845051,5.323552241035372,18,0
11.010498622294577,7.650045310096267,8.08383965626873,18,0
4.832801679795455,3.8451845223145034,8.638572723563128,18,1
7.135178524746754,5.82745818662289,4.672374326845051,18,0
6.376013061069422,4.106805890023887,3.8451845223145034,18,0
2.99041315591155,1.9364530308796284,3.8451845223145034,18,1
5.815014239477851,8.425705695868938,7.650045310096267,18,0
4.998888813860914,3.4547146048567345,2.0341061063863077,18,0
13.703646116483181,9.262708275677056,8.08383965626873,18,0
11.921146753219436,8.638572723563128,5.323552241035372,18,0
10.831278890168369,5.323552241035372,7.162655388345532,18,0
2.7713519114118803,7.650045310096267,9.262708275677056,18,1
6.3208898931313335,9.751260876458558,3.8451845223145034,18,0
2.01181300406779,3.8451845223145034,3.4547146048567345,18,0
7.407353771609761,1.7262639648658236,5.82745818662289,18,0
7.0648153989304765,1.7262639648658236,8.08383965626873,18,0
7.327238851396698,1.9364530308796284,9.262708275677056,18,0
13.217241809281807,4.618069997358387,8.638572723563128,18,0
6.660006438491851,5.82745818662289,5.323552241035372,18,0
16.005732729973115,8.08383965626873,8.638572723563128,18,0
5.810743421352116,8.638572723563128,5.82745818662289,18,0
13.703646116483181,9.262708275677056,8.08383965626873,18,0
6.9210091594779595,3.4547146048567345,8.425705695868938,18,0
4.337041132364448,4.672374326845051,1.7262639648658236,18,0
13.703646116483181,9.262708275677056,8.08383965626873,18,0
8.66810677009099,7.650045310096267,3.4547146048567345,18,0
12.667765608135781,4.618069997358387,9.262708275677056,18,0
10.270567733251228,4.106805890023887,9.751260876458558,18,1
14.685467862165691,8.425705695868938,7.162655388345532,18,0
3.548419423190129,1.7262639648658236,1.9364530308796284,18,0
13.217241809281807,4.618069997358387,8.638572723563128,18,0
5.490631185495929,3.8451845223145034,1.7262639648658236,18,0
6.744329661571167,9.751260876458558,8.425705695868938,18,0
12.75474963605574,9.751260876458558,3.0036206835028714,18,0
1.2050940740389342,5.323552241035372,4.672374326845051,18,0
2.1004534937186716,1.7262639648658236,3.0036206835028714,18,0
7.817689057795291,4.672374326845051,3.8451845223145034,18,0
6.3208898931313335,9.751260876458558,3.8451845223145034,18,0
6.211885602535683,3.4547146048567345,5.82745818662289,18,0
5.052606245075393,8.425705695868938,3.8451845223145034,18,1
7.097772310079911,2.0341061063863077,8.08383965626873,18,0
8.188396058070202,2.0341061063863077,8.425705695868938,18,0
10.888036964211693,9.751260876458558,2.0341061063863077,18,0
10.376620123340059,7.650045310096267,4.618069997358387,18,0
3.126438859260199,1.7262639648658236,4.618069997358387,18,0
8.998441570845907,7.650045310096267,1.7262639648658236,18,0
8.542312732540594,3.4547146048567345,5.323552241035372,18,0
13.703646116483181,8.08383965626873,9.262708275677056,18,0
8.937923579375921,8.638572723563128,2.0341061063863077,18,0
8.998441570845907,7.650045310096267,1.7262639648658236,18,0
4.322953171902316,8.08383965626873,4.618069997358387,18,1
3.993643066102653,8.08383965626873,4.672374326845051,18,1
6.870635454998377,3.8451845223145034,7.650045310096267,18,0
3.47044490277241,4.672374326845051,4.618069997358387,18,1
4.837717019264643,4.672374326845051,1.9364530308796284,18,0
17.807796166915743,8.08383965626873,9.751260876458558,18,0
9.98264706900039,9.262708275677056,4.672374326845051,18,0
7.363140410837757,8.638572723563128,1.9364530308796284,18,1
2.564792155612593,7.650045310096267,5.82745818662289,18,1
12.75474963605574,3.0036206835028714,9.751260876458558,18,0
5.3050417606317986,4.106805890023887,3.0036206835028714,18,0
4.052547526223137,3.0036206835028714,1.9364530308796284,18,0
7.097772310079911,8.08383965626873,2.0341061063863077,18,0
9.70023494027374,5.82745818662289,4.106805890023887,18,0
5.3050417606317986,4.106805890023887,3.0036206835028714,18,0
8.542312732540594,5.323552241035372,3.4547146048567345,18,0
12.910101166612655,5.82745818662289,7.162655388345532,18,0
11.072218221547079,5.82745818662289,8.08383965626873,18,0
5.985691350032983,1.9364530308796284,4.618069997358387,18,0
4.77542204255697,2.0341061063863077,5.82745818662289,18,1
8.053625973632812,3.4547146048567345,4.672374326845051,18,0
8.937923579375921,8.638572723563128,2.0341061063863077,18,0
7.0648153989304765,8.08383965626873,1.7262639648658236,18,0
4.837717019264643,1.9364530308796284,4.672374326845051,18,0
3.2254225910829324,4.672374326845051,2.0341061063863077,18,0
4.475444166487709,9.751260876458558,8.638572723563128,18,0
9.431635812183341,4.618069997358387,5.82745818662289,18,0
16.005732729973115,8.08383965626873,8.638572723563128,18,0
2.7713519114118803,9.262708275677056,7.650045310096267,18,1
2.9529309460169118,1.7262639648658236,2.0341061063863077,18,0
7.424012769714932,4.672374326845051,7.650045310096267,18,0
10.097464427328633,7.278699821371858,2.8290954334709015,15,0
2.556056067773703,2.1491588395095356,3.6628531739713526,15,0
9.63222464550784,7.831793893733706,2.1491588395095356,15,1
8.95555343964904,7.278699821371858,4.731589601969176,15,0
9.752294788304352,6.948639016678108,2.8290954334709015,15,0
5.368564085187013,7.8122893883766364,7.204326194276712,15,0
7.107303485152682,4.726349968498027,7.204326194276712,15,0
15.33469581104085,7.278699821371858,8.180125147646681,15,0
4.308662611945732,5.124308378049223,2.1491588395095356,15,0
13.099282004742687,10.050722783613676,6.948639016678108,15,0
10.097464427328633,7.278699821371858,2.8290954334709015,15,0
7.060178303679392,7.278699821371858,6.84281601732307,15,0
13.099282004742687,10.050722783613676,6.948639016678108,15,0
5.371239679396888,8.947928417100734,4.726349968498027,15,0
12.514012266966349,5.124308378049223,8.947928417100734,15,0
5.613909611184748,2.8290954334709015,8.180125147646681,15,0
10.664428181334092,10.050722783613676,7.204326194276712,15,0
10.438233747877076,2.8290954334709015,10.050722783613676,15,0
15.33469581104085,8.180125147646681,7.278699821371858,15,0
10.99302192312318,7.8122893883766364,8.947928417100734,15,0
9.43801378594233,3.6628531739713526,6.948639016678108,15,0
10.438233747877076,10.050722783613676,2.8290954334709015,15,0
13.099282004742687,10.050722783613676,6.948639016678108,15,0
15.029376925702836,8.180125147646681,7.831793893733706,15,0
15.973884319418332,10.050722783613676,8.947928417100734,15,0
13.099282004742687,10.050722783613676,6.948639016678108,15,0
9.04608830798132,2.1491588395095356,6.948639016678108,15,0
12.995103898836527,7.278699821371858,10.050722783613676,15,0
9.63222464550784,7.831793893733706,2.1491588395095356,15,1
13.509808582628201,5.124308378049223,10.050722783613676,15,0
13.099282004742687,10.050722783613676,6.948639016678108,15,0
10.111314758221923,8.947928417100734,6.84281601732307,15,0
2.556056067773703,3.6628531739713526,2.1491588395095356,15,0
3.9505672645694996,4.731589601969176,6.84281601732307,15,1
5.368564085187013,7.204326194276712,7.8122893883766364,15,0
5.41710947462494,4.726349968498027,7.278699821371858,15,0
9.399620943509243,10.050722783613676,2.1491588395095356,15,0
2.8832726153444397,6.948639016678108,8.947928417100734,15,1
11.758912365027324,5.124308378049223,6.84281601732307,15,0
3.1892723300900214,7.831793893733706,4.726349968498027,15,1
12.514012266966349,8.947928417100734,5.124308378049223,15,0
10.111314758221923,6.84281601732307,8.947928417100734,15,0
9.348571461512215,2.1491588395095356,7.278699821371858,15,0
8.713893757908572,4.731589601969176,5.124308378049223,15,0
9.317157577367693,7.831793893733706,7.204326194276712,15,0
9.317157577367693,7.204326194276712,7.831793893733706,15,0
6.5201478421415935,8.180125147646681,5.124308378049223,15,1
9.348571461512215,7.278699821371858,2.1491588395095356,15,0
3.1892723300900214,7.831793893733706,4.726349968498027,15,1
9.956713940059334,7.204326194276712,2.8290954334709015,15,0
1.2134077217945867,2.8290954334709015,2.1491588395095356,15,1
12.645240646562591,5.124308378049223,7.8122893883766364,15,0
15.33469581104085,8.180125147646681,7.278699821371858,15,0
17.312334183047785,10.050722783613676,7.831793893733706,15,0
9.399620943509243,10.050722783613676,2.1491588395095356,15,0
12.201233312445432,7.204326194276712,5.124308378049223,15,0
12.201233312445432,7.204326194276712,5.124308378049223,15,0
1.2134077217945867,2.8290954334709015,2.1491588395095356,15,1
10.438233747877076,10.050722783613676,2.8290954334709015,15,0
7.060178303679392,7.278699821371858,6.84281601732307,15,0
7.189539145124765,4.726349968498027,5.124308378049223,15,0
5.613909611184748,2.8290954334709015,8.180125147646681,15,0
6.7526779248905395,5.124308378049223,3.6628531739713526,15,1
10.438233747877076,10.050722783613676,2.8290954334709015,15,0
12.514012266966349,8.947928417100734,5.124308378049223,15,0
5.41710947462494,4.726349968498027,7.278699821371858,15,0
11.758912365027324,6.84281601732307,5.124308378049223,15,0
10.111314758221923,6.84281601732307,8.947928417100734,15,0
9.635478199969263,7.8122893883766364,2.8290954334709015,15,0
10.49499399106089,4.726349968498027,7.8122893883766364,15,0
8.804275557484267,6.84281601732307,2.8290954334709015,15,0
6.670275247671221,2.1491588395095356,4.726349968498027,15,1
11.613511618744528,4.731589601969176,8.947928417100734,15,0
12.133216310359405,4.731589601969176,7.831793893733706,15,0
4.411749182886022,2.1491588395095356,4.731589601969176,15,0
4.308662611945732,5.124308378049223,2.1491588395095356,15,0
9.61242350838365,3.6628531739713526,7.278699821371858,15,0
14.630759860201604,7.204326194276712,8.180125147646681,15,0
11.914048262360728,8.947928417100734,3.6628531739713526,15,0
5.586372483269194,4.731589601969176,2.8290954334709015,15,0
8.505584625036045,3.6628531739713526,7.204326194276712,15,0
13.416834051651191,7.831793893733706,7.8122893883766364,15,0
0.5305742329847055,7.278699821371858,6.948639016678108,15,1
7.598407694364807,6.84281601732307,2.1491588395095356,15,0
7.598407694364807,6.84281601732307,2.1491588395095356,15,0
8.945296639618197,4.731589601969176,4.726349968498027,15,0
3.059423064392064,6.948639016678108,7.204326194276712,15,1
6.236755209439088,8.180125147646681,3.6628531739713526,15,1
7.333235319012102,4.731589601969176,7.204326194276712,15,0
5.765180976606423,7.204326194276712,8.947928417100734,15,1
15.973884319418332,10.050722783613676,8.947928417100734,15,0
12.995103898836527,7.278699821371858,10.050722783613676,15,0
4.308662611945732,2.1491588395095356,5.124308378049223,15,0
15.973884319418332,8.947928417100734,10.050722783613676,15,0
2.1050698467247866,4.731589601969176,3.6628531739713526,15,0
5.613909611184748,2.8290954334709015,8.180125147646681,15,0
11.096942390880033,8.947928417100734,2.1491588395095356,15,0
12.398370529671462,4.726349968498027,8.180125147646681,15,0
4.308662611945732,5.124308378049223,2.1491588395095356,15,0
5.586372483269194,2.8290954334709015,4.731589601969176,15,0
7.918776359426781,7.278699821371858,7.8122893883766364,15,0
9.399620943509243,10.050722783613676,2.1491588395095356,15,0
5.613909611184748,8.180125147646681,2.8290954334709015,15,0
11.758912365027324,5.124308378049223,6.84281601732307,15,0
7.189539145124765,4.726349968498027,5.124308378049223,15,0
7.189539145124765,5.124308378049223,4.726349968498027,15,0
17.312334183047785,7.831793893733706,10.050722783613676,15,0
12.201233312445432,7.204326194276712,5.124308378049223,15,0
12.995103898836527,10.050722783613676,7.278699821371858,15,0
7.189539145124765,5.124308378049223,4.726349968498027,15,0
6.236755209439088,8.180125147646681,3.6628531739713526,15,1
9.348571461512215,7.278699821371858,2.1491588395095356,15,0
3.0835552957545818,8.947928417100734,7.278699821371858,15,1
11.534340158439338,5.580422563476588,5.953942449503919,30,0
8.31154865638507,4.263362603997984,4.048624021198046,30,0
7.917459466039485,3.7928464620285234,8.060636754443433,30,0
2.4491708547621203,7.3943779113449235,9.072129726253555,30,1
4.037488995040532,4.587464368306353,2.3265120632259846,30,0
4.820229769742848,6.334179804157073,4.587464368306353,30,0
0.48893695310006746,5.632635398564147,5.580422563476588,30,0
9.504635214801228,7.787521038099017,7.213637825821422,30,0
11.078468964551684,6.170929652876335,5.598296191746004,30,0
8.830716588377927,1.4672574442715935,7.654025470024731,30,0
8.922746568766321,4.345368308874855,7.654025470024731,30,0
5.880800888112793,7.787521038099017,9.072129726253555,30,0
7.300923309280261,4.345368308874855,4.204399943542101,30,0
3.282684408051609,9.072129726253555,6.383898248705679,30,1
7.147669936384393,8.243805280388077,1.2113578927270092,30,0
4.655000131738316,5.0653012020815815,2.3265120632259846,30,0
7.330372166182473,5.0653012020815815,5.598296191746004,30,0
4.611175015377044,4.345368308874855,7.787521038099017,30,1
7.917459466039485,8.060636754443433,3.7928464620285234,30,0
4.836040699193862,4.345368308874855,9.072129726253555,30,0
9.677492571265802,4.048624021198046,5.632635398564147,30,0
12.66798928991677,5.580422563476588,7.654025470024731,30,0
6.259277138005659,4.263362603997984,8.243805280388077,30,1
5.662174511572048,9.072129726253555,7.213637825821422,30,0
11.782041514712596,6.8660498488281565,6.334179804157073,30,0
13.164267868930352,5.598296191746004,7.654025470024731,30,0
0.8192211328632283,2.7691169504168993,2.3265120632259846,30,1
6.297697736307198,6.170929652876335,7.654025470024731,30,0
6.302964618737687,6.334179804157073,7.787521038099017,30,0
7.958824412749906,5.632635398564147,2.3265120632259846,30,0
6.817782468786966,7.654025470024731,6.8660498488281565,30,0
2.5896147593017047,4.048624021198046,6.170929652876335,30,0
4.472465981913495,4.204399943542101,4.263362603997984,30,0
13.533901014472411,7.787521038099017,7.654025470024731,30,0
11.74491818049023,5.0653012020815815,7.787521038099017,30,0
6.304111503873233,7.3943779113449235,7.213637825821422,30,0
11.018001987577613,6.170929652876335,6.334179804157073,30,0
10.217068549391488,5.953942449503919,4.263362603997984,30,0
9.192682827118091,2.3265120632259846,7.3943779113449235,30,0
3.2516861824593497,2.7691169504168993,5.953942449503919,30,0
10.833978406245778,3.980794978546271,9.072129726253555,30,0
8.681368046207542,5.0653012020815815,4.587464368306353,30,0
8.892729278999356,6.8660498488281565,7.570826916655885,30,0
2.179821715068417,3.980794978546271,5.953942449503919,30,1
7.190091863759505,5.0653012020815815,8.243805280388077,30,0
3.2732027051750094,4.204399943542101,7.397548139825683,30,1
3.354224470192369,6.8660498488281565,4.048624021198046,30,0
7.738613983294838,5.598296191746004,7.3943779113449235,30,0
6.1509355100912,2.3265120632259846,4.345368308874855,30,0
7.355902326866547,4.204399943542101,3.980794978546271,30,0
4.1152239072804075,5.598296191746004,8.243805280388077,30,1
3.2361297491044034,8.243805280388077,7.397548139825683,30,0
12.58698535639144,6.383898248705679,8.060636754443433,30,0
5.165304711679792,4.048624021198046,1.2113578927270092,30,0
3.4548610225891094,7.213637825821422,4.587464368306353,30,1
9.517198946615657,3.980794978546271,5.580422563476588,30,0
9.87086734390497,7.654025470024731,3.7928464620285234,30,0
11.628960007298971,3.980794978546271,8.060636754443433,30,0
15.78741678947364,8.243805280388077,7.570826916655885,30,0
9.896642007397132,7.397548139825683,6.8660498488281565,30,0
6.88123679423585,6.8660498488281565,1.4672574442715935,30,0
14.293753356785285,7.397548139825683,7.654025470024731,30,0
11.368696904215849,5.598296191746004,5.953942449503919,30,0
6.7294264209345265,3.980794978546271,7.213637825821422,30,0
7.945732131663145,9.072129726253555,4.587464368306353,30,0
11.09792225342481,7.3943779113449235,7.654025470024731,30,0
6.737217210952431,6.383898248705679,1.2113578927270092,30,0
7.356348203225936,6.8660498488281565,4.587464368306353,30,0
4.12088205252515,4.263362603997984,1.4672574442715935,30,0
1.3178997498583895,4.263362603997984,5.580422563476588,30,0
6.580728224192017,5.953942449503919,5.0653012020815815,30,0
7.534732152821211,4.345368308874855,4.048624021198046,30,0
9.397871371142381,7.003458668410196,3.980794978546271,30,0
2.008629685024219,5.598296191746004,5.580422563476588,30,0
6.259277138005659,8.243805280388077,4.263362603997984,30,1
3.4548610225891094,4.587464368306353,7.213637825821422,30,1
4.346848064251126,4.204399943542101,8.243805280388077,30,0
6.104200414935154,2.7691169504168993,4.345368308874855,30,0
8.708390495542357,7.570826916655885,9.072129726253555,30,0
3.03991592440002,5.580422563476588,3.7928464620285234,30,1
1.4376268852461573,4.048624021198046,2.7691169504168993,30,1
3.2569824065918853,3.7928464620285234,1.2113578927270092,30,0
6.617484352432216,6.170929652876335,4.587464368306353,30,0
11.782041514712596,6.334179804157073,6.8660498488281565,30,0
11.270733402310322,7.213637825821422,5.598296191746004,30,0
9.627573041736612,8.060636754443433,4.345368308874855,30,0
3.4548610225891094,7.213637825821422,4.587464368306353,30,1
7.190091863759505,5.0653012020815815,8.243805280388077,30,0
11.30995140472027,4.048624021198046,8.243805280388077,30,0
3.0592266282278078,7.570826916655885,7.213637825821422,30,1
3.7833523239338898,5.598296191746004,4.204399943542101,30,0
13.164267868930352,7.654025470024731,5.598296191746004,30,0
15.788596786523975,8.243805280388077,7.654025470024731,30,0
9.10666176046083,7.003458668410196,6.8660498488281565,30,0
12.244832967298953,5.0653012020815815,7.3943779113449235,30,0
7.897617828552416,5.580422563476588,2.3265120632259846,30,0
9.601275539005062,5.953942449503919,6.383898248705679,30,0
13.797745631322663,7.3943779113449235,6.8660498488281565,30,0
6.008643435680075,5.598296191746004,7.003458668410196,30,0
3.2361297491044034,8.243805280388077,7.397548139825683,30,0
11.329816111090304,4.204399943542101,7.213637825821422,30,0
8.901985986763908,7.003458668410196,3.7928464620285234,30,0
9.10224919188279,1.2113578927270092,9.072129726253555,30,0
6.926371805027823,8.060636754443433,1.2113578927270092,30,0
8.892729278999356,6.8660498488281565,7.570826916655885,30,0
14.91719033901104,7.213637825821422,8.243805280388077,30,0
8.84622529251818,4.587464368306353,5.632635398564147,30,0
4.612782099653235,1.2113578927270092,5.632635398564147,30,1
4.346848064251126,8.243805280388077,4.204399943542101,30,0
3.154037962828644,9.072129726253555,6.334179804157073,30,1
3.2569824065918853,3.7928464620285234,1.2113578927270092,30,0
5.386594098191757,5.0653012020815815,6.8660498488281565,30,0
12.898350377964267,7.003458668410196,7.3943779113449235,30,0
2.9860109326816144,7.570826916655885,4.587464368306353,30,1
9.440234855471946,4.846160525597543,5.074734522740787,18,0
5.3538973527524325,2.6478057310248664,5.2031456533405045,18,0
1.6352876789157804,3.143784090287191,4.64878847116532,18,1
11.523591027576327,7.648204431349446,6.407607648108851,18,0
4.302700676735429,5.074734522740787,8.918251485363312,18,0
6.354480688055124,4.910188618898307,4.846160525597543,18,1
4.002532428652108,5.074734522740787,1.5896566327728414,18,0
6.212231681686159,5.597144631297135,3.767307171703562,18,0
4.423362423648304,8.43229757461434,7.029560160126918,18,1
3.2456358349973424,4.64878847116532,6.818264716339051,18,0
5.264812525903831,3.143784090287191,2.6478057310248664,18,0
7.54106305080014,8.918251485363312,5.597144631297135,18,1
2.129471438606181,2.6478057310248664,1.5896566327728414,18,0
5.888744098465189,5.074734522740787,2.6478057310248664,18,0
1.3852773324939571,5.074734522740787,5.2031456533405045,18,0
2.2970815640131357,5.074734522740787,4.64878847116532,18,1
6.495446526761094,1.5896566327728414,4.910188618898307,18,0
7.942157631482415,6.407607648108851,6.818264716339051,18,0
7.059786180918382,6.818264716339051,1.5896566327728414,18,0
6.420277053350448,5.597144631297135,5.074734522740787,18,0
1.3796129169495364,5.2031456533405045,6.407607648108851,18,1
5.888744098465189,2.6478057310248664,5.074734522740787,18,0
5.578906940223179,3.995804637427075,3.767307171703562,18,0
7.059786180918382,1.5896566327728414,6.818264716339051,18,0
4.170302467098812,5.597144631297135,4.64878847116532,18,0
9.062124069506394,5.2031456533405045,4.846160525597543,18,0
7.059786180918382,1.5896566327728414,6.818264716339051,18,0
10.779973944100496,10.103643012276926,1.5896566327728414,18,0
7.975902391763744,3.995804637427075,4.910188618898307,18,0
2.56068628932226,5.074734522740787,6.407607648108851,18,0
1.6352876789157804,4.64878847116532,3.143784090287191,18,1
12.099795843423546,7.648204431349446,4.64878847116532,18,0
13.222996859614184,3.143784090287191,10.103643012276926,18,0
4.150090235911692,7.029560160126918,5.597144631297135,18,0
14.76944507654088,5.074734522740787,10.103643012276926,18,0
14.692624909740786,8.43229757461434,6.407607648108851,18,0
11.003895938134688,5.2031456533405045,7.648204431349446,18,0
11.214290586450169,3.995804637427075,8.918251485363312,18,0
7.9898240550290245,4.846160525597543,3.143784090287191,18,0
10.286071206693832,8.43229757461434,10.103643012276926,18,0
11.087838567988895,6.407607648108851,4.910188618898307,18,0
4.9253354814298405,6.407607648108851,1.5896566327728414,18,1
8.035129082725545,4.846160525597543,3.767307171703562,18,0
9.440234855471946,5.074734522740787,4.846160525597543,18,0
9.508977133727955,2.6478057310248664,7.029560160126918,18,0
10.981088745290586,3.995804637427075,8.43229757461434,18,0
9.508977133727955,7.029560160126918,2.6478057310248664,18,0
10.021028987746977,8.43229757461434,1.5896566327728414,18,0
6.605668266728709,3.143784090287191,3.995804637427075,18,0
11.523591027576327,6.407607648108851,7.648204431349446,18,0
10.163671379708806,8.43229757461434,2.6478057310248664,18,0
5.411814062432903,5.074734522740787,6.818264716339051,18,0
14.751459996356964,4.64878847116532,10.103643012276926,18,0
3.2456358349973424,6.818264716339051,4.64878847116532,18,0
5.471371724585314,3.143784090287191,6.407607648108851,18,0
12.802803088974013,8.43229757461434,5.074734522740787,18,0
6.420277053350448,5.597144631297135,5.074734522740787,18,0
10.157375840379474,2.6478057310248664,8.918251485363312,18,0
13.364203996132778,10.103643012276926,3.767307171703562,18,0
13.364203996132778,10.103643012276926,3.767307171703562,18,0
3.0882800260017524,4.846160525597543,7.648204431349446,18,0
8.930283867199003,5.597144631297135,6.407607648108851,18,0
15.395499082095082,8.918251485363312,8.43229757461434,18,0
9.46599443294291,4.64878847116532,4.846160525597543,18,0
8.44960362134279,7.029560160126918,1.5896566327728414,18,0
9.46599443294291,4.64878847116532,4.846160525597543,18,0
13.586863613879967,8.918251485363312,4.846160525597543,18,0
12.59228332199044,7.029560160126918,7.648204431349446,18,0
13.586863613879967,4.846160525597543,8.918251485363312,18,0
13.586863613879967,4.846160525597543,8.918251485363312,18,0
12.099795843423546,7.648204431349446,4.64878847116532,18,0
4.302700676735429,8.918251485363312,5.074734522740787,18,0
14.751459996356964,4.64878847116532,10.103643012276926,18,0
9.768411731998013,4.910188618898307,5.2031456533405045,18,0
8.035129082725545,4.846160525597543,3.767307171703562,18,0
9.128686362419883,2.6478057310248664,6.818264716339051,18,0
12.921234852776655,5.597144631297135,7.648204431349446,18,0
12.032688170446598,4.910188618898307,8.918251485363312,18,0
9.508977133727955,2.6478057310248664,7.029560160126918,18,0
6.712603124492737,3.995804637427075,6.407607648108851,18,0
3.1586792897629037,5.074734522740787,3.143784090287191,18,1
11.087838567988895,4.910188618898307,6.407607648108851,18,0
13.222996859614184,3.143784090287191,10.103643012276926,18,0
2.2970815640131357,5.074734522740787,4.64878847116532,18,1
8.508537259887397,4.846160525597543,8.43229757461434,18,1
8.035129082725545,3.767307171703562,4.846160525597543,18,0
2.610804211262418,3.767307171703562,3.143784090287191,18,1
9.46599443294291,4.64878847116532,4.846160525597543,18,0
1.3720885624335646,3.995804637427075,2.6478057310248664,18,1
4.502559005981873,2.6478057310248664,3.767307171703562,18,0
7.059786180918382,6.818264716339051,1.5896566327728414,18,0
3.0882800260017524,4.846160525597543,7.648204431349446,18,0
6.712603124492737,6.407607648108851,3.995804637427075,18,0
6.171877553798146,3.995804637427075,5.2031456533405045,18,0
8.969264781716522,2.6478057310248664,10.103643012276926,18,1
6.950274751199618,4.910188618898307,2.6478057310248664,18,0
2.2970815640131357,5.074734522740787,4.64878847116532,18,1
9.349979071554213,7.029560160126918,3.767307171703562,18,0
4.296906971548895,4.64878847116532,1.5896566327728414,18,0
4.502559005981873,3.767307171703562,2.6478057310248664,18,0
10.286071206693832,8.43229757461434,10.103643012276926,18,0
12.099795843423546,7.648204431349446,4.64878847116532,18,0
10.779973944100496,10.103643012276926,1.5896566327728414,18,0
6.495446526761094,1.5896566327728414,4.910188618898307,18,0
7.8955407771727515,4.910188618898307,6.818264716339051,18,0
10.163671379708806,2.6478057310248664,8.43229757461434,18,0
1.6352876789157804,3.143784090287191,4.64878847116532,18,1
9.128686362419883,6.818264716339051,2.6478057310248664,18,0
10.476205603736869,6.818264716339051,3.995804637427075,18,0
13.117298837734156,7.029560160126918,10.103643012276926,18,0
8.164056032016944,8.918251485363312,1.5896566327728414,18,0
7.2106191353874385,6.43027887286208,9.506374899405927,28,1
12.970447003292593,9.506374899405927,4.417259621114204,28,0
5.793448756235065,7.536674025472547,5.517849344364616,28,0
14.33140026163097,9.691512052380439,5.841202829873178,28,0
16.1551881247091,9.506374899405927,7.536674025472547,28,0
8.94698884464833,9.995537067892107,1.7027421613088627,28,0
8.94698884464833,9.995537067892107,1.7027421613088627,28,0
4.31724597681798,4.074569213799575,0.7781662408386802,28,0
4.578952429352226,5.260388932605905,0.7781662408386802,28,0
12.084370211075406,8.20590688568441,4.074569213799575,28,0
5.6341208070532325,9.743958143962647,5.841202829873178,28,0
7.41426292320552,7.7344353043832585,9.995537067892107,28,0
8.265721586295072,5.260388932605905,8.20590688568441,28,1
9.354615388903207,5.260388932605905,4.114347773843656,28,0
5.745793948281974,9.506374899405927,5.259549976124392,28,1
1.5625069989534894,6.451920008718167,6.867868115715758,28,0
10.731786572420217,4.417259621114204,6.867868115715758,28,0
5.251549827290573,0.7781662408386802,4.755191362277287,28,0
10.115355570141778,5.259549976124392,8.177764239123885,28,0
7.559660073890435,5.15261326665082,6.867868115715758,28,0
16.1551881247091,7.536674025472547,9.506374899405927,28,0
9.890711715699045,6.451920008718167,4.417259621114204,28,0
6.912554037251075,3.898645254448992,4.114347773843656,28,0
5.433108250698944,7.150575631638546,8.20590688568441,28,1
11.859790418039477,6.867868115715758,5.260388932605905,28,0
9.852053372150868,7.150575631638546,3.631590921841272,28,0
7.7999583394521474,7.7344353043832585,5.15261326665082,28,0
17.00086449520759,9.506374899405927,9.743958143962647,28,0
7.96614104768296,5.841202829873178,4.114347773843656,28,0
11.388443668393618,5.517849344364616,7.704702205805971,28,0
9.827771740618006,7.2174136148669135,6.867868115715758,28,0
14.030896503370702,6.867868115715758,7.7344353043832585,28,0
14.528983587292933,8.20590688568441,6.43027887286208,28,0
6.912554037251075,3.898645254448992,4.114347773843656,28,0
3.0003687666541867,7.536674025472547,5.15261326665082,28,0
6.572359431024431,5.517849344364616,5.841365838759829,28,0
5.865408697772091,0.7781662408386802,5.15261326665082,28,1
9.392790632959084,4.755191362277287,5.841202829873178,28,0
14.61378262797657,5.259549976124392,9.995537067892107,28,0
10.843178310283523,4.417259621114204,6.43027887286208,28,0
2.856056398162654,5.15261326665082,3.631590921841272,28,0
16.1551881247091,7.536674025472547,9.506374899405927,28,0
7.5517196860185205,4.417259621114204,5.259549976124392,28,0
9.7367872883089,4.755191362277287,5.260388932605905,28,0
11.990718516530125,5.841202829873178,6.43027887286208,28,0
9.066819119234417,9.691512052380439,1.7027421613088627,28,0
15.262010657318708,9.743958143962647,6.451920008718167,28,0
13.319997951497564,9.743958143962647,7.704702205805971,28,0
15.18775311805052,9.995537067892107,6.43027887286208,28,0
2.4262977544922437,5.15261326665082,7.2174136148669135,28,0
14.541600243058403,9.743958143962647,5.517849344364616,28,0
5.478394862122544,5.841202829873178,1.7027421613088627,28,0
6.143144170574755,0.7781662408386802,5.841202829873178,28,0
4.426231683902611,3.631590921841272,4.074569213799575,28,0
9.906084767401365,7.7344353043832585,5.259549976124392,28,0
10.611035799738504,4.114347773843656,7.704702205805971,28,0
8.428299626696408,3.898645254448992,5.517849344364616,28,0
6.189903609451833,3.631590921841272,5.841202829873178,28,0
8.056195656389217,9.506374899405927,4.074569213799575,28,0
17.140438656794956,7.7344353043832585,9.691512052380439,28,0
3.9689888549159047,5.841202829873178,7.2174136148669135,28,0
9.327279709577997,7.704702205805971,1.7027421613088627,28,0
1.9628133339920346,3.631590921841272,1.7027421613088627,28,0
10.843178310283523,6.43027887286208,4.417259621114204,28,0
7.6832981347264395,7.7344353043832585,0.7781662408386802,28,0
7.5517196860185205,5.259549976124392,4.417259621114204,28,0
7.192305784248449,9.995537067892107,3.898645254448992,28,0
8.056195656389217,9.506374899405927,4.074569213799575,28,0
11.990718516530125,6.43027887286208,5.841202829873178,28,0
2.355136781970866,5.841202829873178,4.417259621114204,28,1
13.817947562028985,9.743958143962647,4.074569213799575,28,0
11.655175756023887,6.451920008718167,5.260388932605905,28,0
4.412718114901198,1.7027421613088627,5.841365838759829,28,1
5.865408697772091,5.15261326665082,0.7781662408386802,28,1
15.814511727125542,7.7344353043832585,8.177764239123885,28,0
6.810664730578507,1.7027421613088627,5.260388932605905,28,0
12.833152712812565,9.995537067892107,4.074569213799575,28,0
19.493497448194052,9.995537067892107,9.506374899405927,28,0
11.466083722469357,9.995537067892107,5.517849344364616,28,0
3.664269587029621,5.15261326665082,1.7027421613088627,28,1
0.7268727746015797,4.417259621114204,3.898645254448992,28,1
12.102904178411134,4.755191362277287,7.7344353043832585,28,0
3.485073143977156,4.755191362277287,3.631590921841272,28,0
8.767922082838126,4.417259621114204,4.755191362277287,28,0
7.818345300197232,1.7027421613088627,8.177764239123885,28,0
3.2441536798676176,4.074569213799575,5.517849344364616,28,0
7.192305784248449,3.898645254448992,9.995537067892107,28,0
14.16363967154533,7.7344353043832585,6.43027887286208,28,0
2.4566832211466667,4.074569213799575,6.43027887286208,28,0
1.8872390434880095,4.074569213799575,4.755191362277287,28,0
9.436647066108069,5.841365838759829,7.150575631638546,28,0
11.08394627074606,4.074569213799575,7.150575631638546,28,0
1.5178988096362482,5.517849344364616,4.114347773843656,28,1
4.645556561585959,9.691512052380439,6.451920008718167,28,0
11.046424262933085,7.704702205805971,3.631590921841272,28,0
11.652229976614086,6.451920008718167,9.995537067892107,28,0
9.327279709577997,1.7027421613088627,7.704702205805971,28,0
5.982900180381691,6.867868115715758,1.7027421613088627,28,0
13.39852296637934,7.150575631638546,6.451920008718167,28,0
6.53073092549312,5.841365838759829,0.7781662408386802,28,1
16.297766764585344,9.995537067892107,9.691512052380439,28,0
8.006218684815561,4.074569213799575,5.841365838759829,28,0
6.12271897346731,9.743958143962647,3.898645254448992,28,0
8.3870035971655,7.2174136148669135,6.451920008718167,28,0
2.856056398162654,5.15261326665082,3.631590921841272,28,0
5.420316873569824,3.631590921841272,3.898645254448992,28,0
6.81901802467994,5.15261326665082,8.20590688568441,28,0
9.522119600089917,6.43027887286208,5.15261326665082,28,0
11.792406180712655,7.7344353043832585,4.074569213799575,28,0
2.362619926594613,4.114347773843656,6.451920008718167,28,1
7.510171437432852,3.898645254448992,5.259549976124392,28,0
1.6343358921716744,4.114347773843656,4.755191362277287,28,1
8.428299626696408,5.517849344364616,3.898645254448992,28,0
15.893259002387625,8.177764239123885,8.20590688568441,28,0
7.192305784248449,9.995537067892107,3.898645254448992,28,0
10.691853894632922,5.260388932605905,5.517849344364616,28,0
9.17856260531022,3.898645254448992,6.451920008718167,28,0
10.624742610397861,2.7531197930820213,8.046643889238924,31,0
11.45887819057377,8.393614980061663,4.902076769981268,31,0
5.843714242096357,6.37650305670896,2.1222279674936293,31,0
4.222055682794718,2.7531197930820213,2.1222279674936293,31,0
7.424862183259798,4.727107719824968,7.196288252894573,31,0
0.6596993859123131,8.684913475328862,8.080481993640866,31,0
12.07892375306212,7.783243855177773,9.271468030691057,31,0
15.360691792870798,7.280236758982567,8.080481993640866,31,0
14.13606745339028,7.763461216610418,6.37650305670896,31,0
6.520058149267453,7.763461216610418,2.0624894336848234,31,0
4.140323508808089,2.1222279674936293,2.0624894336848234,31,0
6.216170520096738,4.727107719824968,1.8530063095603162,31,0
8.765298143567145,4.717348411293739,5.174565156927726,31,0
7.086925994885374,6.647060838568077,7.280236758982567,31,1
11.251784646269188,2.7531197930820213,8.684913475328862,31,0
13.581456151158031,8.684913475328862,4.902076769981268,31,0
0.33024786073664525,8.080481993640866,8.046643889238924,31,1
4.171274961233374,6.104264540457012,2.0624894336848234,31,0
5.036016512675115,3.7272993395383582,2.1222279674936293,31,0
10.875839609184897,5.258720488323281,5.919105154044524,31,0
5.550100406554473,7.196288252894573,2.0624894336848234,31,0
4.128784464209247,2.7531197930820213,5.631555901374771,31,0
10.797581237099992,5.258720488323281,7.763461216610418,31,0
11.486406262293702,6.37650305670896,7.235639417081136,31,0
13.547197744483181,8.080481993640866,5.631555901374771,31,0
7.70911770533716,2.1222279674936293,7.280236758982567,31,0
2.595150458560861,2.1222279674936293,4.717348411293739,31,1
13.47927382169922,9.271468030691057,5.919105154044524,31,0
8.139286818295478,9.271468030691057,5.985465986511963,31,0
5.490304089367665,5.631555901374771,2.1222279674936293,31,0
5.781976653988949,8.393614980061663,3.7272993395383582,31,0
11.072049001000865,8.080481993640866,7.235639417081136,31,0
4.752478516255054,2.9343833910653716,5.919105154044524,31,0
6.520058149267453,2.0624894336848234,7.763461216610418,31,0
9.344232010562834,2.1222279674936293,9.2076942575693,31,0
11.75958213253927,2.7531197930820213,9.271468030691057,31,0
13.080058023734102,7.196288252894573,5.985465986511963,31,0
9.905259947741937,2.1222279674936293,7.783243855177773,31,0
5.986676655924754,7.763461216610418,2.9343833910653716,31,0
3.707667196711683,5.919105154044524,2.7531197930820213,31,1
4.03107826803658,5.919105154044524,7.235639417081136,31,0
12.07892375306212,7.783243855177773,9.271468030691057,31,0
6.91087852951346,5.258720488323281,6.37650305670896,31,0
7.897147424469917,5.174565156927726,6.104264540457012,31,0
6.8948255417106985,8.080481993640866,1.8530063095603162,31,1
4.122048962350873,8.080481993640866,7.763461216610418,31,0
9.876210977989157,2.0624894336848234,8.41618646855928,31,0
7.683774386687295,2.9343833910653716,5.631555901374771,31,0
7.038755350659867,2.1222279674936293,4.922900179566689,31,0
7.7785973842139935,8.080481993640866,2.9343833910653716,31,0
7.443123118360677,4.902076769981268,7.196288252894573,31,0
12.779306884994813,5.174565156927726,8.080481993640866,31,0
0.6428758048548089,8.684913475328862,8.046643889238924,31,0
0.3653077637870091,9.271468030691057,9.2076942575693,31,1
6.683233013322618,8.393614980061663,1.8530063095603162,31,0
15.360691792870798,8.080481993640866,7.280236758982567,31,0
9.675154691081989,7.280236758982567,5.258720488323281,31,0
8.005061235659,7.280236758982567,2.0624894336848234,31,0
7.915749370495889,8.046643889238924,2.0624894336848234,31,0
5.779399608330229,6.37650305670896,5.174565156927726,31,0
5.072450474301735,2.9343833910653716,7.196288252894573,31,0
7.2173252806522115,5.258720488323281,2.7531197930820213,31,0
7.50591112521778,4.727107719824968,5.258720488323281,31,0
4.367064083432774,5.919105154044524,7.783243855177773,31,0
9.35764924090376,2.1222279674936293,7.235639417081136,31,0
4.934831803384056,5.174565156927726,2.0624894336848234,31,0
4.036553187535368,7.763461216610418,3.7272993395383582,31,0
12.084182410604887,7.783243855177773,8.684913475328862,31,0
3.0985691023125512,7.196288252894573,4.922900179566689,31,0
0.7756879325865418,4.717348411293739,5.258720488323281,31,1
11.486406262293702,7.235639417081136,6.37650305670896,31,0
8.058510580050658,9.2076942575693,6.104264540457012,31,0
9.530483440054923,6.647060838568077,2.9343833910653716,31,0
10.378311484328329,6.104264540457012,4.717348411293739,31,0
3.916207810557179,6.104264540457012,7.763461216610418,31,0
7.203749877600026,2.0624894336848234,5.258720488323281,31,0
11.952769665987992,4.717348411293739,7.235639417081136,31,0
3.707667196711683,5.919105154044524,2.7531197930820213,31,1
8.902991267210743,4.717348411293739,7.280236758982567,31,0
6.111218192359923,4.717348411293739,1.8530063095603162,31,0
5.92906473624112,5.919105154044524,1.8530063095603162,31,0
6.935485328078268,3.7272993395383582,7.783243855177773,31,0
8.574958302181615,2.9343833910653716,7.280236758982567,31,0
0.6428758048548089,8.684913475328862,8.046643889238924,31,0
4.573486346905575,4.727107719824968,8.41618646855928,31,0
5.843714242096357,6.37650305670896,2.1222279674936293,31,0
9.581408398246266,5.985465986511963,7.763461216610418,31,0
12.402654254315488,8.080481993640866,7.196288252894573,31,0
4.752478516255054,5.919105154044524,2.9343833910653716,31,0
6.176614200976871,3.7272993395383582,9.271468030691057,31,0
5.751662407229146,2.7531197930820213,3.7272993395383582,31,0
4.122048962350873,8.080481993640866,7.763461216610418,31,0
11.360001155229499,8.393614980061663,4.727107719824968,31,0
4.171274961233374,6.104264540457012,2.0624894336848234,31,0
7.702992708972957,3.7272993395383582,5.174565156927726,31,0
10.695442819093596,6.104264540457012,5.258720488323281,31,0
12.805393534120261,8.080481993640866,4.727107719824968,31,0
11.486406262293702,6.37650305670896,7.235639417081136,31,0
8.686457800740007,7.280236758982567,1.8530063095603162,31,0
5.991603640444409,1.8530063095603162,7.763461216610418,31,0
16.549855563666547,8.038159749089289,8.684913475328862,31,0
5.6415376185262724,4.727107719824968,2.0624894336848234,31,0
9.199005849548259,5.258720488323281,8.038159749089289,31,0
5.870921726719066,7.196288252894573,8.393614980061663,31,0
13.145516792322747,6.647060838568077,8.684913475328862,31,0
6.502559380809952,5.174565156927726,7.783243855177773,31,0
7.15939760780333,4.902076769981268,4.922900179566689,31,0
9.12049200355844,8.393614980061663,8.046643889238924,31,0
13.628919712316666,8.41618646855928,7.783243855177773,31,0
2.595150458560861,4.717348411293739,2.1222279674936293,31,1
5.401184102119412,2.1222279674936293,4.902076769981268,31,0
7.786575109756396,5.919105154044524,2.1222279674936293,31,0
9.508631987400138,6.104264540457012,4.727107719824968,31,0
9.581408398246266,5.985465986511963,7.763461216610418,31,0
6.065674450730853,7.280236758982567,5.919105154044524,31,0
1.6881984856104248,5.631555901374771,4.727107719824968,31,1
13.976603626150675,6.647060838568077,9.271468030691057,31,0
10.200539205535648,5.919105154044524,4.717348411293739,31,0
2.566930217565793,10.606907235624266,8.723578499661011,30,1
10.767482325450072,7.063112298428529,5.871562025852192,30,0
5.447807414056564,3.523216624477428,7.36581938422505,30,0
1.737159681071164,7.063112298428529,6.952555948122969,30,0
7.712409789138206,3.523216624477428,4.322230730184986,30,0
8.811993796033272,5.293335645163868,4.264494254457454,30,0
8.078296379140935,7.972672582655849,4.919787429189591,30,0
14.976620154713169,7.348895988166239,8.611215634079777,30,0
11.64186252437792,7.809941474757957,5.871562025852192,30,0
7.869620228883767,4.919787429189591,8.496123212915457,30,0
9.862261812458058,5.2778305011725815,4.919787429189591,30,0
9.020665053000673,5.2778305011725815,7.348895988166239,30,0
6.344945404927098,6.952555948122969,7.348895988166239,30,0
8.865882164916377,7.348895988166239,4.626434666410619,30,0
2.226847226484328,5.871562025852192,7.748359556397919,30,1
8.069482119819982,6.952555948122969,7.972672582655849,30,0
12.829933606048057,6.5224177495700335,6.369119326650479,30,0
10.822427966753835,3.845498070177499,7.063112298428529,30,0
1.701825541763006,6.774960025759136,7.1036738034939715,30,1
12.710670388555549,5.2778305011725815,8.611215634079777,30,0
9.285267314204303,6.774960025759136,3.845498070177499,30,0
9.778484927596555,5.109925615010128,7.348895988166239,30,0
7.847434414061143,8.496123212915457,7.063112298428529,30,0
8.662738837658031,4.919787429189591,5.871562025852192,30,0
12.80015273439038,6.774960025759136,6.9910530985138,30,0
1.701825541763006,7.1036738034939715,6.774960025759136,30,1
1.5594614922056544,4.322230730184986,5.871562025852192,30,1
6.4459654570833,7.937908590921357,6.9910530985138,30,0
7.968978270819748,5.2778305011725815,5.293335645163868,30,0
6.344945404927098,6.952555948122969,7.348895988166239,30,0
8.772776425943778,6.5224177495700335,7.677174067767288,30,0
8.198946093813435,6.369119326650479,7.063112298428529,30,0
10.805985309292506,4.322230730184986,7.937908590921357,30,0
12.019936425188508,4.626434666410619,8.611215634079777,30,0
9.293588558853743,4.919787429189591,4.626434666410619,30,0
7.288962080527306,7.063112298428529,7.1036738034939715,30,0
12.115508010407815,7.063112298428529,5.109925615010128,30,0
3.7847924456619193,4.322230730184986,6.369119326650479,30,0
7.869620228883767,4.919787429189591,8.496123212915457,30,0
1.9247932228610845,8.611215634079777,8.496123212915457,30,0
12.300673581345832,4.626434666410619,7.677174067767288,30,0
10.56012075195407,6.774960025759136,7.677174067767288,30,0
5.5332563674374375,8.723578499661011,3.523216624477428,30,0
9.214021978074664,3.523216624477428,5.871562025852192,30,0
10.082938555703707,7.937908590921357,6.774960025759136,30,0
5.629350532962473,4.322230730184986,4.264494254457454,30,0
14.976620154713169,7.348895988166239,8.611215634079777,30,0
9.244288101871106,8.723578499661011,7.809941474757957,30,0
8.580787150686154,6.774960025759136,7.630626985422868,30,0
12.3089769257884,4.626434666410619,7.809941474757957,30,0
9.916784009191328,5.109925615010128,4.919787429189591,30,0
3.0651978488106435,7.809941474757957,4.919787429189591,30,0
9.620458232462555,4.919787429189591,7.748359556397919,30,0
11.71840993607362,7.748359556397919,7.630626985422868,30,0
10.849437407030255,3.845498070177499,10.606907235624266,30,0
10.520882200515624,6.75337838601706,4.264494254457454,30,0
10.127676099343256,7.677174067767288,7.348895988166239,30,0
1.737159681071164,6.952555948122969,7.063112298428529,30,0
2.3856775407708253,5.109925615010128,3.845498070177499,30,0
14.54786562406874,7.748359556397919,7.36581938422505,30,0
12.881806016892812,5.2778305011725815,8.723578499661011,30,0
9.046081943425634,6.369119326650479,7.809941474757957,30,0
10.223874826258077,4.322230730184986,6.75337838601706,30,0
10.127676099343256,7.677174067767288,7.348895988166239,30,0
16.365259259054568,5.871562025852192,10.606907235624266,30,0
7.288962080527306,7.063112298428529,7.1036738034939715,30,0
7.068069265785154,5.109925615010128,5.293335645163868,30,0
4.603971601411094,7.348895988166239,7.748359556397919,30,0
12.280052642411954,7.36581938422505,7.348895988166239,30,0
8.387241909881633,5.2778305011725815,6.75337838601706,30,0
3.867496843149491,6.75337838601706,3.523216624477428,30,1
2.375393620058681,7.063112298428529,7.677174067767288,30,1
14.870899447936432,6.774960025759136,8.723578499661011,30,0
6.163482813461043,5.293335645163868,10.606907235624266,30,1
6.879450433094193,8.496123212915457,7.937908590921357,30,0
14.53888076768849,7.1036738034939715,8.723578499661011,30,0
7.705421481651257,8.496123212915457,7.809941474757957,30,0
14.595542625382354,6.75337838601706,7.972672582655849,30,0
12.466080370755321,10.606907235624266,7.630626985422868,30,0
2.579024340592427,6.5224177495700335,6.75337838601706,30,0
11.730575634424909,7.937908590921357,6.75337838601706,30,0
1.737159681071164,7.063112298428529,6.952555948122969,30,0
5.640721064647771,7.1036738034939715,5.871562025852192,30,0
9.176582837993937,7.1036738034939715,5.2778305011725815,30,0
12.386166156376772,6.9910530985138,7.1036738034939715,30,0
16.648176763039583,6.369119326650479,10.606907235624266,30,0
2.694441120235072,4.626434666410619,3.845498070177499,30,0
1.5594614922056544,4.322230730184986,5.871562025852192,30,1
10.127676099343256,7.348895988166239,7.677174067767288,30,0
10.363472891469096,3.523216624477428,7.1036738034939715,30,0
3.7305135988947984,4.322230730184986,4.626434666410619,30,0
7.847434414061143,7.063112298428529,8.496123212915457,30,0
0.7026020793104171,4.626434666410619,5.2778305011725815,30,1
5.162721766514337,7.348895988166239,4.322230730184986,30,0
1.701825541763006,6.774960025759136,7.1036738034939715,30,1
16.44502485615477,7.748359556397919,8.723578499661011,30,0
12.646700038172424,5.109925615010128,7.630626985422868,30,0
16.342874677987968,8.611215634079777,7.748359556397919,30,0
12.401485576559223,7.748359556397919,7.809941474757957,30,0
14.40157420354241,8.611215634079777,6.369119326650479,30,0
6.344945404927098,6.952555948122969,7.348895988166239,30,0
6.69072128576721,4.626434666410619,3.523216624477428,30,0
4.3479805289031646,5.871562025852192,4.626434666410619,30,0
7.3895471466861995,7.748359556397919,5.109925615010128,30,0
16.365259259054568,5.871562025852192,10.606907235624266,30,0
0.9508068214119135,7.937908590921357,7.809941474757957,30,1
14.595542625382354,6.75337838601706,7.972672582655849,30,0
14.1606538645762,8.496123212915457,7.348895988166239,30,0
5.429404435257564,7.677174067767288,6.9910530985138,30,0
9.33846007145758,6.774960025759136,7.809941474757957,30,0
5.554499212213187,7.36581938422505,7.809941474757957,30,0
4.307109599707716,6.9910530985138,3.523216624477428,30,0
3.8857126047290675,4.264494254457454,7.063112298428529,30,0
8.4187357140026,7.809941474757957,3.523216624477428,30,0
10.223874826258077,6.75337838601706,4.322230730184986,30,0
14.870899447936432,8.723578499661011,6.774960025759136,30,0
2.428296918999801,6.952555948122969,7.809941474757957,30,0
3.314495713860772,6.952555948122969,7.937908590921357,30,0
9.03024685804256,8.611215634079777,4.919787429189591,30,0
11.56608801694651,9.672790334508072,2.8029330017861294,28,0
7.446624883412035,3.482794683142,3.9889216155083838,28,0
9.079244183032932,3.9889216155083838,6.59371996049358,28,0
13.31193011265043,6.789465295609519,6.536085144396932,28,0
0.732830353808676,2.1165877660121515,2.8464552907992613,28,1
12.559495078174791,6.41411937104365,6.882408845722091,28,0
0.732830353808676,2.8464552907992613,2.1165877660121515,28,1
5.644225017633296,5.434606772253603,6.59371996049358,28,1
11.655668882760004,6.536085144396932,7.873145641034881,28,0
1.9519929496808655,5.434606772253603,3.482794683142,28,0
11.18558278152069,4.453923772313267,9.672790334508072,28,0
3.547101128426689,10.423630412844677,7.257666253171634,28,1
4.761095437844012,7.377285274600918,5.918712797636838,28,0
15.663364080759997,5.918712797636838,10.159070059894622,28,0
3.531964515721092,7.377285274600918,6.536085144396932,28,1
4.678218665497384,6.41411937104365,2.0760985737609547,28,0
4.532509665773777,3.7109753218414285,2.1165877660121515,28,0
3.996864863267293,3.9889216155083838,2.0760985737609547,28,1
15.663364080759997,10.159070059894622,5.918712797636838,28,0
9.817997691914599,6.789465295609519,3.7109753218414285,28,0
12.200506319716371,2.8464552907992613,9.672790334508072,28,0
7.777750468432346,7.320335974887831,6.789465295609519,28,0
1.814323949779529,5.1482779666470035,6.536085144396932,28,0
4.955996018675806,5.1482779666470035,3.9889216155083838,28,0
6.06450322028018,3.964366187445315,5.918712797636838,28,0
11.332327293337027,5.918712797636838,5.434606772253603,28,0
13.31193011265043,6.536085144396932,6.789465295609519,28,0
5.582442304946515,6.59371996049358,7.873145641034881,28,0
8.015565880832284,7.320335974887831,3.154843076722799,28,0
0.7091558689014934,3.964366187445315,4.453923772313267,28,0
10.491139601418006,5.918712797636838,4.667200004211648,28,0
9.386850948054445,5.918712797636838,3.482794683142,28,0
12.382886173008139,2.1165877660121515,10.423630412844677,28,0
4.565853774592851,7.377285274600918,3.964366187445315,28,0
3.894115664792904,3.7109753218414285,2.0760985737609547,28,1
8.015565880832284,7.320335974887831,3.154843076722799,28,0
10.285831365896025,5.918712797636838,4.416021954645536,28,0
10.018978553000617,7.320335974887831,3.964366187445315,28,0
1.9460498816235063,4.667200004211648,3.482794683142,28,0
10.814415672680513,5.918712797636838,6.789465295609519,28,0
4.108575329582179,3.154843076722799,5.918712797636838,28,0
14.825875521959055,7.873145641034881,7.257666253171634,28,0
8.408589863602971,4.667200004211648,6.536085144396932,28,0
11.241491450992145,6.789465295609519,4.453923772313267,28,0
12.348982724522868,7.377285274600918,6.41411937104365,28,0
7.350857613753087,6.59371996049358,3.154843076722799,28,0
10.285831365896025,5.918712797636838,4.416021954645536,28,0
6.980708857632836,3.482794683142,5.1482779666470035,28,0
11.909036408912902,7.320335974887831,6.536085144396932,28,0
5.867979668859352,2.8029330017861294,3.154843076722799,28,0
6.7467055277788415,2.8029330017861294,4.453923772313267,28,0
14.80956413560783,5.434606772253603,10.423630412844677,28,0
13.233657379510701,4.416021954645536,9.672790334508072,28,0
13.817041248774261,10.159070059894622,7.320335974887831,28,0
9.088814524813221,5.434606772253603,3.7109753218414285,28,0
5.197316697748225,3.9889216155083838,6.536085144396932,28,0
11.45189972092465,7.377285274600918,4.155527140637106,28,0
7.446624883412035,3.482794683142,3.9889216155083838,28,0
5.375185739689094,6.789465295609519,4.416021954645536,28,0
9.695196700408108,3.482794683142,7.320335974887831,28,0
12.352883015385306,10.423630412844677,3.964366187445315,28,0
4.223416186440589,7.377285274600918,3.154843076722799,28,1
4.532509665773777,2.1165877660121515,3.7109753218414285,28,0
2.742113250248166,3.7109753218414285,5.918712797636838,28,1
8.408589863602971,4.667200004211648,6.536085144396932,28,0
13.594797802086477,5.1482779666470035,10.423630412844677,28,0
5.900749557675227,6.882408845722091,3.964366187445315,28,0
3.464925717059443,2.8464552907992613,4.667200004211648,28,0
11.321881179701021,6.789465295609519,10.423630412844677,28,0
5.1074554357629856,7.257666253171634,3.9889216155083838,28,0
11.337524008747446,6.789465295609519,6.882408845722091,28,0
3.3132294577270573,7.257666253171634,5.918712797636838,28,0
9.273658170047995,3.154843076722799,9.672790334508072,28,0
10.721918415252361,6.789465295609519,3.964366187445315,28,0
10.72782377255545,7.873145641034881,6.41411937104365,28,1
6.333691002532947,2.0760985737609547,4.667200004211648,28,0
4.299255893670428,2.1165877660121515,4.416021954645536,28,0
9.394749100165837,5.434606772253603,3.9889216155083838,28,0
12.220002511551002,4.453923772313267,10.423630412844677,28,0
7.454755138258879,4.155527140637106,3.964366187445315,28,0
12.382886173008139,10.423630412844677,2.1165877660121515,28,0
1.7553615040064048,3.154843076722799,3.9889216155083838,28,0
3.531964515721092,6.536085144396932,7.377285274600918,28,1
10.110245806960151,7.320335974887831,2.8464552907992613,28,0
9.079244183032932,6.59371996049358,3.9889216155083838,28,0
5.432893944248526,3.7109753218414285,7.257666253171634,28,0
6.7467055277788415,4.453923772313267,2.8029330017861294,28,0
3.469390958189232,2.8464552907992613,4.453923772313267,28,0
5.615188964030937,2.0760985737609547,7.257666253171634,28,0
7.247152971902822,4.155527140637106,3.154843076722799,28,0
7.943532335912757,6.41411937104365,10.423630412844677,28,0
2.595783556704885,6.536085144396932,3.964366187445315,28,0
13.238075063710067,3.964366187445315,10.159070059894622,28,0
4.898808614590486,2.1165877660121515,3.9889216155083838,28,0
4.31713342602953,4.155527140637106,6.789465295609519,28,0
8.651919188506712,2.8029330017861294,7.320335974887831,28,0
4.73076540019088,4.155527140637106,7.873145641034881,28,0
4.94898359321881,6.536085144396932,3.7109753218414285,28,0
1.814323949779529,5.1482779666470035,6.536085144396932,28,0
17.246847479374956,10.159070059894622,9.672790334508072,28,0
3.3132294577270573,5.918712797636838,7.257666253171634,28,0
10.209169911923919,6.882408845722091,7.377285274600918,28,0
10.491139601418006,5.918712797636838,4.667200004211648,28,0
2.9425066213937208,4.667200004211648,2.8029330017861294,28,0
5.2831015517307245,2.0760985737609547,7.320335974887831,28,0
17.013242410178112,9.672790334508072,7.873145641034881,28,0
4.097038096913456,7.377285274600918,3.7109753218414285,28,0
10.110245806960151,2.8464552907992613,7.320335974887831,28,0
3.894115664792904,2.0760985737609547,3.7109753218414285,28,1
6.923013079665724,4.667200004211648,3.154843076722799,28,0
9.781296802561085,3.154843076722799,6.789465295609519,28,0
5.260600175692435,10.159070059894622,7.873145641034881,28,1
11.262552849388214,7.320335974887831,5.434606772253603,28,0
10.560386356908985,2.8464552907992613,10.159070059894622,28,0
7.986014747011511,3.7109753218414285,4.667200004211648,28,0
7.023433296452301,4.155527140637106,6.882408845722091,28,0
8.12392734917912,6.41411937104365,5.434606772253603,28,0
15.465788738249197,7.9764790645958845,7.513513746733282,26,0
12.439209162867824,6.112354711808499,7.513513746733282,26,0
3.0185772893597282,3.789760520956756,6.465629709980966,26,1
3.3241857004132713,3.1982167257721597,5.607175480008516,26,0
15.945039947411459,6.566147821965668,10.207277423234604,26,0
13.927042086869582,7.5224954659801995,6.566147821965668,26,0
5.375977829583727,4.113516493055468,7.9764790645958845,26,1
5.481682049733255,9.4476456247282,4.237602887642877,26,1
3.6669066036042484,6.112354711808499,3.1982167257721597,26,0
11.774492124839973,6.320703773234467,5.607175480008516,26,0
5.31180719136324,4.237602887642877,1.185326981452452,26,0
2.414781967015399,1.8707671786896578,4.062799292655369,26,0
12.159842237904718,7.9764790645958845,6.465629709980966,26,0
3.306329870724132,6.988327535668504,4.062799292655369,26,0
14.734703922193207,7.5224954659801995,7.236535821810537,26,0
6.158968495802178,8.10462419701459,4.113516493055468,26,0
15.804227105717349,10.207277423234604,5.607175480008516,26,0
12.527070499875936,6.465629709980966,6.973756806349911,26,0
8.774669095906956,7.513513746733282,3.1982167257721597,26,0
2.414781967015399,4.062799292655369,1.8707671786896578,26,0
2.933598412560202,9.4476456247282,8.10462419701459,26,1
4.308948583756353,7.9764790645958845,9.4476456247282,26,0
8.23150859446801,4.062799292655369,4.439806885380555,26,0
8.918042268065044,1.8707671786896578,7.236535821810537,26,0
13.87717402657337,7.312169909915701,6.566147821965668,26,0
16.4969408790738,6.324050879219135,10.207277423234604,26,0
10.0557840883708,6.324050879219135,5.145374197044541,26,0
11.751244437529435,4.439806885380555,7.312169909915701,26,0
4.239241614951116,1.8707671786896578,3.1982167257721597,26,0
8.795367813608685,4.439806885380555,6.973756806349911,26,0
5.235075927993068,1.185326981452452,4.113516493055468,26,0
5.097189124997976,7.312169909915701,3.789760520956756,26,0
8.236302605571469,8.10462419701459,3.1982167257721597,26,0
7.176769105835534,1.8707671786896578,5.607175480008516,26,0
2.63907120060579,3.789760520956756,6.320703773234467,26,1
8.918042268065044,7.236535821810537,1.8707671786896578,26,0
2.3859281503148275,6.988327535668504,5.145374197044541,26,1
7.179235930091788,6.973756806349911,6.112354711808499,26,0
3.680920202056877,7.9764790645958845,4.439806885380555,26,1
13.081831867003851,7.236535821810537,6.465629709980966,26,0
10.0557840883708,6.324050879219135,5.145374197044541,26,0
17.333529254957,7.236535821810537,10.207277423234604,26,0
2.63907120060579,6.320703773234467,3.789760520956756,26,1
9.882388953342996,3.789760520956756,6.112354711808499,26,0
8.885458864810158,9.4476456247282,5.607175480008516,26,0
16.346727426331302,10.207277423234604,8.10462419701459,26,0
4.310379895450627,6.988327535668504,6.973756806349911,26,1
16.317111236194307,6.112354711808499,10.207277423234604,26,0
12.44893850754414,5.607175480008516,7.312169909915701,26,0
10.818757558810194,6.973756806349911,4.6384583104849,26,0
8.774669095906956,3.1982167257721597,7.513513746733282,26,0
9.216141723335234,6.973756806349911,7.312169909915701,26,0
13.23331656286445,7.312169909915701,6.324050879219135,26,0
8.918042268065044,1.8707671786896578,7.236535821810537,26,0
6.29296406206423,4.6384583104849,7.236535821810537,26,0
15.210774074678266,6.973756806349911,9.4476456247282,26,0
12.515691301858862,6.320703773234467,7.9764790645958845,26,0
3.5044305285808868,4.237602887642877,4.113516493055468,26,0
3.680920202056877,4.439806885380555,7.9764790645958845,26,1
4.3916796253343335,3.789760520956756,7.5224954659801995,26,0
13.476340864782404,7.5224954659801995,6.112354711808499,26,0
7.9462683046416505,10.207277423234604,7.513513746733282,26,0
6.713522757603532,5.607175480008516,1.185326981452452,26,0
8.885458864810158,9.4476456247282,5.607175480008516,26,0
2.0674192476252355,7.5224954659801995,7.312169909915701,26,1
1.9360173288895182,7.513513746733282,7.312169909915701,26,1
7.324929863534553,4.062799292655369,6.465629709980966,26,0
10.578928958979388,6.988327535668504,4.439806885380555,26,0
11.622166529304852,6.566147821965668,6.320703773234467,26,0
8.051158403009579,6.465629709980966,5.145374197044541,26,0
10.897762738028948,7.236535821810537,3.789760520956756,26,0
9.348919578521198,5.145374197044541,4.237602887642877,26,0
5.757950436555097,6.465629709980966,1.185326981452452,26,0
13.135893842394992,3.1982167257721597,10.207277423234604,26,0
13.969700282097474,7.236535821810537,7.513513746733282,26,0
11.371922135272031,4.6384583104849,7.312169909915701,26,0
5.910068030004091,8.10462419701459,6.324050879219135,26,0
5.490062488834236,1.185326981452452,6.320703773234467,26,0
10.97184256090556,3.789760520956756,9.4476456247282,26,0
4.822490255402905,10.207277423234604,6.465629709980966,26,1
2.943116366403825,6.566147821965668,7.236535821810537,26,0
9.844765373404053,6.320703773234467,4.439806885380555,26,0
3.9161762595361194,7.9764790645958845,4.237602887642877,26,0
9.844765373404053,4.439806885380555,6.320703773234467,26,0
14.304577470118572,10.207277423234604,4.113516493055468,26,0
3.8294570998613695,7.312169909915701,5.145374197044541,26,0
4.953283972448122,4.237602887642877,6.112354711808499,26,0
3.55525743593126,5.607175480008516,6.566147821965668,26,0
14.099190598217872,4.439806885380555,10.207277423234604,26,0
6.325462299468159,4.6384583104849,1.8707671786896578,26,0
9.348919578521198,4.237602887642877,5.145374197044541,26,0
5.506599492802437,6.320703773234467,1.8707671786896578,26,0
14.242444008098367,6.988327535668504,7.9764790645958845,26,0
7.838175553287261,6.973756806349911,7.513513746733282,26,0
6.051185737367516,3.1982167257721597,4.6384583104849,26,0
10.800276813346134,6.973756806349911,7.5224954659801995,26,0
11.994892269618482,6.320703773234467,8.10462419701459,26,0
4.437908891549083,4.237602887642877,5.607175480008516,26,0
3.3241857004132713,3.1982167257721597,5.607175480008516,26,0
5.540869833041057,4.6384583104849,1.185326981452452,26,0
4.35953535526073,6.320703773234467,10.207277423234604,26,1
2.8829521935482307,4.237602887642877,6.566147821965668,26,0
17.333529254957,7.236535821810537,10.207277423234604,26,0
12.418118037059081,6.324050879219135,6.320703773234467,26,0
8.743763864974184,6.320703773234467,4.237602887642877,26,0
1.6671899392088099,6.566147821965668,7.9764790645958845,26,1
5.540869833041057,1.185326981452452,4.6384583104849,26,0
12.09075415310564,5.607175480008516,7.513513746733282,26,0
4.811443347874798,4.6384583104849,9.4476456247282,26,1
13.48432344581301,4.062799292655369,9.4476456247282,26,0
11.740423963894493,7.513513746733282,4.237602887642877,26,0
12.885306378966973,6.324050879219135,7.513513746733282,26,0
10.426734769485677,6.988327535668504,6.465629709980966,26,0
2.63907120060579,3.789760520956756,6.320703773234467,26,1
8.27181800099091,7.513513746733282,6.465629709980966,26,0
8.27181800099091,6.465629709980966,7.513513746733282,26,0
2.214994983030714,6.324050879219135,4.113516493055468,26,0
12.309001977265119,6.320703773234467,6.112354711808499,26,0
10.101798837161464,8.854618500540633,7.0756956513590055,25,0
7.512976402962841,7.734727934781508,1.4126393589967108,25,0
8.194461388917574,7.2525891206625905,5.095738114038598,25,0
12.714766007200378,7.2525891206625905,6.073404492992161,25,0
8.892175153325407,6.877960198158003,6.4563031571943315,25,0
6.8579366957242645,7.0756956513590055,5.095738114038598,25,0
11.085855570628919,7.734727934781508,3.9892173023827247,25,0
2.6016619626555064,5.338861157640845,2.8481483321854895,25,0
14.113137342569988,7.789940637956584,6.378261442952977,25,0
5.054273767810642,2.8481483321854895,6.4563031571943315,25,0
1.5225515079573384,6.378261442952977,4.925665878313168,25,1
6.316956032041635,5.666089699022111,6.378261442952977,25,0
8.684416728107914,3.001438289989158,6.341332278283061,25,0
4.363607180426158,8.854618500540633,6.230361462446051,25,0
5.203363659044066,1.4126393589967108,3.9892173023827247,25,0
6.359817817578426,1.4126393589967108,7.0756956513590055,25,0
8.257608236078047,2.775079434498549,6.378261442952977,25,0
5.974723303664241,3.9892173023827247,2.8481483321854895,25,0
9.529213350937894,6.378261442952977,8.379696220792706,25,0
5.974723303664241,2.8481483321854895,3.9892173023827247,25,0
13.363086580650531,7.734727934781508,7.2525891206625905,25,0
10.498381407789545,8.854618500540633,2.8481483321854895,25,0
4.463578954414499,7.299698073200883,4.925665878313168,25,0
9.891804135319735,3.9892173023827247,5.912217020257965,25,0
5.5202314383127895,7.734727934781508,5.912217020257965,25,0
13.128540889024121,5.912217020257965,7.2525891206625905,25,0
8.875024940737976,5.338861157640845,6.341332278283061,25,0
8.941655349763884,8.220196511493567,1.4126393589967108,25,0
9.210833704963413,2.775079434498549,6.877960198158003,25,0
4.565033302821101,6.230361462446051,6.4563031571943315,25,0
5.352384273922457,3.001438289989158,6.073404492992161,25,0
4.748462761680942,5.912217020257965,1.4126393589967108,25,1
2.6677531437378095,6.378261442952977,7.734727934781508,25,0
2.813836933043903,5.912217020257965,6.230361462446051,25,1
11.779487219085652,8.220196511493567,5.095738114038598,25,0
14.57533631824438,6.378261442952977,8.220196511493567,25,0
6.797223331054401,2.8481483321854895,5.666089699022111,25,0
13.63809321697905,8.854618500540633,7.789940637956584,25,0
3.768849777413809,4.925665878313168,7.734727934781508,25,0
13.316437406125607,6.230361462446051,7.2525891206625905,25,0
8.257608236078047,2.775079434498549,6.378261442952977,25,0
3.8374680765644418,8.854618500540633,5.666089699022111,25,1
8.465220595921355,8.379696220792706,6.4563031571943315,25,0
1.8148981305863,6.073404492992161,6.230361462446051,25,0
6.575695812874412,7.299698073200883,5.912217020257965,25,0
4.474339359357321,7.299698073200883,2.8481483321854895,25,0
2.8094889696318077,7.0756956513590055,7.734727934781508,25,0
4.271846316250779,7.0756956513590055,7.299698073200883,25,0
5.5625701916421875,7.2525891206625905,8.220196511493567,25,0
7.453901509933637,5.338861157640845,6.230361462446051,25,0
8.425995465329107,8.854618500540633,3.001438289989158,25,0
10.418388286645477,5.095738114038598,7.789940637956584,25,0
6.946081026481306,3.9892173023827247,3.001438289989158,25,0
5.745848241402998,7.0756956513590055,6.230361462446051,25,0
11.875082940346031,6.4563031571943315,6.341332278283061,25,0
8.542756798900388,5.338861157640845,6.073404492992161,25,0
2.887130915666733,6.378261442952977,5.338861157640845,25,0
4.67871851946753,6.877960198158003,6.230361462446051,25,0
11.875082940346031,6.341332278283061,6.4563031571943315,25,0
13.322249843817964,5.095738114038598,8.854618500540633,25,0
8.542756798900388,5.338861157640845,6.073404492992161,25,0
13.448448745280489,7.299698073200883,8.854618500540633,25,0
12.480068140170422,5.338861157640845,7.789940637956584,25,0
10.405344988867334,6.4563031571943315,3.9892173023827247,25,0
10.757140199350765,8.220196511493567,2.8481483321854895,25,0
11.506014068016817,5.666089699022111,8.220196511493567,25,0
8.257608236078047,2.775079434498549,6.378261442952977,25,0
7.421294613693074,6.877960198158003,1.1469625932548222,25,0
13.752474410309249,7.0756956513590055,7.2525891206625905,25,0
3.9005308522303146,8.379696220792706,6.230361462446051,25,0
7.421294613693074,6.877960198158003,1.1469625932548222,25,0
6.185116190924776,2.775079434498549,7.789940637956584,25,0
9.74696662858951,6.378261442952977,6.877960198158003,25,0
4.630911843388163,5.666089699022111,3.001438289989158,25,0
8.194461388917574,7.2525891206625905,5.095738114038598,25,0
7.058450403297598,5.912217020257965,1.1469625932548222,25,0
12.125900930688829,7.2525891206625905,7.299698073200883,25,0
8.684416728107914,6.341332278283061,3.001438289989158,25,0
4.731009878406226,6.230361462446051,4.925665878313168,25,0
15.862875107027156,8.220196511493567,7.734727934781508,25,0
14.832113742519859,7.789940637956584,7.0756956513590055,25,0
6.8579366957242645,5.095738114038598,7.0756956513590055,25,0
7.512976402962841,1.4126393589967108,7.734727934781508,25,0
3.881594508209279,6.378261442952977,7.299698073200883,25,0
9.2081066146609,3.9892173023827247,6.073404492992161,25,0
12.223070815824514,6.877960198158003,7.734727934781508,25,0
13.363086580650531,7.734727934781508,7.2525891206625905,25,0
3.8374680765644418,5.666089699022111,8.854618500540633,25,1
3.6136890374547077,6.877960198158003,5.666089699022111,25,0
4.263766185068877,5.666089699022111,1.4126393589967108,25,0
2.3580929937530395,8.220196511493567,7.789940637956584,25,1
2.772282139417935,6.877960198158003,8.854618500540633,25,0
12.430940356829685,6.877960198158003,6.341332278283061,25,0
12.821485525803904,5.095738114038598,8.379696220792706,25,0
13.565694324844323,5.912217020257965,7.789940637956584,25,0
8.51000179873203,4.925665878313168,8.379696220792706,25,0
4.764928164151314,2.775079434498549,7.2525891206625905,25,1
1.8148981305863,6.073404492992161,6.230361462446051,25,0
12.415851453772383,8.854618500540633,8.220196511493567,25,0
3.338552310397895,8.379696220792706,5.666089699022111,25,1
12.430940356829685,6.341332278283061,6.877960198158003,25,0
7.313339025445692,8.220196511493567,1.1469625932548222,25,0
8.538223569091084,5.338861157640845,3.9892173023827247,25,0
13.63809321697905,8.854618500540633,7.789940637956584,25,0
3.8548836456696445,7.734727934781508,6.4563031571943315,25,0
7.92261333620417,7.299698073200883,1.1469625932548222,25,0
3.6277640719841435,5.912217020257965,5.666089699022111,25,0
3.338552310397895,8.379696220792706,5.666089699022111,25,1
2.6677531437378095,6.378261442952977,7.734727934781508,25,0
6.714359852869481,8.379696220792706,5.912217020257965,25,0
4.474339359357321,7.299698073200883,2.8481483321854895,25,0
14.831616164282446,6.341332278283061,8.854618500540633,25,0
1.5225515079573384,4.925665878313168,6.378261442952977,25,1
8.257608236078047,6.378261442952977,2.775079434498549,25,0
3.2022332428180693,5.912217020257965,3.001438289989158,25,1
13.058407946310586,7.789940637956584,6.230361462446051,25,0
6.714359852869481,8.379696220792706,5.912217020257965,25,0
2.3580929937530395,8.220196511493567,7.789940637956584,25,1
4.748462761680942,5.912217020257965,1.4126393589967108,25,1
2.5308871747844846,8.379696220792706,6.877960198158003,25,0
13.359065617014124,8.97410081485345,5.786357658143764,22,0
14.661077433507606,5.922375265529495,10.012702923447785,22,0
10.059104979900983,3.0370342016678884,7.164745353252128,22,0
8.608896518766619,3.0370342016678884,8.97410081485345,22,0
11.787870673265928,5.59991620720273,6.2106784366259085,22,0
7.620366408377947,3.7987336855159772,6.2953769577628425,22,0
10.124332698977547,5.922375265529495,6.45141758368248,22,0
1.9684373448290506,5.786357658143764,6.45141758368248,22,0
13.29670210153195,6.2953769577628425,9.559260753227022,22,0
6.267789930184122,3.7987336855159772,5.233711942379725,22,0
4.4938917082359655,5.6559461811138565,6.738640325399582,22,1
13.196364032851534,10.012702923447785,5.534241646918743,22,0
4.297684647858015,6.738640325399582,8.26668427210256,22,0
10.005107944306276,8.97410081485345,7.3050862747563015,22,0
9.117566942661332,1.4961982350605965,9.559260753227022,22,0
14.347531366241906,9.559260753227022,5.786357658143764,22,0
3.1202819580087304,9.559260753227022,6.738640325399582,22,0
12.25126197310904,10.012702923447785,5.233711942379725,22,0
4.622311791455967,5.534241646918743,1.4961982350605965,22,0
3.486402478884402,5.233711942379725,2.1208324916345638,22,0
10.747358352989604,6.875440409801825,8.26668427210256,22,0
1.4891187068740819,6.2953769577628425,5.509229214986067,22,1
12.121091537769244,10.012702923447785,5.509229214986067,22,0
6.967098260539811,5.59991620720273,1.4961982350605965,22,0
3.144797859692548,6.875440409801825,5.59991620720273,22,1
4.056084884840574,10.012702923447785,8.26668427210256,22,1
7.862053293694863,6.2106784366259085,6.2953769577628425,22,0
9.378304157959388,5.59991620720273,6.45141758368248,22,0
14.201464464246564,10.012702923447785,6.875440409801825,22,0
10.059104979900983,3.0370342016678884,7.164745353252128,22,0
5.897612064946876,5.6559461811138565,5.534241646918743,22,0
3.807279358224662,7.3050862747563015,5.534241646918743,22,0
5.576290289049711,5.59991620720273,3.0370342016678884,22,1
11.920625326812084,6.875440409801825,5.509229214986067,22,0
6.103169736345772,6.738640325399582,1.4961982350605965,22,0
6.567179759741475,5.233711942379725,6.2106784366259085,22,0
6.591987071494198,3.0370342016678884,6.738640325399582,22,0
2.539066937829956,5.509229214986067,7.3050862747563015,22,1
7.081462555129508,3.7987336855159772,5.534241646918743,22,0
13.90001551069718,6.45141758368248,8.26668427210256,22,0
12.121091537769244,10.012702923447785,5.509229214986067,22,0
7.570704493302909,5.534241646918743,6.2106784366259085,22,0
8.608896518766619,3.0370342016678884,8.97410081485345,22,0
8.701205688643041,3.0370342016678884,9.559260753227022,22,0
5.841668430734778,3.7987336855159772,8.26668427210256,22,1
6.103169736345772,1.4961982350605965,6.738640325399582,22,0
6.5694756559245615,2.1208324916345638,5.922375265529495,22,0
13.591154794281598,10.012702923447785,6.2953769577628425,22,0
1.4891187068740819,6.2953769577628425,5.509229214986067,22,1
8.505961264277618,8.26668427210256,5.6559461811138565,22,0
12.017254997491257,6.875440409801825,6.45141758368248,22,0
4.4938917082359655,6.738640325399582,5.6559461811138565,22,1
6.74569021380205,1.4961982350605965,7.164745353252128,22,0
5.293686742705723,6.875440409801825,3.0370342016678884,22,1
7.331282214361863,3.0370342016678884,6.2106784366259085,22,0
9.592357491528695,3.7987336855159772,7.164745353252128,22,0
14.661077433507606,5.922375265529495,10.012702923447785,22,0
8.716190611126283,7.164745353252128,5.59991620720273,22,0
2.9934870126355704,5.233711942379725,7.3050862747563015,22,0
8.954678878007236,5.59991620720273,5.534241646918743,22,0
3.4691191273219073,10.012702923447785,6.738640325399582,22,0
13.90001551069718,8.26668427210256,6.45141758368248,22,0
11.888899813536227,8.26668427210256,5.59991620720273,22,0
12.213946840380618,6.2953769577628425,6.875440409801825,22,0
12.106952188740031,8.26668427210256,5.509229214986067,22,0
13.927138083018592,6.45141758368248,9.559260753227022,22,0
11.482058407226258,10.012702923447785,2.1208324916345638,22,0
5.868621418588371,6.2106784366259085,10.012702923447785,22,0
12.404986942988852,7.3050862747563015,8.26668427210256,22,0
14.746276161169115,10.012702923447785,5.59991620720273,22,0
9.762416518207518,5.534241646918743,6.738640325399582,22,0
4.254880765118302,5.509229214986067,7.164745353252128,22,0
2.002543981175068,6.45141758368248,5.233711942379725,22,0
6.5694756559245615,5.922375265529495,2.1208324916345638,22,0
2.9934870126355704,7.3050862747563015,5.233711942379725,22,0
0.5232982811966711,9.559260753227022,10.012702923447785,22,1
6.13126282377219,5.6559461811138565,6.2953769577628425,22,0
8.716190611126283,7.164745353252128,5.59991620720273,22,0
7.428499269214092,9.559260753227022,5.6559461811138565,22,0
7.484328700992208,5.6559461811138565,3.0370342016678884,22,0
5.724772661955493,7.3050862747563015,6.2106784366259085,22,0
9.731798239702204,3.7987336855159772,6.875440409801825,22,0
8.068847565496462,6.875440409801825,2.1208324916345638,22,0
8.74106626012493,5.509229214986067,6.738640325399582,22,0
4.056084884840574,8.26668427210256,10.012702923447785,22,1
6.267789930184122,3.7987336855159772,5.233711942379725,22,0
3.9927733304898534,5.6559461811138565,7.3050862747563015,22,0
12.78643209260453,8.97410081485345,6.45141758368248,22,0
4.311480238486922,6.45141758368248,7.3050862747563015,22,1
6.567179759741475,5.233711942379725,6.2106784366259085,22,0
11.863390065890338,5.59991620720273,6.738640325399582,22,0
12.435944824779842,7.164745353252128,6.738640325399582,22,0
4.872765999126979,5.6559461811138565,5.233711942379725,22,0
14.149179629192338,5.922375265529495,9.559260753227022,22,0
9.695041720029732,5.59991620720273,5.509229214986067,22,0
13.819625644952247,5.786357658143764,8.26668427210256,22,0
11.628364920279102,5.922375265529495,8.26668427210256,22,0
6.414385600743069,7.3050862747563015,7.164745353252128,22,0
3.1894553703090556,5.786357658143764,5.233711942379725,22,1
13.42883240532286,8.26668427210256,6.2953769577628425,22,0
8.068847565496462,6.875440409801825,2.1208324916345638,22,0
7.352311352283563,1.4961982350605965,5.922375265529495,22,0
0.7925563266947722,6.2953769577628425,5.534241646918743,22,0
12.030725067311558,5.922375265529495,6.2106784366259085,22,0
7.862053293694863,6.2106784366259085,6.2953769577628425,22,0
6.073133950585604,7.3050862747563015,2.1208324916345638,22,0
8.56920949138015,6.45141758368248,6.2106784366259085,22,0
2.002543981175068,6.45141758368248,5.233711942379725,22,0
12.845131925766355,8.26668427210256,5.534241646918743,22,0
5.723651559822362,10.025315770099157,8.747654739245887,19,1
7.878876390472474,6.032444797058113,5.617966549318961,19,0
7.4443472928530765,7.021786100104331,8.747654739245887,19,0
3.4875978865978268,8.635123238348784,10.056789720387194,19,1
7.401948226141835,4.476937707942839,11.057772862767555,19,0
2.190232627310228,5.632038443534403,6.032444797058113,19,1
5.0874110390381055,7.706627649083076,6.068345889988338,19,0
7.13965766690896,3.940724645822015,11.057772862767555,19,1
3.464572405414034,4.165697510014503,7.021786100104331,19,0
8.894794369455285,6.068345889988338,7.944893520276533,19,0
14.131406496056409,5.632038443534403,8.747654739245887,19,0
16.35835953460383,8.747654739245887,7.944893520276533,19,0
14.131406496056409,5.632038443534403,8.747654739245887,19,0
8.85071981525805,0.7440323155497137,8.747654739245887,19,0
2.9241419446652404,6.068345889988338,7.021786100104331,19,1
10.8488842860005,7.021786100104331,3.940724645822015,19,0
10.8488842860005,7.021786100104331,3.940724645822015,19,0
18.187971241590606,11.057772862767555,8.635123238348784,19,0
8.31812987041118,7.706627649083076,0.7440323155497137,19,0
6.7285937801113915,4.476937707942839,5.632038443534403,19,0
5.723651559822362,10.025315770099157,8.747654739245887,19,1
0.4252512526001824,10.056789720387194,10.025315770099157,19,1
13.33648270374391,9.132362494361905,4.476937707942839,19,0
5.884297937724446,5.632038443534403,0.7440323155497137,19,0
11.064063898906642,6.068345889988338,5.617966549318961,19,0
15.006828949407268,7.706627649083076,8.635123238348784,19,0
8.330980934435411,4.476937707942839,6.032444797058113,19,0
2.793768706883684,8.635123238348784,6.110907553673637,19,0
15.729330701139961,9.132362494361905,6.893929004971558,19,0
5.809408986789625,6.032444797058113,6.068345889988338,19,0
12.513852710126988,7.706627649083076,6.893929004971558,19,0
6.66694463639365,3.940724645822015,6.032444797058113,19,0
12.109982264798493,10.056789720387194,6.893929004971558,19,0
2.793768706883684,6.110907553673637,8.635123238348784,19,0
17.331256844534717,10.025315770099157,7.706627649083076,19,0
10.729745659866738,6.068345889988338,8.635123238348784,19,0
10.807397057515974,8.635123238348784,4.476937707942839,19,0
7.878876390472474,5.617966549318961,6.032444797058113,19,0
11.171991556601576,6.110907553673637,6.893929004971558,19,0
3.4875978865978268,8.635123238348784,10.056789720387194,19,1
14.165175317233157,6.032444797058113,8.635123238348784,19,0
15.006828949407268,7.706627649083076,8.635123238348784,19,0
10.729745659866738,8.635123238348784,6.068345889988338,19,0
4.879184243675636,7.706627649083076,7.944893520276533,19,1
7.678610065844767,7.021786100104331,0.7440323155497137,19,0
10.676057020345986,4.476937707942839,7.706627649083076,19,0
5.415726530312643,6.032444797058113,4.165697510014503,19,0
6.493700175270363,9.132362494361905,4.165697510014503,19,0
9.385404871579137,3.940724645822015,6.068345889988338,19,0
2.316713055865085,5.632038443534403,7.944893520276533,19,1
10.941095200920447,6.893929004971558,4.165697510014503,19,0
2.2127576300349197,6.893929004971558,5.617966549318961,19,1
11.140059138902942,9.132362494361905,10.025315770099157,19,0
10.837795641036633,5.617966549318961,6.110907553673637,19,0
13.848317160884193,6.110907553673637,7.944893520276533,19,0
14.854990901432549,9.132362494361905,7.944893520276533,19,0
15.567330316677747,5.632038443534403,10.025315770099157,19,0
2.316713055865085,5.632038443534403,7.944893520276533,19,1
12.58056822926953,10.025315770099157,5.617966549318961,19,0
9.364951554610633,4.165697510014503,5.617966549318961,19,0
13.781259403557955,6.032444797058113,8.747654739245887,19,0
9.644530550320514,9.132362494361905,0.7440323155497137,19,0
1.9053591731340116,8.747654739245887,8.635123238348784,19,1
8.1986678750063,7.944893520276533,0.7440323155497137,19,0
17.943925018078108,7.944893520276533,10.056789720387194,19,0
11.833439755908714,9.132362494361905,6.032444797058113,19,0
12.748387240201438,6.068345889988338,6.893929004971558,19,0
11.36479016867066,7.706627649083076,9.132362494361905,19,0
3.4721265209808685,0.7440323155497137,3.940724645822015,19,0
7.401948226141835,11.057772862767555,4.476937707942839,19,0
9.027006051977846,4.476937707942839,6.110907553673637,19,0
8.145625373703433,5.632038443534403,6.893929004971558,19,0
15.006828949407268,8.635123238348784,7.706627649083076,19,0
12.748923093159847,5.617966549318961,8.635123238348784,19,0
12.208850190169613,7.021786100104331,10.025315770099157,19,0
11.611553728232561,4.476937707942839,8.747654739245887,19,0
5.871721866413766,6.110907553673637,9.132362494361905,19,1
8.330980934435411,6.032444797058113,4.476937707942839,19,0
9.727227406135395,6.893929004971558,7.944893520276533,19,0
5.415726530312643,6.032444797058113,4.165697510014503,19,0
16.021084324705598,6.032444797058113,10.056789720387194,19,0
14.165175317233157,6.032444797058113,8.635123238348784,19,0
9.079150724587588,7.706627649083076,3.940724645822015,19,0
2.0012671903587402,4.476937707942839,5.617966549318961,19,0
7.5360158235279835,5.617966549318961,7.944893520276533,19,0
8.00850916210771,7.706627649083076,7.021786100104331,19,0
5.415726530312643,6.032444797058113,4.165697510014503,19,0
6.430438446615959,6.110907553673637,7.021786100104331,19,1
15.729330701139961,6.893929004971558,9.132362494361905,19,0
12.748923093159847,5.617966549318961,8.635123238348784,19,0
8.330980934435411,6.032444797058113,4.476937707942839,19,0
20.18140399730809,11.057772862767555,9.132362494361905,19,0
13.781259403557955,8.747654739245887,6.032444797058113,19,0
2.543460802941101,7.706627649083076,6.032444797058113,19,1
5.3705758473076575,8.747654739245887,10.056789720387194,19,1
11.824636452794705,3.940724645822015,10.025315770099157,19,0
5.58404865499413,7.706627649083076,4.165697510014503,19,0
4.902754835723677,4.165697510014503,0.7440323155497137,19,1
10.792262298181774,10.056789720387194,4.476937707942839,19,0
14.131406496056409,8.747654739245887,5.632038443534403,19,0
12.58056822926953,10.025315770099157,5.617966549318961,19,0
8.72624807724028,8.747654739245887,4.165697510014503,19,0
12.58056822926953,10.025315770099157,5.617966549318961,19,0
10.379269625698333,5.617966549318961,7.706627649083076,19,0
7.678610065844767,7.021786100104331,0.7440323155497137,19,0
10.586527307341404,4.476937707942839,10.025315770099157,19,0
13.671279101243966,6.893929004971558,8.747654739245887,19,0
17.27984131256354,10.056789720387194,7.706627649083076,19,0
8.145625373703433,5.632038443534403,6.893929004971558,19,0
13.072087981585762,3.940724645822015,9.132362494361905,19,0
14.131406496056409,8.747654739245887,5.632038443534403,19,0
14.222415799434717,8.635123238348784,5.632038443534403,19,0
10.941095200920447,6.893929004971558,4.165697510014503,19,0
15.853294827299942,11.057772862767555,6.068345889988338,19,0
7.13965766690896,3.940724645822015,11.057772862767555,19,1
7.6627425775684035,3.940724645822015,4.165697510014503,19,0
5.349920292869316,7.276631409881483,2.676267365600707,31,0
6.37576593773115,2.265400263937742,4.138284408924599,31,0
9.693063697423392,3.7164090793393525,7.276631409881483,31,0
9.769721442828013,4.89431385452516,4.906400560251239,31,0
6.8650345984590775,2.669810911722865,5.109066228456157,31,0
13.178881167908978,8.252538255159738,4.928630872637446,31,0
2.9403149981166736,3.7164090793393525,2.265400263937742,31,1
7.780015573592787,9.17518782127812,2.676267365600707,31,0
9.287977819028088,4.89431385452516,4.46861884189561,31,0
4.083094368177817,8.081312793991763,8.252538255159738,31,0
14.580140788598277,8.252538255159738,7.331407312937065,31,0
9.5783246755661,8.197541505747846,4.906400560251239,31,0
8.83494319728391,9.915528074513634,6.732736587585207,31,0
12.60008433480757,7.331407312937065,5.559969670494097,31,0
3.6493765933020783,7.276631409881483,7.615798678418718,31,0
10.29360996080914,6.718953606849251,7.331407312937065,31,0
9.637158031273499,7.615798678418718,5.109066228456157,31,0
7.6215235290944126,2.265400263937742,9.274540389186066,31,0
7.140392149774036,4.89431385452516,8.252538255159738,31,0
8.64229159525083,6.732736587585207,4.928630872637446,31,0
11.197669406978092,4.89431385452516,9.274540389186066,31,0
3.096690561256444,6.6241741848871305,4.46861884189561,31,1
6.82350069950271,9.51191604476353,8.081312793991763,31,0
9.885503531570018,8.713958264706598,5.109066228456157,31,0
12.389288971173722,9.274540389186066,8.713958264706598,31,0
13.150612757558466,9.17518782127812,9.274540389186066,31,0
9.661666583220782,5.282067734858193,4.46861884189561,31,0
10.729830130531163,4.200987082126686,7.615798678418718,31,0
17.685469247462343,9.51191604476353,8.197541505747846,31,0
5.432517798887637,2.676267365600707,7.331407312937065,31,1
2.0724030592932383,7.276631409881483,5.282067734858193,31,1
16.430917004630178,9.51191604476353,7.331407312937065,31,0
7.037290458115113,4.265054371154236,8.252538255159738,31,0
5.598451454054599,6.718953606849251,4.928630872637446,31,0
10.622907194408091,4.46861884189561,9.274540389186066,31,0
0.6147135253298305,4.265054371154236,3.7164090793393525,31,1
17.11804025043542,7.331407312937065,9.915528074513634,31,0
7.729101900313548,6.54974497730919,9.274540389186066,31,0
8.626788223535009,9.915528074513634,8.081312793991763,31,0
4.899823177685645,8.081312793991763,7.276631409881483,31,0
13.905982747633455,6.718953606849251,7.276631409881483,31,0
11.593586691273106,4.89431385452516,6.718953606849251,31,0
7.140392149774036,8.252538255159738,4.89431385452516,31,0
0.92199032861081,6.732736587585207,6.54974497730919,31,0
12.141968635389837,8.713958264706598,4.200987082126686,31,0
2.978211911810868,6.732736587585207,4.906400560251239,31,0
3.7157338650532115,2.676267365600707,5.282067734858193,31,0
4.589519208916561,2.669810911722865,7.2322992965690185,31,0
12.57321440809702,9.17518782127812,4.138284408924599,31,0
7.24830662792337,4.89431385452516,3.7164090793393525,31,0
15.672361366568266,7.2322992965690185,8.713958264706598,31,0
11.541564650972989,7.331407312937065,9.17518782127812,31,0
12.594044728608711,9.915528074513634,7.276631409881483,31,0
2.2680318051466575,4.906400560251239,2.669810911722865,31,0
13.718626918521815,6.6241741848871305,9.274540389186066,31,0
14.971985584602287,6.6241741848871305,8.713958264706598,31,0
12.54379336191646,8.197541505747846,6.732736587585207,31,0
1.2508836863374773,8.081312793991763,7.615798678418718,31,1
7.00335369027964,4.265054371154236,9.51191604476353,31,0
12.747738444471654,7.615798678418718,6.732736587585207,31,0
17.685469247462343,9.51191604476353,8.197541505747846,31,0
12.971302504137688,8.081312793991763,6.54974497730919,31,0
13.382232807269675,4.138284408924599,9.51191604476353,31,0
7.4738809589057915,6.732736587585207,4.138284408924599,31,0
9.18799475452951,5.282067734858193,4.200987082126686,31,0
12.999799622217555,7.615798678418718,6.54974497730919,31,0
6.099096574485537,7.2322992965690185,3.7164090793393525,31,0
3.779828084450272,4.928630872637446,4.46861884189561,31,1
7.282073283522194,8.252538255159738,5.282067734858193,31,0
12.999799622217555,7.615798678418718,6.54974497730919,31,0
10.657316576291512,8.713958264706598,4.265054371154236,31,0
6.84759490528228,5.109066228456157,4.46861884189561,31,0
12.875812977472876,6.6241741848871305,7.276631409881483,31,0
15.672361366568266,7.2322992965690185,8.713958264706598,31,0
2.8825820494018504,4.928630872637446,6.6241741848871305,31,1
7.17385496057674,5.109066228456157,7.276631409881483,31,0
11.521406292787532,6.6241741848871305,5.559969670494097,31,0
5.32320657039848,4.46861884189561,3.7164090793393525,31,0
3.6059799199699656,6.718953606849251,6.6241741848871305,31,0
12.389288971173722,8.713958264706598,9.274540389186066,31,0
4.40413613852236,9.17518782127812,4.89431385452516,31,0
9.812428592751997,6.732736587585207,9.51191604476353,31,0
7.855680312527404,4.265054371154236,4.89431385452516,31,0
12.63425871403421,8.081312793991763,6.732736587585207,31,0
2.072292131655618,7.2322992965690185,6.54974497730919,31,1
14.461695488285578,8.713958264706598,6.54974497730919,31,0
4.203666094680559,4.46861884189561,6.54974497730919,31,0
11.578266322911462,6.54974497730919,5.282067734858193,31,0
11.756688198647627,3.126785607583283,9.51191604476353,31,0
8.626788223535009,8.081312793991763,9.915528074513634,31,0
2.978211911810868,6.732736587585207,4.906400560251239,31,0
10.322166034531367,5.109066228456157,5.559969670494097,31,0
11.251691615130197,4.200987082126686,7.276631409881483,31,0
11.03561148922518,4.906400560251239,8.252538255159738,31,0
9.459602855015731,5.559969670494097,4.138284408924599,31,0
1.9791465590991286,9.51191604476353,9.915528074513634,31,1
14.159276922493119,9.51191604476353,5.109066228456157,31,0
4.35531579391014,2.669810911722865,6.718953606849251,31,0
12.355770918073233,5.109066228456157,8.252538255159738,31,0
14.531351476617631,9.915528074513634,4.928630872637446,31,0
10.759382333645249,9.17518782127812,3.7164090793393525,31,0
7.504431451295409,4.89431385452516,2.669810911722865,31,0
12.54379336191646,6.732736587585207,8.197541505747846,31,0
12.355770918073233,8.252538255159738,5.109066228456157,31,0
8.711197199259987,6.718953606849251,2.676267365600707,31,0
10.793732300405377,4.200987082126686,8.081312793991763,31,0
6.843667321128499,2.676267365600707,4.265054371154236,31,0
9.574872238301682,2.676267365600707,7.2322992965690185,31,0
5.674271937836802,4.138284408924599,7.331407312937065,31,0
7.780015573592787,2.676267365600707,9.17518782127812,31,0
3.4151702658763616,2.265400263937742,5.559969670494097,31,1
12.266163618039107,4.906400560251239,8.081312793991763,31,0
8.339047034162533,4.46861884189561,7.331407312937065,31,0
6.82350069950271,8.081312793991763,9.51191604476353,31,0
14.208208296025523,7.615798678418718,6.718953606849251,31,0
4.248765117561829,4.892164284026512,1.6668047193343332,32,0
9.564789858228918,6.083267308800429,6.572297213132854,32,0
9.49782831096168,6.083267308800429,6.033642333141679,32,0
3.479270103450394,5.728689548935613,3.677433549298957,32,0
7.1695227222755085,9.10738733121273,2.208526702631144,32,0
10.18842414938229,5.971299393570201,6.743222858025673,32,0
10.049673759579225,9.314267152541163,3.8691403942791793,32,0
7.9883190096157275,6.03723881146262,2.8229299993788923,32,0
11.143601216397062,6.083267308800429,5.728689548935613,32,0
3.6063555565880203,9.10738733121273,6.083267308800429,32,1
13.310164952763435,5.926395968660903,9.929566599015011,32,0
12.327262407394743,8.123702444513183,9.10738733121273,32,0
7.5072766690671475,2.6730399565161393,5.926395968660903,32,0
11.295915221786139,5.888402166562383,9.314267152541163,32,0
5.474035919339465,5.207247685525561,3.8691403942791793,32,0
6.448180401126141,4.892164284026512,5.888402166562383,32,0
3.6689275573223465,2.208526702631144,3.8691403942791793,32,0
6.6854077200136075,3.3471160973084673,8.123702444513183,32,0
12.888490391810508,5.888402166562383,7.2621223723093005,32,0
2.2373311920279724,3.837351933074405,1.6668047193343332,32,1
14.925754910217579,5.926395968660903,10.125652755439571,32,0
11.240638534931055,5.971299393570201,5.728689548935613,32,0
15.22087189594918,6.083267308800429,9.314267152541163,32,0
13.702661573462938,5.207247685525561,10.125652755439571,32,0
7.599864432216321,3.837351933074405,9.929566599015011,32,0
10.986873072374905,5.449023631829678,6.033642333141679,32,0
10.807183178945094,6.743222858025673,9.929566599015011,32,0
12.294913969340099,7.2621223723093005,6.083267308800429,32,0
4.544594566572305,2.6730399565161393,1.8868925822834897,32,0
15.921310002664244,8.058922722192483,8.63632035410159,32,0
7.449721692701811,8.058922722192483,2.8229299993788923,32,0
3.327116685798834,9.10738733121273,5.971299393570201,32,1
9.17395594948397,6.572297213132854,2.8229299993788923,32,0
4.97400612076278,3.837351933074405,2.208526702631144,32,0
6.97626616301243,6.03723881146262,8.058922722192483,32,0
13.310164952763435,5.926395968660903,9.929566599015011,32,0
11.526324057925576,6.03723881146262,5.728689548935613,32,0
10.009888969157895,10.125652755439571,1.8868925822834897,32,0
1.2728853637165385,9.314267152541163,9.929566599015011,32,1
4.148953327248475,2.8229299993788923,5.888402166562383,32,1
3.2590286447636316,3.8691403942791793,6.614141322005562,32,0
7.1936193109544115,4.892164284026512,3.8691403942791793,32,0
5.0050909376144475,5.207247685525561,2.8229299993788923,32,0
7.577264986466874,5.728689548935613,1.8868925822834897,32,0
6.346566191873127,2.8229299993788923,3.8691403942791793,32,0
1.2231187383207076,2.6730399565161393,3.677433549298957,32,0
11.437031471381207,8.123702444513183,6.083267308800429,32,0
2.2373311920279724,1.6668047193343332,3.837351933074405,32,1
8.923396791483988,7.2621223723093005,9.314267152541163,32,0
11.385789784260139,9.314267152541163,2.208526702631144,32,0
15.104701074249986,9.314267152541163,8.058922722192483,32,0
8.480866343796038,5.888402166562383,3.3471160973084673,32,0
4.259128557034898,8.123702444513183,3.8691403942791793,32,0
10.689721709350904,5.499127248689766,5.449023631829678,32,0
7.752230823314059,5.971299393570201,3.8691403942791793,32,0
8.21420791889902,9.10738733121273,8.058922722192483,32,0
8.825370237009423,7.2621223723093005,5.728689548935613,32,0
9.035622184968728,3.8691403942791793,5.449023631829678,32,0
11.023549625014036,6.382114335039876,9.929566599015011,32,0
5.419641367113499,7.2621223723093005,6.614141322005562,32,0
7.502337246022357,1.6668047193343332,5.971299393570201,32,0
12.26777134785132,6.572297213132854,9.314267152541163,32,0
3.6063555565880203,6.083267308800429,9.10738733121273,32,1
7.502337246022357,1.6668047193343332,5.971299393570201,32,0
3.1578973806484036,3.3471160973084673,3.8691403942791793,32,0
5.781617344716974,5.499127248689766,9.929566599015011,32,0
12.047342304749733,9.10738733121273,3.837351933074405,32,0
14.515588029150923,8.63632035410159,5.971299393570201,32,0
7.502337246022357,5.971299393570201,1.6668047193343332,32,0
7.828912749927154,6.614141322005562,3.677433549298957,32,0
14.409164363926427,6.03723881146262,8.63632035410159,32,0
10.446673746998197,4.892164284026512,6.614141322005562,32,0
4.148953327248475,5.888402166562383,2.8229299993788923,32,1
9.759350964658594,8.058922722192483,2.6730399565161393,32,0
12.222255591729557,6.382114335039876,5.926395968660903,32,0
11.210492269500058,5.728689548935613,6.614141322005562,32,0
10.185606556854689,8.123702444513183,6.03723881146262,32,0
7.315997485695044,6.614141322005562,5.499127248689766,32,0
14.515588029150923,8.63632035410159,5.971299393570201,32,0
12.38171745464901,5.888402166562383,9.929566599015011,32,0
10.18842414938229,6.743222858025673,5.971299393570201,32,0
1.97911069000284,2.6730399565161393,3.3471160973084673,32,0
14.861192104981795,10.125652755439571,5.499127248689766,32,0
2.623357573987512,2.6730399565161393,4.892164284026512,32,1
14.000820453896193,5.888402166562383,8.123702444513183,32,0
11.18244424161233,10.125652755439571,9.10738733121273,32,0
9.644655519102345,3.677433549298957,5.971299393570201,32,0
3.479270103450394,5.728689548935613,3.677433549298957,32,0
6.031388766703503,5.971299393570201,8.058922722192483,32,0
11.152240281747918,6.03723881146262,5.207247685525561,32,0
1.7198765352622736,6.572297213132854,6.743222858025673,32,0
11.588745776141886,5.728689548935613,8.123702444513183,32,0
15.921310002664244,8.058922722192483,8.63632035410159,32,0
6.967545697711446,5.207247685525561,1.8868925822834897,32,0
10.640496084467328,5.728689548935613,8.058922722192483,32,0
10.942249572802531,4.892164284026512,10.125652755439571,32,0
6.298930046459815,6.614141322005562,1.6668047193343332,32,0
5.532763946515119,5.728689548935613,9.929566599015011,32,0
8.483265636455636,2.8229299993788923,8.63632035410159,32,0
6.249611950267686,8.63632035410159,2.6730399565161393,32,0
5.470038334241349,3.677433549298957,1.8868925822834897,32,0
5.023346372597608,2.8229299993788923,5.449023631829678,32,0
11.385789784260139,2.208526702631144,9.314267152541163,32,0
13.310625038902337,6.614141322005562,8.058922722192483,32,0
15.22087189594918,9.314267152541163,6.083267308800429,32,0
8.326657080268877,6.572297213132854,6.03723881146262,32,0
15.310048847653462,7.2621223723093005,8.058922722192483,32,0
8.901037412333388,7.2621223723093005,2.8229299993788923,32,0
4.60677405498162,3.8691403942791793,2.6730399565161393,32,0
10.75301960062558,6.033642333141679,9.10738733121273,32,0
3.7250574490572954,5.926395968660903,6.743222858025673,32,0
4.483075809596724,7.2621223723093005,3.3471160973084673,32,0
5.776208533868686,6.382114335039876,8.058922722192483,32,0
6.496701557415295,3.677433549298957,6.743222858025673,32,0
4.471707441520376,5.499127248689766,3.8691403942791793,32,0
9.105650938968488,5.207247685525561,5.888402166562383,32,0
14.925754910217579,10.125652755439571,5.926395968660903,32,0
7.067269462868124,8.934947469303433,7.344389121564008,18,0
6.478518482593927,8.848121012402874,10.819453164804573,18,0
18.024643059685438,7.344389121564008,10.910729427280803,18,0
4.293421503404601,8.934947469303433,8.328057073928367,18,1
7.749371799371982,4.998455505812965,8.002562857089611,18,0
8.553529325362028,8.848121012402874,8.328057073928367,18,1
5.993986542995513,4.149159884253013,2.667716982895179,18,0
9.777311511726781,9.0785473091145,10.910729427280803,18,0
7.086647818164732,4.998455505812965,7.344389121564008,18,0
14.89109512368598,6.39812441570272,9.0785473091145,18,0
5.410925251655164,4.605831607856728,4.149159884253013,18,0
10.840021038574756,2.667716982895179,10.910729427280803,18,0
5.663952221015924,10.819453164804573,6.39812441570272,18,1
7.23634582925358,8.848121012402874,3.9462282736358887,18,1
7.23634582925358,3.9462282736358887,8.848121012402874,18,1
10.52992792600543,4.149159884253013,8.848121012402874,18,0
8.0506869389598,6.39854853410509,2.667716982895179,18,0
11.516775474884152,10.910729427280803,3.9462282736358887,18,0
3.2951632586262045,3.0134227860848295,5.477223840287176,18,1
8.553529325362028,8.848121012402874,8.328057073928367,18,1
6.664717815954652,3.0134227860848295,7.344389121564008,18,0
16.450366488586365,8.848121012402874,8.002562857089611,18,0
17.532043471533626,9.0785473091145,10.819453164804573,18,0
3.874721429185124,4.998455505812965,2.667716982895179,18,0
13.521595200795929,8.328057073928367,6.9782076118292995,18,0
7.076718589619829,5.477223840287176,8.848121012402874,18,0
9.3624984827849,6.39854853410509,8.934947469303433,18,0
17.927579669697614,8.934947469303433,9.0785473091145,18,0
7.23634582925358,8.848121012402874,3.9462282736358887,18,1
9.124068972007127,4.149159884253013,4.998455505812965,18,0
8.833276251382394,9.0785473091145,3.0134227860848295,18,0
15.46078950703798,6.9782076118292995,8.934947469303433,18,0
17.927579669697614,9.0785473091145,8.934947469303433,18,0
1.3197742441833853,9.0785473091145,8.002562857089611,18,1
14.042630868009267,6.9782076118292995,7.344389121564008,18,0
11.516775474884152,10.910729427280803,3.9462282736358887,18,0
8.187858842315649,10.910729427280803,4.149159884253013,18,1
13.452513851593729,4.605831607856728,8.848121012402874,18,0
2.4292153850628084,4.605831607856728,6.9782076118292995,18,0
3.017555816134304,4.998455505812965,5.477223840287176,18,1
11.609441425348752,6.39854853410509,9.0785473091145,18,0
4.41569714378005,10.819453164804573,7.344389121564008,18,1
13.655734729872924,8.002562857089611,6.39812441570272,18,0
5.230416084377376,2.667716982895179,6.9782076118292995,18,0
11.60218853898212,8.328057073928367,5.477223840287176,18,0
11.536582657133094,10.819453164804573,3.9462282736358887,18,0
16.450366488586365,8.848121012402874,8.002562857089611,18,0
11.819677240101127,7.344389121564008,4.605831607856728,18,0
14.829529063859296,10.819453164804573,4.605831607856728,18,0
7.556812524147753,3.0134227860848295,8.002562857089611,18,0
5.230416084377376,2.667716982895179,6.9782076118292995,18,0
7.302462713519937,10.910729427280803,6.9782076118292995,18,1
18.024643059685438,10.910729427280803,7.344389121564008,18,0
13.521595200795929,8.328057073928367,6.9782076118292995,18,0
14.371208433929594,8.328057073928367,10.819453164804573,18,0
6.478518482593927,8.848121012402874,10.819453164804573,18,0
11.516775474884152,3.9462282736358887,10.910729427280803,18,0
7.612243478791549,3.9462282736358887,5.477223840287176,18,0
6.179596671076591,3.0134227860848295,6.39812441570272,18,0
3.329848860770235,4.605831607856728,2.667716982895179,18,1
3.0790060567338133,7.344389121564008,8.848121012402874,18,0
11.624505291059297,8.002562857089611,3.9462282736358887,18,0
9.98249883249012,3.9462282736358887,6.9782076118292995,18,0
15.818984895216497,6.9782076118292995,8.848121012402874,18,0
10.917534640498435,2.667716982895179,8.328057073928367,18,0
5.663952221015924,6.39812441570272,10.819453164804573,18,1
12.842786476080835,8.328057073928367,10.910729427280803,18,0
10.166622159968005,10.910729427280803,8.002562857089611,18,0
11.140171338929864,10.819453164804573,8.934947469303433,18,0
8.197795948693258,6.39812441570272,2.667716982895179,18,0
11.553424239391962,2.667716982895179,8.934947469303433,18,0
10.840021038574756,2.667716982895179,10.910729427280803,18,0
13.452513851593729,8.848121012402874,4.605831607856728,18,0
16.257944850185723,10.910729427280803,5.477223840287176,18,0
13.250971484097024,6.9782076118292995,6.39812441570272,18,0
2.2580262853577877,6.39854853410509,4.149159884253013,18,1
9.06894661756755,4.998455505812965,9.0785473091145,18,0
7.5683898304630395,6.9782076118292995,4.149159884253013,18,1
10.483533641532416,4.149159884253013,9.0785473091145,18,0
11.35032949144991,6.39854853410509,4.998455505812965,18,0
1.2622241451686276,6.39812441570272,7.344389121564008,18,1
9.405745823751483,4.149159884253013,5.477223840287176,18,0
5.091631448417484,9.0785473091145,4.605831607856728,18,1
16.403887473329597,8.934947469303433,10.910729427280803,18,0
9.997809957410844,8.934947469303433,5.477223840287176,18,0
5.964428152120707,4.149159884253013,8.328057073928367,18,0
2.4292153850628084,4.605831607856728,6.9782076118292995,18,0
1.9889309671926598,4.998455505812965,3.0134227860848295,18,1
9.405745823751483,5.477223840287176,4.149159884253013,18,0
8.197795948693258,2.667716982895179,6.39812441570272,18,0
11.646382861472341,5.477223840287176,6.39854853410509,18,0
16.909050162122025,10.910729427280803,6.39812441570272,18,0
9.997809957410844,5.477223840287176,8.934947469303433,18,0
11.609441425348752,9.0785473091145,6.39854853410509,18,0
7.1194102666652395,4.605831607856728,4.998455505812965,18,0
11.140171338929864,10.819453164804573,8.934947469303433,18,0
7.302462713519937,6.9782076118292995,10.910729427280803,18,1
17.656507766080086,9.0785473091145,8.848121012402874,18,0
17.656507766080086,8.848121012402874,9.0785473091145,18,0
4.143162037474501,7.344389121564008,5.477223840287176,18,0
2.5093445647426234,3.0134227860848295,2.667716982895179,18,0
12.131041649135119,8.848121012402874,6.39854853410509,18,0
3.2951632586262045,5.477223840287176,3.0134227860848295,18,1
12.112458124803783,7.344389121564008,6.39854853410509,18,0
9.388822334294119,3.0134227860848295,6.39854853410509,18,0
10.166622159968005,8.002562857089611,10.910729427280803,18,0
7.076718589619829,8.848121012402874,5.477223840287176,18,0
7.704110522823359,6.9782076118292995,3.0134227860848295,18,0
12.842786476080835,10.910729427280803,8.328057073928367,18,0
5.870637704263633,6.39854853410509,8.328057073928367,18,0
7.1194102666652395,4.605831607856728,4.998455505812965,18,0
12.842786476080835,10.910729427280803,8.328057073928367,18,0
11.35032949144991,6.39854853410509,4.998455505812965,18,0
10.93393179197029,2.667716982895179,8.848121012402874,18,0
