lat1,lng1,lat2,lng2,distance_haversine,distance_reelle_osrm
36.73709839637398,10.228298359876463,36.8676519147753,10.137655006136605,16.609368290195995,23.2126
36.8974225371822,10.206161388288752,36.91115362180538,10.164330617784755,4.020607362488547,4.681100000000001
36.734969626443984,10.093376024277262,36.8624759184237,10.294242655213743,22.82294580047662,27.4447
36.86921517153473,10.128936251094286,36.90769839758317,10.234099637574706,10.285076387742464,19.996599999999997
36.865956294829175,10.0867769620031,36.854780898786046,10.144907309910101,5.318880951047056,6.9786
36.878073261246804,10.226449825549675,36.781894837660126,10.236688386751178,10.733305478392221,17.1983
36.77206410786424,10.168696702060148,36.75894504827684,10.2437800502805,6.845464221561712,12.821200000000001
36.83694698262021,10.105236531388057,36.811312067275,10.218668464769657,10.491149360968027,30.9602
36.812347145126985,10.099966495790971,36.843423279420556,10.07965721552885,3.899749200269224,6.3624
36.89480593420886,10.312553893598164,36.770078969206985,10.092358810919642,24.00836004937486,30.0909
36.8658169714004,10.182069250353031,36.798683295665526,10.071709394154986,12.336804704472021,15.046700000000001
36.831760089818765,10.149209263921053,36.857400822858324,10.183699629553328,4.189092773403094,6.1048
36.80891896583813,10.308906416208188,36.792599646853006,10.16037026399856,13.34903268244376,16.7775
36.911610360373274,10.056488679029073,36.88510911559013,10.071800562441066,3.246157885762086,7.3151
36.89452919229372,10.210054371912845,36.83284640184457,10.158952499871154,8.228676043160098,11.0863
36.79905300629779,10.31819180039924,36.91681390401294,10.258169262190872,14.141476909194466,17.673
36.76515331641696,10.255530207307288,36.854947339345514,10.058632266558574,20.173174435317396,26.0306
36.84464853703818,10.191149862199856,36.892937593538775,10.25903529200949,8.080829853849725,9.1061
36.85491262309439,10.211926925426157,36.839007596285974,10.100559763140858,10.066321141781092,13.1496
36.83831506190345,10.22940691082564,36.72426234180208,10.15787912122176,14.192060797052054,20.5886
36.73521432082432,10.100961733058899,36.91646404546166,10.08737688802898,20.19028883984613,30.627599999999997
36.91384003202451,10.114977148975337,36.74346747082277,10.065216982334558,19.455364419565957,26.0589
36.82393887225626,10.099939621823742,36.91473448010548,10.104035453498552,10.102583280618374,12.2011
36.721781661073834,10.07586776878548,36.7796601901755,10.263769365280064,17.935454555304208,27.7216
36.79352625244881,10.16907399304713,36.720692772006934,10.14485857017519,8.38111114069433,14.1757
36.77401772401957,10.154754426502869,36.74966477188539,10.310865869150602,14.167849110045482,17.5778
36.86934160528222,10.098140521440516,36.815938794577384,10.160983046267395,8.156843307745907,9.8414
36.829610212862185,10.093872378858151,36.902262838294554,10.07571779231206,8.238458114954298,15.835899999999999
36.86754657487923,10.166525782558015,36.78416472965553,10.050589587266003,13.872569737947604,18.351
36.84983010681289,10.088568447252866,36.863235195081344,10.29145821535952,18.112840790672482,26.8457
36.74372273949891,10.139931898742056,36.76031788542221,10.079425553841213,5.697778717021433,10.7202
36.806475553406706,10.310865288966953,36.88638029247481,10.294989451267504,8.996606480679265,12.6622
36.74302364402833,10.053313917912458,36.91136272944254,10.20684029812151,23.175514408821183,31.8558
36.85498097267652,10.23373922573651,36.89242220244727,10.225948942843921,4.220550557632756,6.2503
36.78827530965096,10.094518024965375,36.78513101522325,10.200230308287543,9.420456354640299,14.4641
36.74909760653464,10.053653833086852,36.8124803926186,10.274811296206039,20.91917512031299,27.055400000000002
36.875202311245516,10.21371927172235,36.883648559036,10.125009915694497,7.9459386497946225,11.4016
36.877032393118405,10.063057500384929,36.80658893305501,10.092934989548521,8.27189073125653,16.5746
36.87649095923806,10.052379542989309,36.82179661077518,10.271988010606194,20.465323742740605,35.7928
36.73751416903555,10.28642365199758,36.862208185381846,10.231206093206705,14.711184876019166,27.2833
36.85744811326377,10.052629020926883,36.86568849694202,10.153011999213357,8.977518257292422,15.0665
36.88550534245109,10.23718356601995,36.91894827483178,10.17689601904038,6.524211908043474,8.397200000000002
36.85320417839074,10.142362368525118,36.78336082775583,10.162512356357391,7.970666623662162,9.9551
36.85712618858951,10.126157067725616,36.862552589380336,10.318846230625041,17.153714967787717,24.5664
36.797010324653925,10.07371347716963,36.82101938945398,10.185630222170232,10.315051846783366,15.9914
36.77015631503305,10.142252340683466,36.88840424363118,10.317575262013806,20.405363985097804,28.496599999999997
36.91502656942696,10.292048230315372,36.77786183352226,10.179305575067536,18.255663175096966,24.4496
36.75388412077596,10.114970762629394,36.85403158614708,10.312758941014573,20.83521152708262,26.1784
36.89528692138689,10.062098331915088,36.80907241876387,10.097051635370596,10.078464331443561,21.474700000000002
36.89860807357153,10.19098505827096,36.834204887814316,10.116166249945199,9.776761799295869,14.242899999999999
36.907237656835264,10.15794251652963,36.72608609587618,10.31797368521927,24.671512949628056,32.2655
36.88486807497691,10.286848156259065,36.76951349425939,10.275332274663157,12.867731367450876,21.175
36.874774973790316,10.112708849742297,36.8151712468797,10.176666884091473,8.735927292446002,12.6967
36.81323248239898,10.113064899335383,36.79912185044351,10.311677621735951,17.75198044463471,20.033099999999997
36.72984789402579,10.30622418426226,36.77131114365974,10.269228179638946,5.667567759264761,7.5487
36.769231747947885,10.226736335974955,36.75577948150738,10.07131883215694,13.92529161717766,18.6603
36.788478655038524,10.25822173470537,36.762300222408506,10.150543059506372,10.022522920139595,15.1991
36.74230302890753,10.278571275112057,36.73645886921212,10.17396580989785,9.343775644722168,11.6324
36.759899067137134,10.119155010933428,36.808750188762346,10.239652096669307,12.027441134603091,25.409200000000002
36.72760284114231,10.113116326061569,36.777993163286,10.301329094323746,17.679652068009272,23.4447
36.82415446901031,10.282844240321422,36.765510168536224,10.060020413310202,20.88507389654278,28.225099999999998
36.8374325894503,10.129003227104294,36.76571813812193,10.191642444547659,9.731050057323598,10.757100000000001
36.86206283729506,10.317590506674124,36.80930952458783,10.265518254734237,7.475606124515161,23.8637
36.744099963287674,10.24924897229092,36.90767780222287,10.051238033583775,25.32704390510362,34.967800000000004
36.78508384133008,10.267756625585926,36.85045350713995,10.108141443377423,15.95975138491797,23.431900000000002
36.89451493380529,10.272944631325554,36.898042306692005,10.291405800298271,1.6878684393068963,5.5839
36.769996365339686,10.220541861856837,36.8390102916523,10.287023719239127,9.691489848035289,17.2848
36.783519457699505,10.276777284441856,36.80484902058198,10.192391329367968,7.8794871417625245,12.786700000000002
36.73907433806824,10.242269292097104,36.796528804287064,10.264437541752562,6.686848959429924,18.5222
36.76992389784428,10.31615007043232,36.73640286131484,10.132614201164671,16.770968474385153,20.6769
36.83079844008957,10.09146413784955,36.75239693345861,10.072145111481115,8.88596322407562,14.2187
36.89629273414725,10.20604431906969,36.73915631445047,10.31777886308052,20.105352716135894,28.4862
36.847635416238425,10.142168462810835,36.843613512630895,10.19707738332781,4.90645016908469,6.699199999999999
36.919496161832214,10.220622622745237,36.788307047881446,10.296960349260754,16.091295877230245,25.744400000000002
36.8897025392537,10.193335718756853,36.84808653827173,10.124551540217697,7.671627234902661,11.0968
36.914813978614326,10.060509813844275,36.7926692569817,10.240421405363518,20.99309056239416,29.705299999999998
36.72468264389752,10.16354076738637,36.77486264046141,10.304487377778914,13.741548727476067,17.0029
36.852305561922414,10.150203099889424,36.91318563591564,10.11477236612925,7.467075514622195,12.8625
36.87881677332365,10.256029300970162,36.90763921831829,10.315268832560532,6.1663851242531225,10.465399999999999
36.72386745466361,10.188019218120205,36.79670305454607,10.09329813812799,11.695900725123707,18.808
36.7387270810547,10.296875103824688,36.87338226414932,10.2752884226649,15.095810521318404,24.851
36.899211545073825,10.14890724156096,36.82463779093728,10.094553332122684,9.599169605617737,13.376299999999999
36.86520868246631,10.248537971860225,36.78629743687914,10.305281488438887,10.124268347871244,19.3067
36.815061356652954,10.182630719990494,36.79331087935158,10.241284492465471,5.754957023724788,8.9982
36.85150819497882,10.300199428423326,36.758923470929545,10.082868248266797,21.917558380281,26.5
36.76189400159683,10.2071910226782,36.72842991574659,10.312903292444947,10.12743355236944,12.7277
36.785580772574605,10.311236450215445,36.78943006730844,10.163766224501098,13.139459493593257,15.261899999999999
36.82880170833869,10.060761414720492,36.784648201256026,10.192023402615414,12.675623840489187,14.0752
36.83442432811768,10.281976013297095,36.786702121443305,10.101436246267452,16.925877817962647,24.1919
36.745583592098626,10.141721733282566,36.823149055657815,10.146217064971738,8.634171996836526,11.569600000000001
36.80652406922098,10.081584288436936,36.86755462844491,10.116500142507917,7.463851103590201,9.7847
36.73151517357657,10.115627620599138,36.746435287159436,10.257028049385042,12.708684797510298,18.1318
36.742618105724944,10.173653157080487,36.75159826178991,10.266468657645651,8.329809397612724,12.883899999999999
36.85633266513332,10.130911119478727,36.84358118786018,10.265104337451788,12.024289896031018,16.7077
36.78662963761333,10.116121799682832,36.87546700698175,10.17910442582949,11.357905886872926,14.8904
36.762193735057394,10.183827214460079,36.89043136995551,10.123730436943932,15.22963148035694,18.521
36.881236233996354,10.238312713270151,36.73555810391305,10.23186899640693,16.2088238783316,21.505599999999998
36.72926939756324,10.21410310694233,36.87076911408568,10.306297218766845,17.7466381202606,25.417099999999998
36.733179146039625,10.28982647889848,36.89941275197053,10.120739825699953,23.837513952889566,30.9017
36.825945186299755,10.297892464890058,36.778715587889565,10.231458412530957,7.909906052054748,14.670200000000001
36.78246941865833,10.2774034174297,36.750493185705004,10.083856650257902,17.60323849347846,25.7103
36.785643032314404,10.110412207813752,36.72973783552664,10.204725883882249,10.45170051882729,14.5136
36.78009652972624,10.30875079067768,36.7515527706824,10.259433930021682,5.419612264461655,8.3376
36.73693740834525,10.155169169582885,36.91309855711165,10.209224503788802,20.17046843746371,27.307299999999998
36.74592237936841,10.18199609031291,36.85389298949902,10.099668746138567,14.06665528874352,19.0167
36.891348377139764,10.122988743209856,36.744748620513434,10.220973772750039,18.487974873440592,24.086
36.84235643381156,10.294155502074615,36.742952024176816,10.13654421066441,17.864635267561443,28.893900000000002
36.817093563076114,10.31437013074247,36.77517785422257,10.24987780265563,7.39591832869931,12.0915
36.828810928315285,10.137484433605401,36.89078636518909,10.123838744143097,6.997472392576652,9.5931
36.88754637401644,10.093547029480066,36.87938990889581,10.233168513186506,12.451028965792666,15.8799
36.739619380059395,10.24351780486843,36.74822730758815,10.16529248198622,7.035478403388378,8.903
36.87678304836324,10.231233925475154,36.76709584486497,10.156050370249474,13.91201997613688,15.733600000000001
36.83153377372046,10.101970944846125,36.85284264153663,10.125254617954731,3.1475871005519593,4.2297
36.81434751586432,10.24991587606406,36.85303417163914,10.228871410163306,4.691796677279618,18.4844
36.74172997282218,10.209134891727153,36.84090601957376,10.20368740027457,11.03853682803954,12.9733
36.83432528518074,10.140974959693665,36.79501695765379,10.184912130457382,5.865397223533557,8.195200000000002
36.87209115810995,10.273062896872766,36.90251417119904,10.318731235746256,5.28583483706402,9.715
36.78372661599343,10.191657610818742,36.78777485304673,10.067485941140326,11.067120147352751,14.851799999999999
36.83187409588089,10.21247429459664,36.847560647661005,10.288669976695077,7.001487691134524,10.351600000000001
36.903959658303386,10.203714735604017,36.83827307984595,10.190317288007838,7.400602978053934,9.194700000000001
36.795633832218286,10.127366227563604,36.810769045544816,10.06762314869208,5.579030292398724,6.5746
36.843250775287345,10.115053877501671,36.772289508557165,10.263504542479176,15.392563349892729,18.953799999999998
36.80756126614608,10.106206220137757,36.88200107339068,10.158317284198711,9.487727668573907,16.103
36.75441131547933,10.252545795630846,36.83729891562269,10.118147981761952,15.104889001492289,16.3748
36.830985753263434,10.210202287886075,36.86317668278635,10.219008594925935,3.664236858827919,6.4704
36.876510498284524,10.255715196610108,36.81117864788332,10.096617164188197,15.912568157768492,20.188200000000002
36.91668025747613,10.182345641882007,36.765995469005446,10.197868691404798,16.812230980468296,19.8295
36.809290470604424,10.199926119654556,36.86597328695743,10.051678311982252,14.62133340624546,21.8051
36.75867324173605,10.25546229204638,36.883059300176676,10.31884425426582,14.937515651946564,22.0613
36.76492653136873,10.215232053371341,36.76175287758964,10.231557445342391,1.4964682882328908,2.0784000000000002
36.885541378498516,10.167793811834137,36.838276858915144,10.292563886374804,12.281509224315847,17.9052
36.755362904881835,10.234892980568992,36.915897049301606,10.304650471827697,18.89931341337783,27.7957
36.72573997515071,10.106949107575682,36.74022351702975,10.219545845952917,10.162493541659154,18.069599999999998
36.72892789945535,10.141988551624024,36.78373770255045,10.164316301491311,6.410964379099097,13.751299999999999
36.74118033372831,10.204741587418232,36.90775357079366,10.213886095430823,18.539974293788575,22.0729
36.84892192029641,10.11734698951941,36.832032837869434,10.122024414676444,1.9235565460474238,2.6121
36.74103107499457,10.106676149812195,36.878353465865196,10.139428258798473,15.545451738320807,21.303900000000002
36.818604866397045,10.179523824590595,36.76577326140717,10.052816330362031,12.720590456550177,15.7548
36.89131653126016,10.08371839203763,36.81356351034728,10.265510210812772,18.340784228724686,33.052800000000005
36.799629023442705,10.07867336779018,36.758425315603986,10.19995791335505,11.733299849702462,15.531799999999999
36.776370646678274,10.219708433583245,36.765989266769154,10.159026927586602,5.526843505602067,8.607700000000001
36.84307906931128,10.297587480233936,36.75450337070747,10.08875441570359,21.04164345778243,26.763099999999998
36.79432312280807,10.113956426494164,36.84423326653466,10.149738701371458,6.398826530679633,8.911100000000001
36.726794101349995,10.31963454863768,36.769525489973184,10.063536707624568,23.307141780481132,31.5353
36.791303008833275,10.149651223960683,36.87795291192405,10.271891367005319,14.532256319047846,19.6576
36.90081333626748,10.05567648474815,36.74527488161941,10.248129193819551,24.342695733836486,35.437599999999996
36.80615562069197,10.152384319751727,36.80460340482081,10.09431233722518,5.173087432145592,6.476
36.745614831731345,10.233566226178832,36.87087150644658,10.102093388946297,18.193046339244646,20.568099999999998
36.782043306399906,10.261578140774812,36.75431971991375,10.266203345889204,3.1101300510869883,4.8407
36.9104350498137,10.207579105776285,36.77126303106347,10.068430828363075,19.819568607011245,26.1297
36.731950594780486,10.053112753322901,36.76596515205503,10.080819792239339,4.516567519234223,10.557799999999999
36.73816180305632,10.306062874405978,36.90256070740739,10.293323064816256,18.315464501248968,25.739900000000002
36.90270499069739,10.161797088329266,36.86549950559731,10.117875265935844,5.689910528201663,10.3349
36.79908552647478,10.07832330846873,36.77603238857769,10.146852364968096,6.619144857443023,10.4396
36.89267016266392,10.146989229400013,36.78752386089753,10.179319183375815,12.040521568610025,15.42
36.83072849888459,10.222442018543184,36.80560666904736,10.133243548262715,8.417151158260916,10.9575
36.83709157332036,10.084700884388326,36.86286999590289,10.255240441332239,15.442817605369688,21.9707
36.77957748506441,10.112239377830814,36.90454361941676,10.108669843001362,13.899230296104134,16.229200000000002
36.75561427634918,10.178026581719912,36.74950059381814,10.070968255135057,9.562277067041876,17.980700000000002
36.87495671535188,10.264350024373904,36.86937021943842,10.093951643622855,15.170220317747557,22.307
36.84621179943051,10.125974412003163,36.901684036929254,10.20120887041896,9.101240043967762,15.705
36.789318318014914,10.143906549222184,36.88104445404248,10.30740297773811,17.769321095055574,21.0145
36.892948676776136,10.242524741617592,36.75413310866915,10.214735402725626,15.632519513164809,24.141599999999997
36.722746578823866,10.28281437417771,36.784851551079825,10.219939340917078,8.891983061993669,12.328899999999999
36.72520664327001,10.31375846030567,36.75509634496144,10.202252904116806,10.477039081420637,12.5131
36.81290641714447,10.2588556940578,36.87815280967951,10.146622036862148,12.34410076450801,25.7115
36.77698567904127,10.127731393937058,36.77279422202699,10.129569639864515,0.4939901817980324,5.593
36.74446239785952,10.191937127754107,36.90647395598537,10.265130810703017,19.156664935181624,30.2062
36.7459743716705,10.111351582456436,36.77792559376184,10.151684520862396,5.05287479579551,9.658700000000001
36.72617093483079,10.22878734111412,36.883561038021256,10.131364177101224,19.53248538795656,26.749
36.76492226417446,10.139622498522076,36.81495294018713,10.211009161271912,8.447425262434042,31.4121
36.89307103290203,10.108010646278485,36.82045546996092,10.260208942306559,15.765885736658953,30.8172
36.80494263783107,10.12780145127935,36.87584135356146,10.07523007540951,9.167206129335007,12.7755
36.84024778226354,10.126554679758458,36.88945301733165,10.160328777447264,6.2420803837594185,11.764
36.837306693588445,10.063533396517053,36.79274953853021,10.26869287269197,18.923362156627554,24.355900000000002
36.81685483791797,10.119657093791266,36.915532959312245,10.105930680357712,11.040244345404306,11.8595
36.724634304104875,10.279577820454639,36.87592999434309,10.092901461258672,23.64918664140815,27.7588
36.870563377184325,10.281092775873766,36.83039297499695,10.105579637637957,16.24313442623383,21.0827
36.75602029750146,10.319787577346872,36.86422448005565,10.305335493919918,12.100351406235427,22.336299999999998
36.86706928119009,10.265269906874565,36.83695046576476,10.270274198367122,3.378529392132888,5.2772
36.74032765874161,10.074833069697583,36.893173526869425,10.16953505521886,18.97157910685995,27.1825
36.7380592854948,10.166829193398794,36.78465930143166,10.255368959407784,9.437138079655455,18.703
36.815313128734864,10.068090173533934,36.75597459666774,10.30375934693491,22.0000167037269,27.8985
36.86807045392046,10.231815159136245,36.894366878289034,10.060733937102032,15.494830876181652,23.2866
36.90501529979677,10.285190645288381,36.88773676700179,10.18718338950045,8.924565504123105,16.4971
36.82336977582336,10.11736467247007,36.87198103903223,10.202624589854311,9.315243340712268,11.9376
36.88995435949854,10.103932617104578,36.7457386666988,10.137522403872977,16.312429888192657,23.8059
36.839799391917595,10.185988672468875,36.89638552609873,10.085663399381716,10.919769628592917,15.223600000000001
36.89043791191225,10.22737283124346,36.86895185225691,10.21462253266501,2.6446374255076828,4.2641
36.741471703151504,10.24764034893263,36.84211896640016,10.235871231051647,11.240426956736213,17.4612
36.916646157660914,10.08883103861493,36.88816367792786,10.236797120458274,13.532681377159635,18.1691
36.80603746102066,10.208644799242194,36.75587466317078,10.125173080092747,9.293861682330988,18.5697
36.81301648480099,10.309290259563047,36.81743274267999,10.23119341805951,6.969468210464184,11.198799999999999
36.872998291495406,10.058968949179043,36.91731259478874,10.157054445726711,10.018023258072867,30.4894
36.830000687114335,10.256596091747149,36.765298290129095,10.214708897449368,8.103834594419839,21.860400000000002
36.80024759360211,10.277972028651098,36.865845771265064,10.169648985763777,12.08911620577215,20.8459
36.89159481972141,10.129116888064384,36.89872114014724,10.152273542922984,2.2064421401439605,5.2757
36.790621835747686,10.257773043260974,36.900691383939225,10.170110753562598,14.513649456047572,24.6953
36.89281523328553,10.162887652090324,36.854722637631774,10.261428345002354,9.735105628400818,13.072799999999999
36.865120417501224,10.238934271493278,36.76886121014429,10.082173756137282,17.586689339349228,24.2487
36.8980219468531,10.217601108201574,36.82568842502575,10.088595467779605,14.014772668871343,18.7353
36.72927402869183,10.28618201638961,36.90388992434378,10.136808025036709,23.533076937421814,34.1479
36.80245256055486,10.120637439665186,36.764174428933444,10.191361349950816,7.601753803707121,9.680399999999999
36.824006011118946,10.085501454856233,36.91155112913656,10.118528636968922,10.168284918345401,13.715200000000001
36.870359280005495,10.067537045743695,36.84546993843833,10.24797726346939,16.29055355262692,25.6167
36.878881227422134,10.164102045673923,36.90903022941199,10.298312427201022,12.396938323253318,18.7705
36.76012747508759,10.142015405243153,36.89608596495308,10.26389301007951,18.607052468756738,22.8349
36.83033068990866,10.211764019038842,36.7888971733418,10.136044292249089,8.165032457065642,15.8924
36.841231160374754,10.129047658327794,36.8457320266946,10.2666625541042,12.256115791054658,17.396900000000002
36.88109376426401,10.266355674682632,36.7254760253335,10.313690170239354,17.809710987410565,28.7201
36.86730953434645,10.122850971670669,36.7511562835098,10.230969962974129,16.107868680788584,19.2411
36.845642087959824,10.132591909394453,36.76516828746329,10.30047427302771,17.420571677004922,23.9151
36.81930023621323,10.309048515619175,36.77803149922074,10.196019110981135,11.060828578367955,15.4089
36.85543905233068,10.286854503967577,36.87100042899972,10.136366354337811,13.499340832006824,17.856099999999998
36.840327899036254,10.090813650122392,36.86522056128794,10.236707039054338,13.27281418526064,16.6465
36.90208090780296,10.310423148601325,36.76495936411113,10.311612567717207,15.247587449288785,28.598
36.81653612290523,10.075974300244575,36.87939053540052,10.09452843488893,7.181442706180693,11.5547
36.83049125863994,10.29129308949103,36.803781927490334,10.141096501110665,13.695988688706493,19.333099999999998
36.861804359354444,10.182570425870903,36.860439983644625,10.171047664369429,1.0363010625242803,3.0218000000000003
36.87361198493496,10.285760926633264,36.74579985914864,10.121217166745174,20.409945622569115,25.9316
36.87111938213642,10.24387985883995,36.829391451655454,10.215928732884665,5.26445108007158,8.2
36.771206065717536,10.213284088545468,36.82394425843094,10.22475412384607,5.952487632786088,24.4462
36.87714189153548,10.162126210106598,36.83598932517618,10.231101270685928,7.655052910057846,13.3508
36.72770880360779,10.24563626393766,36.851065198114256,10.157032633791244,15.824005599235383,21.0091
36.885433150305566,10.127871788364514,36.7942996260563,10.273643831643476,16.461233342443006,29.1787
36.82749294256268,10.27712042987007,36.80270570702096,10.22509544891961,5.389358331401103,18.0565
36.862022256387625,10.254664132746733,36.72997734249523,10.180232599325036,16.109203908136354,21.7419
36.79012225528316,10.102026305356384,36.73219106790962,10.27468055429825,16.674927115803865,21.737
36.8785631487825,10.245391328335048,36.822863111424184,10.12499572463406,12.374159286884447,15.431
36.74920188896564,10.171492421609829,36.77776230156811,10.112498131039231,6.140243753738803,12.4133
36.781676354903745,10.150673027891743,36.78167451211514,10.18539499544009,3.092288574976893,4.8078
36.873363202877385,10.136352686893392,36.82203240616578,10.056773920409277,9.0950274125551,11.479700000000001
36.75121355500453,10.193764639092516,36.77131887639587,10.181610372317387,2.4839997073693567,2.9766999999999997
36.89643386638977,10.266190329931158,36.766925351351986,10.252011004643322,14.45587852139722,23.2834
36.859071703698554,10.218598357880204,36.86288271069399,10.215137325785538,0.5238208795395525,5.5651
36.745181975970326,10.314518412612957,36.798623298079356,10.06119100527222,23.333220427385605,32.0101
36.915552815515916,10.306251136760446,36.85452009044852,10.07907864041427,21.31365655826712,32.455400000000004
36.887819400800744,10.1454525683096,36.82945636048935,10.25478306304044,11.693201246772345,29.586
36.90259681471742,10.23149020400107,36.731601662543326,10.242278487910939,19.038030356854975,29.0072
36.80168215534975,10.148397150388426,36.76930549069126,10.085359627974293,6.668963418098296,9.0674
36.795012297775216,10.09138819470408,36.725636881096094,10.10166267693754,7.768303676447818,13.7898
36.853369540429036,10.174581147520021,36.827120180678214,10.102432258024667,7.052871025561717,10.7615
36.84356456079333,10.121721762380226,36.73847688256786,10.175735809159649,12.636403952112563,14.802
36.756593925991034,10.183712453986601,36.77457874349069,10.230330565456544,4.609064986804421,6.8994
36.727570466968004,10.130641498392352,36.812026543798375,10.13521428316221,9.399915978838274,11.705200000000001
36.87318444485103,10.294021844399458,36.745883484993975,10.232242180665265,15.186188694995819,22.3995
36.91825816234742,10.312330024242137,36.81339720760333,10.247753307113577,12.998396629394566,18.7832
36.82314565800753,10.13759566243428,36.862746317549245,10.294688907297157,14.65642511763875,19.811700000000002
36.836795707603244,10.232276933301222,36.727779301055875,10.250313397393008,12.228032336952928,20.028
36.843371846522906,10.238945174217353,36.90684094888375,10.156990234337055,10.146420438564913,15.8275
36.78603992653629,10.102863165241828,36.85546368093181,10.164265673277074,9.45858592826646,12.614600000000001
36.815438610918434,10.269666651517376,36.7997672330557,10.140923532169367,11.593504801103624,13.5097
36.816354918467766,10.10626123708237,36.816188016739595,10.11823439080879,1.0659919065886134,1.7783
36.81314034920402,10.142288060872188,36.88073971610527,10.052462608629241,10.97212089519404,14.8773
36.85609125384158,10.136437917944608,36.90228093123064,10.306706699211047,15.991786520396595,25.943
36.78603463502146,10.068070657189866,36.72706245080612,10.071720086715418,6.565462540318744,12.3817
36.76501542748609,10.227965099278249,36.828278420497995,10.121823687398145,11.781555089388224,13.2373
36.786913509352644,10.279076328099972,36.830853052746704,10.101725956150483,16.52763573783902,22.441200000000002
36.78797787900322,10.160313206332399,36.874993961656266,10.313694499795625,16.73232471401673,23.1393
36.912779495717395,10.110984419718672,36.87818909429213,10.088047262344908,4.3536508813845725,50.500099999999996
36.84752547439042,10.084005729790663,36.84589090834426,10.174714029734707,8.073536737142009,10.0974
36.915490344482855,10.265420954326292,36.80575126334172,10.147807391209112,16.074454785412854,25.1554
36.84164339562621,10.229617610029244,36.864852357727536,10.145944859643016,7.879422727925338,11.0812
36.76182996372877,10.308318788225057,36.85900935258452,10.169495909683237,16.41659312532853,25.8002
36.74142364508802,10.109938554953235,36.80402356411321,10.054715377155567,8.523260254771014,12.9817
36.86505291824143,10.184307289067949,36.72577177854361,10.243689917446181,16.36510621947097,18.755
36.79126054536081,10.236655497180589,36.85678890617767,10.151463181360578,10.51629455218385,15.927700000000002
36.77166863084438,10.131664242555349,36.819138284376926,10.194799764337512,7.711383116180581,11.3802
36.74459586336221,10.09856123456252,36.744682490689264,10.109492338288183,0.9740262808633069,2.4608000000000003
36.85772111712962,10.112996634301924,36.82830654209112,10.29403121567009,16.43844016425146,24.6509
36.74211109978906,10.108038224844467,36.8163584380113,10.244603450172871,14.700043849557051,31.857599999999998
36.76483630777171,10.15890100638353,36.82195240235783,10.23082642169415,9.019660512607341,27.7227
36.77286118157196,10.241432782624731,36.766474021264706,10.22791316080491,1.3980608751031816,3.7531
36.769532517633905,10.099361762969473,36.77789999144047,10.203450651909062,9.317540005882492,13.695799999999998
36.828778866619736,10.099604170931293,36.83642783632236,10.101365137970493,0.8648457899208313,1.2158
36.83102156446029,10.115083894738286,36.84823156998266,10.238541500895273,11.152053823162294,20.2739
36.83844766285008,10.278669241761508,36.840894221040166,10.052001584151627,20.1732397122871,27.1078
36.737919209037656,10.163123486791195,36.78634170509906,10.20642353541605,6.623386039502384,13.4097
36.90981015983267,10.183264308115438,36.83635244248312,10.110721917190235,10.409466095133306,15.158299999999999
36.872786471990054,10.148650269936695,36.727585233595555,10.079218042327483,17.288704288618987,21.4348
36.74478951439352,10.069186749046612,36.78800983190243,10.09979600222283,5.525450935703855,10.491100000000001
36.918784419630924,10.061762357442376,36.833537237415264,10.055119875317864,9.497450158656536,16.1003
36.79520539872292,10.249503915866983,36.86133628079706,10.183947608140455,9.387099356887235,22.374599999999997
36.87424727811076,10.311205674858849,36.89419964717912,10.208870852865624,9.368084090830118,11.3408
36.90645353137868,10.255673961617573,36.88383758936119,10.294996663432405,4.30719615829887,5.803100000000001
36.84870042403177,10.061227280273274,36.74834414734629,10.280050715668828,22.45315976865459,29.242900000000002
36.89020288944208,10.107989959419374,36.880049857491926,10.086247556626716,2.2391686393562673,3.0093
36.800038280827124,10.28403772600827,36.85336703538281,10.225632101654966,7.885909946934063,17.417900000000003
36.83755946613561,10.129514356456724,36.776478642486694,10.115827720176599,6.900316407786441,8.352799999999998
36.89555531276308,10.1988929318811,36.80997147379956,10.260134429358633,10.966098852259483,21.8614
36.82021443272162,10.280631852648712,36.884545661834295,10.25934414153494,7.399825293826171,21.7393
36.747039097582565,10.227671485333335,36.870596631125025,10.273018041722823,14.319819331981046,23.2413
36.88400607739294,10.13264894859698,36.75812073228354,10.20535974265428,15.42167051224323,22.303
36.854537317485644,10.076726676330011,36.896367737875565,10.214254286360461,13.08744917989834,18.115599999999997
36.79334920774008,10.156249316191793,36.74904876833175,10.055122070193859,10.266448607186163,12.1616
36.764009019479424,10.295228270444872,36.79686530264816,10.086730570934138,18.924801170703276,23.8808
36.828953969152586,10.154799540499038,36.73153809978019,10.214212141873949,12.05542685374588,15.096
36.8597801953514,10.270430311025585,36.72719818216689,10.304361350130806,15.04887036219283,22.9998
36.88850535092287,10.116127723535488,36.746755387448765,10.086363130328577,15.98301767437647,19.7007
36.73096334108492,10.070917331115972,36.827349626253124,10.207056117341539,16.182619111088798,19.1707
36.77756030342482,10.231825015446253,36.8091760825398,10.14054292308185,8.855882534307597,11.7098
36.7917741520137,10.183348393364211,36.729185423440136,10.292463767631213,11.954932198847557,13.205
36.74670166176777,10.073161563318248,36.81349481589841,10.139156406450386,9.471353096673008,12.188
36.83345676661101,10.223250873155001,36.75206837760695,10.182998449640376,9.733925034374067,12.9457
36.79804647231998,10.06720084620902,36.802820599930314,10.095852165280588,2.6056702548612916,6.9396
36.779751964311046,10.161638149520252,36.84345040924713,10.295610518024583,13.871367364032533,21.3718
36.826438669119405,10.144068139815523,36.906277129100594,10.271242643588089,14.38076712238116,27.6806
36.7359487612193,10.147384013904043,36.842212853642486,10.212904241107038,13.178039965627312,20.5237
36.80186699075751,10.228846258350217,36.73824102689543,10.073540624077035,15.537589289510276,20.629900000000003
36.74052881497253,10.050975722590413,36.72849838032894,10.128743371845479,7.05806412663826,12.1292
36.88605135751935,10.07307870892111,36.84332778610288,10.222360208393999,14.104506324011119,18.0595
36.89369326776695,10.259701236625112,36.91673414443949,10.053483593800692,18.513925467944553,23.843400000000003
36.90516578881794,10.29752293728743,36.886672512735124,10.067547353215245,20.553844305948488,27.6397
36.73116584989369,10.302496517011836,36.843520465452265,10.125931871863258,20.082520325505882,22.3221
36.775449469117895,10.194883128314487,36.90718942912076,10.150324720414922,15.175991455641578,27.013900000000003
36.74196390711059,10.110382853701253,36.89922734802344,10.082748161401868,17.659061083555578,22.7398
36.743329195276274,10.248561974160268,36.829322903013036,10.077434015305448,17.990964619598927,20.6065
36.743679766179326,10.228621050194695,36.87127146319975,10.172530335622701,15.040722490990833,17.9348
36.88847064505747,10.145652353326154,36.74591570297359,10.135832844444794,15.87546876818846,26.886400000000002
36.84721416603613,10.161986345275729,36.83016175013509,10.09929058827348,5.892832802989542,8.801200000000001
36.871328134496046,10.284588052111234,36.9109403070525,10.278276493952772,4.440291923600306,8.5204
36.83387004254025,10.222524258354436,36.81798394920038,10.292309280714143,6.457661433637577,14.1997
36.8095991614976,10.114555953296588,36.91412983588805,10.270073081839035,18.0700040653411,32.4194
36.861282776363126,10.249216921084445,36.79152059639458,10.208570689704493,8.559351432755031,16.4128
36.83859156930915,10.074871289655725,36.867232048132045,10.222216794886014,13.491431481239042,15.085799999999999
36.722543746674525,10.202293988265746,36.8183764683319,10.245124184467844,11.318418469102854,28.876900000000003
36.860848923489556,10.143027153972762,36.84466038965844,10.127285517071092,2.2808007776162382,5.5302
36.77771645638532,10.240143797309232,36.85224819678879,10.193826916120562,9.256545433412702,14.2847
36.90789179084085,10.248177396678694,36.84418414115941,10.214925135053402,7.676644322641821,10.291
36.77332101937484,10.151399691136989,36.779985215648786,10.301593306520838,13.39741200699875,18.2067
36.736187295633364,10.114947778036173,36.72822093962332,10.237732007045759,10.977838269960488,17.4731
36.72687266659096,10.252284758641867,36.84421099124875,10.07153919743611,20.720047206907438,25.8929
36.77916446568447,10.288799134152365,36.88834544483788,10.283669259649866,12.148952370929367,21.3484
36.837179543388444,10.09848998824318,36.873286253502975,10.085291072956684,4.183106115688967,8.3645
36.78941718987122,10.164991196634157,36.8141026651494,10.10605864102826,5.92167607373508,8.992700000000001
36.861736290797474,10.096661608118668,36.90152980521469,10.212745148579808,11.232955598461363,16.8225
36.75313068270989,10.128703906261133,36.8609755648129,10.293123462746465,18.922940527382146,23.4799
36.89991166406629,10.074803069425736,36.835256966483236,10.089748855396271,7.311182278573896,15.404399999999999
36.821427713877185,10.292116208832649,36.78042802153427,10.248727534001612,5.9756268410136,10.6749
36.74696190127327,10.167457681350495,36.86344236348963,10.155561143024423,12.99527122069164,18.1372
36.88319613931733,10.070606348429024,36.77244376463365,10.257497832021862,20.696860668110922,32.895300000000006
36.79615903694389,10.05434336048445,36.72773182912813,10.224785185378638,16.98301999028148,25.862099999999998
36.866651419218414,10.23678674950916,36.84389441343729,10.235348902178607,2.5336953132491775,6.411
36.73955109004616,10.160269905046468,36.75318013139444,10.177626437886264,2.1652293581080273,8.2036
36.839030528607864,10.133881279095194,36.827607014345446,10.163919237325093,2.9597659885059877,4.5508999999999995
36.900180437386595,10.231545056225539,36.87033345660262,10.162271035501114,6.998125326704585,14.991200000000001
36.917629323338964,10.23398573043942,36.85445398045483,10.05262975222115,17.592642935416524,31.8993
36.91473902559995,10.188583441035208,36.90883849673551,10.195381984606739,0.892090479089641,0.8632000000000001
36.77543682824768,10.219614859135643,36.865001584586615,10.055467728662595,17.68264829215149,24.1301
36.897160023681344,10.095503865797532,36.82487878016264,10.21213336634741,13.124845107211009,18.7685
36.77472977189366,10.140904013969656,36.79069374666811,10.18691093823206,4.465257657345706,6.2573
36.883072732271074,10.1256638862777,36.80514834298109,10.078441174089626,9.6299963625896,12.837
36.82474446445598,10.132687564215638,36.81307077032613,10.163246918902152,3.0140845378567316,4.32
36.906836361735124,10.174382783574897,36.87911378860194,10.059070409195918,10.70792794293763,13.878200000000001
36.91973605822464,10.309156076592595,36.90919624078044,10.108093973551792,17.91360390301446,28.6553
36.9025312425786,10.2805755634818,36.73695808994924,10.106205279929842,24.080613161146914,32.5481
36.83202885790164,10.202635026859143,36.85911821628838,10.298545169358142,9.050464145807318,11.2776
36.80013265499738,10.151125352239374,36.91447110209049,10.13462091619678,12.798372554553362,17.553099999999997
36.733953817751726,10.12790137762673,36.73196554523732,10.12824971717029,0.22325448332631123,0.3323
36.83227197239933,10.271350725944028,36.841744788849255,10.238488115771446,3.1084859419831417,14.9203
36.815995093911056,10.164547933247103,36.89976630955115,10.279505753752746,13.833857530413159,22.8744
36.757889761889935,10.08416906952429,36.85724993247183,10.186838977066124,14.33929755236156,20.5214
36.80456583977828,10.162431314875166,36.89537099208318,10.131185123416033,10.472855648547405,16.4705
36.76366380193652,10.091750546167646,36.85280351651731,10.231516010950724,15.908284194523937,23.703799999999998
36.748811642913225,10.27045955784342,36.81995825672161,10.156758133549118,12.84976607418932,14.8188
36.909969045290026,10.106262642630119,36.75938671649973,10.152220991625404,17.236314970423333,19.4629
36.78644054241473,10.226528795701247,36.86852523708275,10.180918646588072,9.989462447717862,15.6251
36.870026674552825,10.297492798229158,36.861201621835605,10.174683141396507,10.969241812567011,12.896
36.877007039266765,10.166083713846692,36.83329204730059,10.226174088091362,7.22582100657254,10.4216
36.88877163374818,10.056422823717549,36.88987705726894,10.119977561641749,5.653469824292514,11.173200000000001
36.79953014892901,10.190740385195937,36.77498384364457,10.288947880019572,9.161601636814053,13.1305
36.891696344122444,10.221980837548145,36.9028363129433,10.224548559983766,1.2595765922510966,8.9803
36.81361297583352,10.096920227286471,36.910452283446986,10.151697652754503,11.81945481528322,16.7528
36.72364032565292,10.15002405712316,36.820557105474265,10.062257279308579,13.313427353917637,18.767400000000002
36.78422206283724,10.077466650877899,36.851117013672884,10.088150593985667,7.498931884897552,11.8335
36.77019556922109,10.188110190459483,36.758099160461484,10.259191423502134,6.4731276106045,9.362
36.740993224992515,10.11812304248377,36.84904484058857,10.146534064717684,12.278237597140768,16.8205
36.88676736175168,10.291140714692983,36.79691173098968,10.058828297509539,22.961029280033895,29.384700000000002
36.82770860449081,10.122980233108079,36.783806909950435,10.084835617039962,5.946724336563928,9.3248
36.909210309893865,10.074507296437814,36.8147539306645,10.27023334808927,20.335185318325074,34.134
36.74906223967269,10.18810144195725,36.85634565017148,10.179042383774028,11.956606482724439,16.2041
36.75885248630439,10.213899875545316,36.829812095087085,10.262827639010098,9.013244278578878,22.135900000000003
36.89822313871377,10.266394175312193,36.85300717008697,10.220117878590264,6.497852911202426,8.4428
36.81965747050143,10.303389848124047,36.766335201336474,10.162742037112483,13.856643438846282,18.1495
36.73405595031545,10.079163359676818,36.79253332707541,10.27595577718593,18.697342653454182,25.3105
36.905541041654,10.26931971611545,36.85856401146124,10.160959301991392,10.962328078763449,25.1185
36.88103296908247,10.143356679343261,36.856152213684766,10.18682166806268,4.754392080603406,8.1614
36.899601799865074,10.164629826885994,36.810489273530415,10.136254884679822,10.225418170355718,15.0763
36.81051579715572,10.165204078037592,36.820873563427845,10.242703130696887,6.994366141484412,21.607599999999998
36.8491230587487,10.097024247803535,36.85153494303196,10.230477047222413,11.877486826533575,16.3284
36.81481522685023,10.081477252928396,36.899585101465085,10.070562250165683,9.47587273068075,19.284599999999998
36.80071225294977,10.122329903877144,36.89459643008908,10.100104400719358,10.62511909061738,13.2388
36.896757670760664,10.17481148308165,36.89353962734012,10.187486299411807,1.1825644264680941,2.0387
36.73674154956396,10.281385244754773,36.82633496987532,10.319269557048212,10.518150119899483,18.4543
36.91415509328198,10.285688785557241,36.900183449483315,10.090638541740349,17.411853560715812,27.771099999999997
36.765893583920125,10.193265112232853,36.775494943090415,10.31305193782935,10.72285172279836,12.0027
36.740636496197006,10.241784955488818,36.829468632778365,10.062839586850334,18.748914857081882,20.7495
36.84432564690124,10.244700789699772,36.89963540227799,10.057465870707992,17.754441823656855,26.3819
36.845471491745805,10.292558815042351,36.81241489207344,10.211561449020506,8.092062134212846,12.4984
36.73882099184391,10.107398317877497,36.838119889623016,10.065055665911865,11.667612973396642,17.6177
36.85430508357078,10.084274992454198,36.758146573632395,10.19445594922524,14.510362730057064,16.9572
36.76401056217539,10.12821461130733,36.777294574785365,10.136297623715052,1.6432339318858376,3.8099000000000003
36.89962690835762,10.243648772556528,36.76555663399089,10.132991614245343,17.86722375757811,26.4202
36.80790457970687,10.217179877139165,36.862406239672985,10.170866136241637,7.329133431380473,11.8759
36.90051775707206,10.278263863498633,36.823499394147476,10.258132458457261,8.749321564860841,15.723700000000001
36.73319107173807,10.104040155891559,36.8445147793538,10.170161306682349,13.707671101722536,17.8945
36.799202833223355,10.308428516351846,36.74355685743498,10.080225956838888,21.24704071400309,27.1265
36.91060391436988,10.24539159269799,36.82741914946351,10.289586287188737,10.050547037354033,16.753700000000002
36.78850515404597,10.168600994035504,36.73505338815992,10.175655264704096,5.9766931911067775,6.1025
36.84250434164093,10.307741375903682,36.76306872333737,10.177460426470738,14.579639728347566,19.144299999999998
36.77432825044136,10.147504874773585,36.74573802141567,10.080870196467458,6.733755098176468,13.5152
36.727731772597885,10.251539442397247,36.82056006479719,10.288681504663236,10.839198200687024,16.0391
36.78745667620838,10.154093280576513,36.916566203750115,10.144433538793491,14.38202969603501,19.2877
36.78542501961122,10.315821639940568,36.78024002750093,10.245406734446373,6.297403252364833,13.2559
36.74212026577884,10.183031394309669,36.773140758345775,10.17757200100848,3.48344117225863,4.4508
36.746059440503515,10.13304943834456,36.825626236147,10.187595042558307,10.093170987985552,14.035200000000001
36.74582588893441,10.166041425153118,36.80761848319016,10.109639150697724,8.51150989956704,14.224200000000002
36.91508491955461,10.132918867167417,36.753193345366704,10.060729744786688,19.11363157784226,25.136400000000002
36.84002178162923,10.26568065385874,36.86599619261473,10.296070219842203,3.956395751906379,5.9308000000000005
36.7216525564464,10.154583134441111,36.74758941727311,10.164518359011664,3.0168843134193843,8.1395
36.872764832958026,10.066771319306865,36.904758296893995,10.315972611723664,22.4461627849192,36.7505
36.85526522076576,10.137818344826881,36.740210335380716,10.119894893854894,12.892674035768483,16.4123
36.88248810626263,10.086638271707418,36.85101631162966,10.129049054687334,5.14595925637383,6.579
36.88929405040674,10.308226847981834,36.721942116991585,10.064322409396958,28.597602802527955,33.5025
36.897851037179805,10.260479651270643,36.79950217165686,10.116071158030717,16.87319986527488,19.6586
36.88888359978947,10.101174456402488,36.77271613105147,10.130329076682427,13.175276508423526,18.9621
36.881874630882045,10.273185624416174,36.72643868537644,10.31018402706245,17.59479153540804,28.3474
36.7709037665141,10.082166435089542,36.86740830331839,10.30079037108351,22.22325411729655,24.844
36.80388408365089,10.21227554850582,36.736311661994336,10.271121902968071,9.161322116141594,15.117700000000001
36.880101957489025,10.207841699605673,36.75515284624554,10.067573222251266,18.67996960254683,23.256
36.75864101846309,10.077181879790913,36.80155441652063,10.254990531175348,16.539020577509497,27.6145
36.76716635413721,10.107264073618166,36.774778668545544,10.257821129547242,13.436953402120842,20.9348
36.797200813903665,10.259807943547637,36.78658230371752,10.20200702568394,5.280673966005391,12.046100000000001
36.859161985225896,10.065237311905483,36.77055043004362,10.29889574099897,23.015984017178504,29.3605
36.798684453831825,10.061139906460001,36.75184044637821,10.077416026119586,5.406777795606375,9.101899999999999
36.89326853353575,10.300220122304296,36.85890538074098,10.202907572615143,9.461683318645688,11.5456
36.83793135027187,10.240992664044867,36.81024612075081,10.180081791364966,6.234659722374742,7.8306000000000004
36.825858928137734,10.13045582311793,36.87488319496559,10.191203750769455,7.676787225111284,10.6214
36.751826503386056,10.257653541305368,36.87991584537883,10.257679084419525,14.242885168339162,22.6963
36.84370288248378,10.132119835285431,36.88920947035842,10.23072509940334,10.126755565857176,15.7684
36.74321898533391,10.232241150722704,36.735633306696094,10.105676859516702,11.309342885450821,18.104200000000002
36.785405968248845,10.130451194846247,36.80227365950415,10.201295425713017,6.581210026405832,25.362299999999998
36.88886102073681,10.27798296694807,36.80681945472891,10.209879667446891,10.951932044598394,20.6507
36.899855239249646,10.23788157219097,36.75908267100603,10.065642016098417,21.909496365934064,30.2377
36.79463760045115,10.117743970094768,36.88304162877296,10.293638688859604,18.48388919272848,26.364
36.855736768436714,10.117950048910844,36.76185404109981,10.230873822389643,14.492990734885035,16.760900000000003
36.83941595139708,10.100306300505258,36.77681543395428,10.295797616639701,18.744557594984844,23.8553
36.745480672778456,10.205765569114678,36.72704038455277,10.299146400613042,8.570195098145163,11.8243
36.8047689690718,10.158606900579898,36.79860646176674,10.156402996192986,0.7127815968985336,1.5807
36.79778525370862,10.286927487570058,36.85282193666853,10.13142258142808,15.133719564775976,22.1564
36.78043413674067,10.302242015397631,36.836983730041815,10.23322119438562,8.791868202340622,19.2656
36.90381454899086,10.208935685387136,36.84997261175197,10.096117802998503,11.685152802539584,17.464
36.8686101389826,10.209660625101325,36.76593070086323,10.162312759585884,12.1705411143733,13.667
36.88774899364623,10.138251326061962,36.85405435472461,10.22146360603907,8.296328700403947,11.0455
36.8068292547156,10.098815643240462,36.76229345700455,10.113947816960934,5.132237266954491,7.1728000000000005
36.91108516330531,10.311331553958443,36.83242094828289,10.220614912669644,11.900811259867849,16.1817
36.865429233211245,10.286839625043942,36.9196179297759,10.19011358107968,10.502276658945226,13.9724
36.875578110986545,10.154652765802066,36.84285738555147,10.30337088932341,13.722341873806903,20.4162
36.749176519336324,10.286152758340897,36.85826498938591,10.316409614965027,12.42561094191217,19.1895
36.836410077762146,10.267745718243255,36.877718836601055,10.094971606065494,16.04346526345075,21.163700000000002
36.87229847154906,10.189871094025767,36.91072284383175,10.112235307493131,8.119309104497928,8.9614
36.72640864339223,10.059891924188088,36.7228651268565,10.299156157487433,21.3280116561472,29.2617
36.84162224456493,10.134946487072432,36.76045217723548,10.193542701612628,10.425074006585968,11.5703
36.88633575414277,10.15090389718612,36.83509398334502,10.075800618826367,8.78123703458169,16.1265
36.760059679711354,10.213064723906227,36.72894626033962,10.22208010558403,3.5516865220761664,7.0569
36.86286805849321,10.069700477973955,36.83367470074083,10.2059240399348,12.548465688101563,19.3667
36.900791868085655,10.130397296015461,36.81398932112222,10.251405440875898,14.459294168325993,32.376
36.7867238951849,10.110331040941622,36.79111589494709,10.222452667088334,9.996383144733363,16.1803
36.81719132219548,10.209590553162053,36.74960131879526,10.054847396673113,15.697075029859,19.7449
36.800992085288584,10.19016157137152,36.76680511310061,10.109117302809626,8.157373503319153,11.020700000000001
36.79506135741848,10.265585015907357,36.81680250309599,10.30964833851425,4.6080423501137995,9.787700000000001
36.86684917382232,10.211763165475809,36.91144463263756,10.296841931043405,9.04650713159885,13.9484
36.84617103529427,10.259952683822263,36.88876851396528,10.078719341085694,16.80368669575443,24.491400000000002
36.90067346429916,10.152736889275074,36.91082358166913,10.218319134993436,5.9394127802807635,7.1998999999999995
36.82226577486765,10.308485763588049,36.86372096775791,10.168130030780363,13.31335176437871,19.9407
36.87434643567335,10.19428615199872,36.72383598581687,10.056425169781344,20.754922682360824,23.907
36.85309943114504,10.084038749509435,36.84215611377209,10.223514757618634,12.470345316751713,21.4267
36.838901522883404,10.189723746144383,36.721382076451,10.312609266298793,17.045153655161922,22.3697
36.916608673875366,10.08312833223404,36.87683034808194,10.120240820065215,5.518665432971163,7.919
36.787189127115354,10.313282683659711,36.915753463145954,10.223949532657757,16.356886936532547,22.2789
36.90775164928971,10.059055941308765,36.779283095370374,10.251306460778572,22.287590286502606,35.6828
36.86109860848557,10.062848157144114,36.86268844635118,10.097309332922615,3.0709400108460225,9.729700000000001
36.870879616346414,10.162591687440075,36.820069766589626,10.157373213319369,5.668848613587915,7.976100000000001
36.737693721399644,10.113682351345748,36.799651380985495,10.173519567561689,8.710428583347973,12.3494
36.79334693329378,10.251189581227596,36.779018256161805,10.272557674046555,2.4818453724909353,3.0619
36.906641352006005,10.27216342636429,36.84642532158269,10.159402425648482,12.059489058871947,23.2282
36.86354391656066,10.282767647843636,36.832421606864656,10.31924933198704,4.744872969878243,7.307600000000001
36.880304236717095,10.053156209321012,36.78123269180196,10.21329156889287,18.01347459954604,27.9956
36.84288432768394,10.24023074478435,36.82226416369574,10.246212066074914,2.3538426991163894,22.006
36.896418269998094,10.20330432179363,36.82024876588662,10.059853101324299,15.317420741866359,21.8436
36.79071751292717,10.147658110578329,36.88675424734982,10.059725121903659,13.239063400785113,18.404799999999998
36.860467002276444,10.24095912869786,36.76751623755436,10.215300496596697,10.585041463025759,17.9479
36.82661975484692,10.275515414272098,36.869073756793036,10.146482768749083,12.414116132778238,25.0497
36.88531560467713,10.179825735402092,36.73814483225815,10.293869486619817,19.258152452436264,25.2903
36.87179049015699,10.160169948441654,36.78984921464873,10.276571267543433,13.79658337490953,22.6615
36.838350169724315,10.31075063828302,36.79564356947311,10.102874787186632,19.104196848059694,23.3042
36.771796696004095,10.102762397603662,36.77186250371803,10.200059928428827,8.666294213427108,11.9351
36.8815255805289,10.137418895666741,36.89554902984759,10.05027957914538,7.904990967631228,13.543700000000001
36.794588464876135,10.290194743698736,36.81707430734633,10.197450492990853,8.627322020755843,13.7136
36.89738186569154,10.059825578514872,36.91892183183886,10.290954016395565,20.689050298334905,29.0841
36.82618425393374,10.079505360523324,36.85863097189476,10.265642924382362,16.95237331692948,22.1653
36.76861551739564,10.107967935792937,36.758463872507,10.30000302421172,17.14361587813394,26.154
36.738546873430394,10.198805648944239,36.76697018867027,10.292300995342417,8.9091450467623,11.4975
36.73216753352701,10.192366634968048,36.824554272491895,10.058298294180009,15.751427736755101,20.2314
36.82906578503033,10.260287937595415,36.73206870813775,10.132235486185886,15.696735083230122,31.301
36.8354743256558,10.306150117512248,36.802512416601935,10.246576416007313,6.446323882669454,18.535400000000003
36.90926013665554,10.254042455088058,36.79968901270408,10.118462586171761,17.14530073211504,27.787599999999998
36.8937702868585,10.130276000634549,36.727023250790296,10.276990122812983,22.67995453435393,29.6848
36.90675341330758,10.182216312509325,36.75845687787061,10.230275054534633,17.035510722366862,20.918400000000002
36.78996265922044,10.058449015821337,36.762795642285056,10.053593206253728,3.0516357715995275,10.524799999999999
36.72220437638525,10.120500127012017,36.90077712592728,10.263906529186762,23.606389358876264,26.8285
36.72370077703347,10.245487687782449,36.74115109293968,10.269714380710122,2.902808203732674,5.3805
36.773915622911396,10.236727267143008,36.90584573861962,10.056597104356891,21.729389620181887,31.472900000000003
36.80395489077338,10.18821458244858,36.88324418330937,10.171440298069518,8.942033588083062,11.0823
36.8863761780716,10.296810497076253,36.81354260936772,10.174171318892965,13.589268176433137,15.985100000000001
36.75845033906823,10.2419044042773,36.7677540629732,10.164839531658155,6.9424620569065505,10.1371
36.8358070565721,10.129883535300054,36.78354108257759,10.130904594864003,5.812421990121659,9.290700000000001
36.75290591429347,10.247810760993048,36.90972697507437,10.121127554673103,20.765284123092204,27.051599999999997
36.881509233056846,10.098549484936248,36.91804390662225,10.242880419619556,13.461686138557868,20.673099999999998
36.78298072445739,10.226385835414629,36.81896011450886,10.182414547071824,5.597614922351977,9.9486
36.782966792894854,10.268165739964196,36.86896902645941,10.102273991342525,17.59182063616745,25.432299999999998
36.823969725999966,10.137115144289428,36.72552379407157,10.213886886684556,12.906798488548676,16.0716
36.763334451991575,10.092497124909269,36.74487320355007,10.179817802111572,8.045733508486046,14.0254
36.86089895193989,10.065390862471459,36.79847391002925,10.299565080126714,21.967637467888704,31.1817
36.91971448443721,10.165649663807592,36.773608769754865,10.159629614902405,16.25504326146761,18.6304
36.82563869333887,10.222770722138486,36.73776886782133,10.205697213506705,9.888286495844039,14.1696
36.83625622600902,10.095224995849795,36.87632116227333,10.070950790343595,4.950916039033464,11.253
36.8437266590453,10.24722096787899,36.792867965031874,10.076137385931718,16.24528436945962,18.7952
36.83799359018005,10.19507830338596,36.828690950301464,10.143867882367148,4.673560788413289,6.1355
36.74043996439204,10.099869095361539,36.807729493810086,10.272281589380263,17.082179608026987,21.7518
36.76902128998285,10.117379113988543,36.75203996018362,10.294589412179493,15.89897179647959,21.5678
36.898972742896355,10.108195459031348,36.77333629614515,10.15145632002859,14.490936618137662,16.586599999999997
36.868252639654216,10.117734352261072,36.75785347260274,10.257287751366192,17.465252239868224,22.497400000000003
36.80091130221236,10.319394824045386,36.73760960734472,10.182750302820729,14.060101108486025,19.9831
36.89099933508095,10.07647297071023,36.82221675247967,10.110898006798447,8.23875656140602,13.3905
36.85613969142081,10.275788995020545,36.80321459343355,10.289132737018738,6.003642005449147,15.493
36.784804118545985,10.069892540186526,36.891321800049354,10.125681354906982,12.842703796496135,17.4151
36.77471478346669,10.239038647513247,36.83632043806379,10.260197549627263,7.1045351372702905,16.444200000000002
36.85843655681987,10.124430196523063,36.8976980927911,10.173368246615944,6.16495111553621,12.058399999999999
36.833027528607175,10.271357083400524,36.81118144250412,10.30139629104631,3.612518370367672,6.3283000000000005
36.81246106866678,10.093143491738552,36.782760097331014,10.30259552806222,18.93977979613747,22.7958
36.81262987977537,10.117051585388833,36.81166882136641,10.100558259213049,1.4721714610305336,2.5159000000000002
36.757920884421914,10.13302348087166,36.77535605729267,10.253310667360225,10.888685300425388,22.5456
36.90372149972847,10.305123009619411,36.832745873221896,10.107025494195074,19.308862582870123,27.093799999999998
36.8788530215338,10.230369371535913,36.89916974254027,10.123891202450302,9.735242039784413,12.2679
36.90493719725563,10.303485474285521,36.72858758274778,10.175558427452145,22.676007172919647,31.774900000000002
36.87291179490446,10.174509495363827,36.889094170800355,10.23454826126632,5.635045335508676,9.822899999999999
36.73049947103038,10.18461597739503,36.73706362406482,10.0729389641657,9.978736063834644,15.976299999999998
36.91295363060119,10.214772013685332,36.85393993278823,10.12710532394368,10.190914747097253,15.2959
36.73353165537523,10.296500662803133,36.84249781665696,10.30213681991556,12.126875195893737,18.860599999999998
36.74046803364694,10.255402081999684,36.80192756686328,10.146775062719456,11.84560870873736,13.9605
36.8087201781516,10.234103249671122,36.9078055434198,10.245158959407409,11.061609469765518,20.450400000000002
36.78272460864015,10.252854101292884,36.903466592505616,10.074918873387318,20.759774701550747,30.7625
36.72514509314483,10.220794736268855,36.84480913896066,10.295863416486597,14.891027308709152,22.0685
36.74441646437771,10.102761079411714,36.85603112973779,10.297823154759765,21.34644417627618,25.3052
36.8031009726671,10.08504769569144,36.90785182481033,10.128196585743218,12.264129515961496,14.860899999999999
36.90237076833729,10.169286304626986,36.74722532748955,10.118401500140239,17.836023148267564,22.5652
36.81441180663964,10.315841492187221,36.80687484122368,10.08500283475865,20.567463111552208,23.3298
36.72264631175943,10.08894503372235,36.8157293311025,10.091023711221377,10.352015455648091,14.7235
36.833327094074086,10.2524099682838,36.797874116091116,10.21229925218251,5.31885368712786,10.8943
36.7698306845297,10.067530367225933,36.744330851853626,10.157617403492837,8.51175498169015,12.373
36.78658038654474,10.298104085488276,36.88162279237055,10.0906996102581,21.269779031147408,28.6348
36.83099280936724,10.228852098962083,36.73304520432356,10.227493503633264,10.891948813511691,18.7684
36.816652678389296,10.185140151643806,36.7759397586466,10.258107854688708,7.918802411886782,12.7968
36.82144062365354,10.157081002151982,36.80060905374124,10.196479260276176,4.203267516040748,6.1562
36.88164737155093,10.237265183718534,36.90751551311357,10.066267485109943,15.475999658179065,19.9754
36.83258790694009,10.243999800408734,36.89321511206586,10.237964432728464,6.7627861177709185,11.2279
36.78857543872047,10.22592633616863,36.8014761158046,10.283493163970203,5.322863486122722,9.110700000000001
36.906433206021106,10.135016357057994,36.88268592347802,10.197064982397375,6.117098190575915,10.7021
36.88724225166902,10.072397988550787,36.79005013678366,10.194969963095673,15.355151449000083,25.152900000000002
36.854114212406046,10.093699268596012,36.73046670701291,10.160456111792028,14.979008999852676,18.6973
36.838524504208316,10.200175778093099,36.74703169936769,10.319712203479881,14.724121160189188,21.301299999999998
36.747782511553886,10.150837805660238,36.84560826736384,10.197773582057945,11.652929877379176,18.6758
36.76056451281473,10.307367048973392,36.826612402036815,10.314661094949543,7.372853920786464,18.363400000000002
36.792975881737455,10.273373133490528,36.91150853874368,10.163371150591525,16.416921141754997,24.4881
36.7643061306144,10.317515468452253,36.83629000859812,10.280203092770948,8.666300232945078,21.178099999999997
36.87766074965616,10.08419986418531,36.86596723176281,10.29781754639988,19.046515904016857,27.7283
36.780931804706704,10.274091301035797,36.76375028594595,10.26809784191914,1.9836784328221773,2.7823
36.77719077692773,10.299144751108875,36.72814422116544,10.164967302809675,13.139457352709004,15.1461
36.86784640440489,10.269962507150252,36.815084102928026,10.168173111674042,10.79214539106938,12.8271
36.72315696872816,10.142321265960922,36.775616866258844,10.13845438090309,5.843439727239854,9.0438
36.833100003625844,10.271171054639842,36.744148856120404,10.202762547696038,11.61638348128933,23.545900000000003
36.82059914296363,10.221909973126525,36.72780774202483,10.162714196512194,11.58697446729195,33.3524
36.8720494263367,10.088223650096396,36.83270741457642,10.235517883685178,13.816539456747469,21.9254
36.81872163496444,10.05077687737118,36.90644062790182,10.168817572427729,14.332431495465507,24.927
36.80731362798179,10.179923356005213,36.8602016117203,10.230850157688229,7.424769014801033,13.1074
36.80691623697889,10.070647900973736,36.78302209213386,10.11395177358127,4.68265015302393,6.0978
36.86918763374957,10.269024080918742,36.81498491621453,10.142594932798561,12.763390057090888,15.7786
36.80640438220872,10.131964286141212,36.77241548036836,10.18728794921004,6.209242679196377,6.882899999999999
36.780668931066295,10.283396807065923,36.89517355055653,10.076989630699826,22.350071120574782,39.301199999999994
36.888052579746244,10.146393977058224,36.88890256911826,10.0652189540067,7.219862431451953,19.5567
36.77903199047604,10.055542255598244,36.85397220033325,10.235292125538846,18.040782975586048,23.3163
36.90590924074041,10.308717135922127,36.831970992276865,10.188941119595485,13.458132103131792,18.2673
36.84034657856666,10.246865658409043,36.81725239694691,10.054179004413674,17.34102883283012,23.255200000000002
36.776034927969256,10.071920185680106,36.7789457494449,10.137631351467432,5.861404893330434,5.926699999999999
36.81720993670492,10.22559055519899,36.796371236524614,10.171478330886202,5.345864731643856,21.9245
36.78356152997446,10.086607657001942,36.75554715118531,10.260134450185445,15.767263929040498,20.547400000000003
36.876125089165775,10.1329953749927,36.75926019864792,10.275111082282935,18.13570140786902,30.023
36.90492139842206,10.251656895426276,36.77298438189352,10.106757759210657,19.53221363191032,24.9679
36.82942214649064,10.073484863122516,36.8686225412532,10.140826552388637,7.409783721575646,8.953299999999999
36.81919624202808,10.090457008112866,36.85117029278739,10.138192274204773,5.539700139494115,10.9528
36.768052706883296,10.201887005961904,36.771544125354644,10.173150619016715,2.588892590009626,3.4818000000000002
36.90940156686596,10.098759279740497,36.877046281637654,10.239865887167195,13.054003156127914,17.1252
36.832831343749675,10.16852679007156,36.77574268021581,10.15264552634656,6.503534457283465,8.0413
36.88080957618834,10.143676018192258,36.73574582656682,10.281075367066684,20.243966775717855,26.141299999999998
36.81296661728013,10.23384494569965,36.86792485210464,10.067626143022528,16.004497599876284,39.174
36.80906124847826,10.063473946105626,36.79652551328462,10.155297385628952,8.293389256121602,10.1343
36.86663697945683,10.11227400351222,36.7854363577353,10.20621985971121,12.306294686878228,17.621
36.75165806006667,10.157021203126831,36.76442303972658,10.079641198584692,7.038090489104861,15.445
36.80361562223804,10.166974595170217,36.83026060630527,10.226703528504196,6.086689710372696,8.294799999999999
36.90298323204065,10.21368196128958,36.89984399762096,10.050054240856324,14.553835777327203,22.3387
36.792000471093516,10.247619768867644,36.805767613611835,10.273455304382884,2.7631705276477625,10.1586
36.854453738823196,10.241440982293003,36.82762829427166,10.059142392268942,16.494611779964103,22.778200000000002
36.89077689087213,10.09804599141971,36.74558738922183,10.05408027147542,16.611931886597333,23.0427
36.82667907399281,10.106640330892326,36.91479831160045,10.125592304108656,9.94238623107993,11.778
36.90515286460045,10.090196751627246,36.89432441367066,10.268025067645855,15.858477667550597,20.4719
36.80467507640394,10.126128452839149,36.758871090928835,10.27262249927142,14.005440045130015,17.4384
36.88823798448818,10.204582473213822,36.730094852559034,10.292262647238529,19.23937734260945,24.4494
36.76308792879148,10.286242235895553,36.91514716703052,10.216628831657069,18.007386654440946,26.4166
36.790894864069486,10.199029088165437,36.85567355690649,10.227981453357055,7.650184009906003,15.3226
36.86287823004592,10.285459126638917,36.900689891442504,10.145032815948031,13.178499710487642,22.0311
36.81383082543704,10.265282657211419,36.844415514166165,10.157741306227965,10.157772116477492,19.8749
36.79865691702313,10.219112833953261,36.81774025714369,10.283094246234082,6.0785312396872015,13.0936
36.7535571636154,10.246920400025353,36.73390787261051,10.133737254002469,10.318881923444327,13.4963
36.89708745171573,10.263676234718698,36.81384919341474,10.174588219530301,12.185865758700986,13.0531
36.77328003446847,10.112751999643486,36.85847548659244,10.080010227632863,9.91153546343598,13.1831
36.83874123328798,10.185722901636344,36.90449850521238,10.1161584334597,9.578896534728672,12.9283
36.90488162943996,10.232550084993381,36.7306733002576,10.178487932838127,19.959916187776653,29.5025
36.78411140676373,10.258378359603345,36.81667558403443,10.148105624118575,10.464753581000517,15.9976
36.845966598851,10.1155274146207,36.876832058264846,10.301922206894146,16.934204946082918,24.5475
36.744941329727965,10.167392516975791,36.8860714762471,10.223313105742053,16.463578206676537,21.1274
36.910141606009184,10.163589337205627,36.89401815471001,10.198320668237413,3.570941477081636,4.5065
36.914507459757075,10.234312798947752,36.89834675234445,10.106510248202062,11.504566245602353,21.453599999999998
36.89349769339898,10.212926493828089,36.879512065930406,10.20447333717095,1.7273180356872242,2.0884
36.82850017460176,10.13188283475089,36.83513238024501,10.241853307425977,9.815144909633773,14.7234
36.83482792815502,10.178639716189203,36.78699551169359,10.07527412558987,10.628594732582764,12.7752
36.805127100990255,10.234832458950349,36.72515897906522,10.116184524356559,13.811951131262871,19.9988
36.83922469158261,10.125699865710004,36.779057258139915,10.090518467843758,7.38716624897584,10.8241
36.730448314532154,10.231941101579716,36.80677000594383,10.235952488503925,8.49410341035218,17.1278
36.762421420760724,10.151009799388376,36.87707892511203,10.229701838352195,14.546872422651328,19.27
36.85667925496969,10.250774796011857,36.747733792892724,10.258775887942777,12.135110180700778,21.269599999999997
36.732657798571104,10.066897452538251,36.7844169521302,10.20597236060351,13.66107641733804,19.359599999999997
36.74967422948252,10.069488999461432,36.799367938066815,10.307438737394293,21.90193665017721,27.3835
36.865703567646904,10.283858701260376,36.84358231019687,10.181419211347363,9.440504640718446,12.7295
36.83980653650212,10.257647634498065,36.75671876532283,10.092597764735961,17.35880095132192,22.9441
36.86625879904868,10.117413392574289,36.799247385070316,10.180712298990624,9.341262627456596,11.7964
36.72921864371131,10.274338716749458,36.72731566394737,10.072061328402862,18.028318334041206,27.8119
36.83969778996213,10.303641820124376,36.8340618276008,10.26596656223324,3.4109507566085364,6.0216
36.724124365747315,10.059024238612947,36.72565390426982,10.310538992363822,22.416767590533173,30.250400000000003
36.8746533335884,10.093185450476335,36.899525149730714,10.09551797679872,2.7733889559112606,5.1208
36.80434917396511,10.166611969772175,36.893465775381046,10.188809055231221,10.104233808583649,13.5282
36.88357297160187,10.166472667219203,36.84372075027284,10.29172259724364,11.991468733281605,18.5212
36.86705308763169,10.240648966074156,36.728955994176246,10.195711677684354,15.8684266959908,23.566599999999998
36.91718612671828,10.235225783604378,36.794649096655704,10.082483968580112,19.244115470668135,27.0269
36.75344645554686,10.252274243640516,36.858177676452364,10.142263447962934,15.216704937184995,17.6309
36.875320411038935,10.203355930334558,36.82728847920123,10.077571421688392,12.401054864010089,16.5295
36.817123252261496,10.254600423071201,36.729707470844005,10.111325766708395,16.041524073013075,26.9893
36.78818285168842,10.276860936168905,36.87693331730376,10.212446663087043,11.412915361430082,20.6385
36.86859192046089,10.104456066799793,36.77309586827426,10.299414290396493,20.344806068314135,27.368
36.82118440343414,10.155202033986367,36.80172134261864,10.127903153316064,3.254207927547523,4.7155
36.90977634396193,10.168385352410949,36.89268640008965,10.190991950312737,2.766218510625995,3.7156
36.88844557195359,10.090826845159064,36.74413591680174,10.159788320115851,17.180670826225377,23.639200000000002
36.77278728348084,10.094568584460696,36.86433847766966,10.29499729829672,20.541290408883153,23.419
36.73878326714763,10.269471032787706,36.89983587588103,10.122336339626129,22.18648826059245,29.1848
36.73961534273901,10.184475891586583,36.76308669695685,10.31397996598114,11.829504509555878,15.8312
36.7812669161152,10.12012050616739,36.87605780830789,10.053535518030122,12.092085399867718,22.0171
36.86465402131219,10.088127690624162,36.764526775019455,10.280947112646823,20.459460302015376,28.6688
36.77883673627833,10.054687789255219,36.89411053100249,10.278874993670541,23.714122450594147,26.402099999999997
36.76424647391123,10.269660340215841,36.723509031647566,10.090573283567066,16.58758433186891,26.805400000000002
36.76006429282855,10.082326169137223,36.8728695862758,10.095036481129112,12.594302813934307,16.6267
36.866580143405365,10.253661035698418,36.7720595538261,10.153517924091249,13.78142816321913,16.5059
36.721082727066545,10.130692774323231,36.84149861114568,10.305148186950586,20.510363540021675,28.8202
36.746327352426576,10.180266007563123,36.89341063690091,10.312875065017064,20.169765019238014,27.470200000000002
36.74998804318869,10.195603710954568,36.73116185946226,10.106256190141961,8.232043483800322,15.2916
36.77283693653063,10.155758929643985,36.81018030804171,10.182975922210458,4.807929364707387,7.2653
36.88470416199358,10.236951993558069,36.81955705284514,10.246016597359253,7.288789002545498,17.0002
36.8524370606301,10.233333652102907,36.791562989607684,10.216503238023776,6.9326875304073035,17.918400000000002
36.7675873029553,10.198578818191528,36.79477899849189,10.143879788007222,5.733501123331461,7.0091
36.843547085976795,10.21113403837883,36.87292100761452,10.298250495513292,8.41081177525182,12.0387
36.80767956361551,10.261876516511004,36.81152555515691,10.26214643217771,0.4283293145195783,19.233700000000002
36.84994129741325,10.303801140259862,36.8116247973611,10.30162311012602,4.265007956753954,7.1775
36.857017632374415,10.264922777117397,36.87207455293361,10.070774088014879,17.352843325221667,24.507
36.78162805708462,10.053529129349503,36.767916680301916,10.05901086916051,1.6009033892132714,2.2836
36.788356889275974,10.146298033967247,36.85229051265597,10.198634103851461,8.499529049142385,11.2087
36.76743521020427,10.176541263173872,36.77381560753762,10.16061435461039,1.5861467758642254,5.3542
36.73439165137454,10.179778913247741,36.86755955158707,10.2257845630352,15.363704454603791,17.959
36.79521466540366,10.292176602581623,36.77262982535175,10.279778868780104,2.743309207883707,4.901
36.862231679558434,10.172845159807746,36.84841905632174,10.282063224030901,9.838077355842417,16.6365
36.83004578084284,10.249918643898491,36.80815510505184,10.16473990271168,7.963328768365433,20.178
36.79776956945815,10.189498510452015,36.91741908420101,10.290658147166553,16.06272312550962,23.2453
36.873154887174884,10.261246186073153,36.8198883796815,10.220372696353726,6.950515352037314,16.1893
36.8323222933382,10.155867430674636,36.80265767338359,10.082993490288379,7.27748705336965,9.506
36.77316824321182,10.232155118026975,36.75815262971462,10.18728341926134,4.331757695936132,6.0226999999999995
36.88608593711921,10.120626041405812,36.83212324284319,10.259430298176627,13.72979986583338,29.326
36.863572806788454,10.196508190476017,36.74518937720141,10.131281035979866,14.38771039017131,23.1569
36.86981703210902,10.271683714781298,36.87464914280792,10.252266178743582,1.8088943444278107,4.6466
36.76823364377511,10.253250877830315,36.74539576630178,10.105729800954029,13.385373048058543,23.3062
36.82115486200128,10.055865676523585,36.85550556123082,10.075394243252509,4.196405404660691,5.237100000000001
36.748940670946716,10.310579288960506,36.745402344271156,10.154822303849931,13.883310600056399,17.9348
36.7418561162022,10.173509367880948,36.79460283225068,10.071172847982618,10.839431444443855,18.0832
36.85204306744104,10.16597580959824,36.89903032678881,10.093507315498275,8.297542864618501,14.812
36.7254568141264,10.221625799110253,36.87579127641051,10.123713512633314,18.853074758572962,25.4593
36.91703352488004,10.317851663032814,36.899022314348876,10.289120478315178,3.246023562251947,6.057
36.908575409872874,10.236843730667843,36.82394376336547,10.285351052359667,10.35281068402871,17.4573
36.86353707642273,10.08318817015927,36.917104298196065,10.064173087283715,6.191800827590694,15.4644
36.74960333779849,10.309429453121401,36.770539960365625,10.136593584765048,15.571858740141716,22.0842
36.82228524075979,10.082196731846912,36.87763680730154,10.268454394709643,17.67901369732688,21.3612
36.874073236052666,10.052275804926959,36.8857474026853,10.144974414522602,8.346573421007845,22.8782
36.72842374379098,10.212166905389704,36.91572755609577,10.218752809167032,20.835482175994507,22.8652
36.7545950237815,10.111148848684223,36.77373824949863,10.270142805350238,14.322073920221673,20.3808
36.82105670034149,10.218617384473745,36.91654238165855,10.234657738020436,10.712976197219207,27.1623
36.74118743112605,10.199329110080523,36.91531497665125,10.210603813591309,19.38808680064304,23.572200000000002
36.73422865386963,10.303988471869436,36.833730678332515,10.243867130323025,12.29153207536353,22.3186
36.77848007992011,10.173450471734364,36.87904594098379,10.219542357865068,11.911157263985896,16.6609
36.91712568658094,10.284447919372942,36.88683646994481,10.14833209032289,12.563100168033204,22.6053
36.919318218268984,10.204967859571019,36.90183550484091,10.277511611095797,6.736356002165161,18.1032
36.89908170723564,10.122267730868119,36.83233711237822,10.210216647744666,10.784067591913319,13.9926
36.828952383932524,10.149583357293636,36.83686021798051,10.126085234317173,2.2686477716568256,4.5552
36.75481642132148,10.238362996261628,36.854089012125016,10.148869026886075,13.61386150912646,16.7067
36.74326165167246,10.26191725355581,36.84574217065909,10.312915319394941,12.266798088867457,19.140400000000003
36.811546403238445,10.099380131289877,36.80244169793459,10.286069083962648,16.651558028212946,21.8666
36.82778567015625,10.118238081465218,36.87572406690283,10.143481197223487,5.784382136968976,7.1762
36.7460770092021,10.223156423617526,36.795509126956595,10.13539040237446,9.556398259165924,12.9856
36.74731600725913,10.103787269931821,36.86675881568168,10.235456681468703,17.714716232605877,23.386599999999998
36.91855358187054,10.283844585783976,36.79829321705779,10.162903369446648,17.163863358713666,24.0933
36.86614377813256,10.171631343914104,36.918283351294356,10.161452404794913,5.867897820614034,9.265
36.86261626835184,10.155082637486446,36.80304567497272,10.269391306267147,12.139770984379396,22.332099999999997
36.74791319025451,10.269754390754354,36.86896707801998,10.282079892993865,13.505230411912326,23.569599999999998
36.75788537409535,10.247212112913703,36.752107439326544,10.122014233332742,11.172311305311325,16.4359
36.74952443722936,10.111390816834007,36.81321882234608,10.202146882985698,10.746659845102908,15.342799999999999
36.79818284676098,10.149620157456788,36.8763191474721,10.225831762747116,11.022165862330626,14.7334
36.74319200307524,10.115486360476197,36.737802899927246,10.282711483462727,14.912869884958448,20.7257
36.73048011790122,10.112716732788805,36.7940371803756,10.099982726991437,7.1576819361303725,10.8015
36.74919957159832,10.208556294197063,36.857271854039446,10.238068381422412,12.300997129801935,19.2096
36.77735368986725,10.250514459304569,36.72014468350079,10.205720689774237,7.509642047953555,9.1591
36.81002817357641,10.153775498805507,36.72461147293998,10.091494598871742,10.999408305448684,15.377799999999999
36.775152669539274,10.22283820295985,36.76363128962025,10.232896752578293,1.563323608158494,3.7540999999999998
36.77786697940832,10.287191068356092,36.91124116736563,10.094588717370376,22.66457395734334,32.598
36.763366018428755,10.299788055628795,36.83692783016175,10.10627081425376,19.073214927123903,23.751
36.721369214758774,10.19765013013532,36.79245019292848,10.295024514637001,11.735557016415209,13.584100000000001
36.91313131902728,10.151638101170661,36.86007187570221,10.274599401180128,12.425771804297067,14.802299999999999
36.761930849716855,10.232883155728768,36.89322651354829,10.170994103212598,15.604030750536065,19.6267
36.80586656575845,10.294656870664017,36.80903425600957,10.281782341976015,1.199101409329031,2.1826999999999996
36.875548772111564,10.219149605562022,36.84479408123859,10.288186380304015,7.029873200277592,10.397200000000002
36.793563429172366,10.31390429321463,36.7590446373038,10.192812144265478,11.44770325096145,17.7488
36.81544231716378,10.220263688662866,36.8385545592939,10.160441455722445,5.91230340756354,25.5188
36.91450269881785,10.259266780692412,36.898555822439626,10.052032509858163,18.510998293118803,34.6997
36.91023428107649,10.082202953053855,36.819850231399236,10.214490603484657,15.475963692517702,38.5344
36.88618245124399,10.068831812596391,36.90014219837713,10.255829026085907,16.701732599557463,22.025599999999997
36.84967410066073,10.22455520106748,36.85688790664472,10.258649541608529,3.137813634517801,9.2364
36.83843050326342,10.081391050064472,36.854188761724714,10.059931683968863,2.5916469801118973,5.5684
36.748167586650666,10.09024834017486,36.87467942800494,10.107950500059895,14.155471085233284,21.3169
36.740075134696895,10.2543642134796,36.90300922682062,10.2332232448175,18.214910761022608,28.005200000000002
36.87762891662669,10.147831542688902,36.89788737784553,10.19354042232862,4.647539540269127,11.9785
36.89646101309729,10.315597998673406,36.80315036677086,10.25816953658238,11.565728309489991,15.8623
36.83706647496229,10.214435718619965,36.74589079615508,10.061788762762376,16.957243076820504,21.613799999999998
36.7801556878136,10.212605618340836,36.87057730856902,10.249009167796974,10.56363353141531,16.7144
36.81528621745418,10.17116836553699,36.77551269730037,10.228313813566578,6.741744564670106,8.9281
36.73808893063134,10.093315228232965,36.79915107677545,10.163764843369604,9.245520385867122,11.1795
36.8508539185707,10.050294716188263,36.78004304524265,10.218062979519447,16.883111143114316,21.267799999999998
36.77609696410998,10.121636492964868,36.8608704094081,10.125021936702113,9.431192950626384,11.9402
36.82047750320706,10.268921561875676,36.898853005609475,10.260476874199933,8.747282847835804,18.9597
36.91740009721536,10.259275775981344,36.72099346775461,10.05735075479296,28.284914528986747,39.0485
36.85648901821477,10.066499545793375,36.90487460423001,10.313379405534471,22.607848036844718,38.180800000000005
36.882307565631315,10.226378614685418,36.89211186133349,10.132748739532486,8.398106703285569,11.4314
36.802471468710394,10.204751852597802,36.76572119723298,10.068998436495184,12.76158123000467,24.5746
36.85838258319616,10.15214058796389,36.73240900928819,10.104443971519913,14.637306462009393,19.16
36.8983121188941,10.24793540119208,36.73979752313191,10.113439198058105,21.307503511803034,27.7133
36.86472803348071,10.194633058431126,36.731432818736835,10.115043191499632,16.428778078889195,19.988799999999998
36.89213994657921,10.226715798580294,36.73164221776942,10.111117950778755,20.60100831401841,25.6842
36.86467396322611,10.221471209597215,36.88880806105322,10.212311980327591,2.8045282845109085,4.8034
36.85485480177009,10.228732516547955,36.820693718340976,10.289858032172901,6.634751071276009,12.851700000000001
36.76114405067088,10.059780354702205,36.76964176272546,10.170625769009876,9.918939235986826,20.4254
36.73838709716648,10.132054832560302,36.770182385418714,10.133099723719834,3.536700068307063,4.3677
36.75243929531815,10.101823354097798,36.787180212986115,10.264986866391137,15.037994912040052,22.5905
36.742266053703034,10.158109668034967,36.85911147725854,10.187810095920447,13.25900021928545,19.7527
36.817607082374806,10.22487886294529,36.788447942606965,10.3062757185585,7.939319682777857,17.997400000000003
36.759087438862586,10.256301626290064,36.85486479837991,10.241642800773782,10.729620716103117,21.0165
36.72078715964086,10.269231180622612,36.845974098302854,10.13448712603431,18.378431628351258,23.9946
36.7894344881988,10.167574291878083,36.73127227141012,10.086416184897473,9.700362261377723,12.8654
36.740802018981064,10.279693526402312,36.845734022580395,10.187895095640087,14.246316224477644,18.9258
36.743383952969815,10.293639095632294,36.87113447416431,10.060671583298916,25.138995277906744,32.3521
36.791313698950454,10.1757728634568,36.83252529187063,10.178551406193918,4.589191070540599,6.8058000000000005
36.76954652827875,10.210375538684136,36.85310993969457,10.101643048163982,13.417777516155095,16.6067
36.86944672691888,10.209545044169463,36.84482275365337,10.29767358710598,8.305189116913514,12.4406
36.80323386121324,10.10581323170433,36.85242292073897,10.275742743654149,16.083172968685556,21.1346
36.74367754634216,10.236530448520302,36.80353858676754,10.173709916661378,8.695568085877616,11.1904
36.84741197632375,10.111159803662646,36.914464510222004,10.177569006332332,9.512036786475628,13.622399999999999
36.892091053668175,10.146782257053532,36.77845109280944,10.085855566897967,13.750416602200202,21.193900000000003
36.890297531952974,10.101093491824873,36.85487095219989,10.070863371791948,4.769564886009516,11.9715
36.74525346513203,10.245881761966466,36.81928926523288,10.113686136932452,14.365841110339977,17.5295
36.800627161934024,10.16322915203919,36.85679582143144,10.270833598001296,11.433781959804627,14.2765
36.78000211563735,10.153494565297693,36.863289337300365,10.158341690718524,9.271161216949764,14.195799999999998
36.73303291909697,10.307194611376927,36.91804579724271,10.21171466354804,22.258723156482862,28.8089
36.885028401181046,10.114786941057522,36.81568347748458,10.108206688356825,7.733001135004256,9.286700000000002
36.758008121652956,10.312307412107149,36.815008521454196,10.29164705831771,6.599796683865545,16.2086
36.8536954647965,10.171926006139444,36.8803188591148,10.305179427123406,12.218195569131634,18.668200000000002
36.75744720729178,10.052424258872895,36.74084528735093,10.234233292389305,16.30337104943763,29.278299999999998
36.886862369047165,10.238199209033198,36.74203430735126,10.30163452949605,17.0655367115484,28.49
36.82419215512413,10.243651948168434,36.80328573105203,10.29436481382789,5.077903967125803,16.395599999999998
36.85611644943703,10.250187056360522,36.79531302913751,10.19985922806376,8.110356962218038,15.7258
36.74412409779242,10.078710559752711,36.8784416373299,10.280326732392997,23.350002975339773,30.0293
36.7586135431527,10.078380800843643,36.74913785878448,10.266542044973406,16.796524307739393,22.2422
36.88094509165235,10.13811125796189,36.898450836854366,10.075874092729192,5.867240345329262,10.685
36.81679614227206,10.059250563521998,36.86906541260846,10.1543930001829,10.269438633422533,17.286
36.91900085617801,10.266955048698394,36.76344827461219,10.189770624422138,18.610529618637106,28.350900000000003
36.86386974347105,10.087177810011811,36.729202287389725,10.208729063354047,18.47619312223784,22.2003
36.84185494382501,10.144439701246016,36.787780993657094,10.069844198990033,8.958197572337227,15.3095
36.86836861467677,10.187050657595172,36.7639880885054,10.152426258470605,12.00886458603477,13.271700000000001
36.81485329763255,10.167638317216642,36.76771375040763,10.087877469130461,8.827266416511028,11.501299999999999
36.82884993820736,10.19775684936046,36.83602708935766,10.23575333525009,3.474563952596895,6.6774
36.86211062557592,10.122856625247191,36.76420174252029,10.290098288027126,18.444075082907865,25.7497
36.875455586604936,10.205461209645453,36.83770188653622,10.227783426751417,4.644106538877895,10.717799999999999
36.78422092206067,10.061890577972468,36.734383841254946,10.2802099392497,20.22296975598371,27.2375
36.88454770948918,10.318104965334403,36.870067546320115,10.095835536540237,19.83572065343843,26.036
36.77282962955896,10.181028417271625,36.830327940485304,10.143571382885886,7.211057311928911,8.799299999999999
36.73934911069412,10.14063205926031,36.726992420099364,10.200933559979346,5.546638309204077,12.8024
36.81257809022956,10.170995244691566,36.780472234501225,10.275686606493627,9.982080686897502,14.0485
36.87005664752265,10.276757810441575,36.88691044822748,10.282587140147939,1.9444607045830957,3.2836999999999996
36.74108484052709,10.150908927314974,36.842270880433084,10.0852505340505,12.679789173283627,15.9496
36.89988974695454,10.194836298057298,36.81032065143732,10.096804608840834,13.238986022527628,17.6801
36.767770860186026,10.068840744518054,36.88890092771758,10.16888326431069,16.146214821112856,30.7054
36.770229048564936,10.058964139857776,36.82489481708385,10.077272281506373,6.293350583998225,11.7971
36.896161672148764,10.30718508167452,36.89392795856115,10.21870424827453,7.872223149052087,13.5752
36.7930956767733,10.290908669205267,36.746600220823034,10.240385128411399,6.854322693090205,9.5473
36.84003091919156,10.289140898781774,36.895820922396396,10.16302241119655,12.82015537802101,18.872700000000002
36.89542556985978,10.13866592592596,36.73590567724695,10.057479793500697,19.153608210603803,25.8362
36.88258191881427,10.172005103725215,36.740013817316814,10.2602506100574,17.692630197336424,24.1249
36.85083721654189,10.106460757973949,36.7842268978458,10.315963451821565,20.066262752429527,26.269599999999997
36.80595679644385,10.303350936222609,36.83082316071123,10.11128169145666,17.319350233970678,22.7231
36.83961133786283,10.167594730773388,36.74096958357576,10.317504527703564,17.27742761134992,22.5853
36.91453193962084,10.279497939939482,36.83656228986347,10.07259692098177,20.343607087662164,32.2803
36.894745433059796,10.222551612766146,36.907292384730454,10.155923784535856,6.086581005370036,7.744800000000001
36.789499759041014,10.229307599497794,36.91050849645472,10.16242154301977,14.712983567566114,21.5005
36.83640049589798,10.254580268091791,36.876315689885956,10.181179039224851,7.8960911731460985,11.1428
36.75650540207475,10.141399781467275,36.816979434035225,10.080543929265357,8.63639179650411,9.8074
36.84064632388552,10.163346238387737,36.8573469182771,10.13382113847754,3.2172119837630424,5.2255
36.80264448689654,10.076524072648782,36.73620579465838,10.133467409495488,8.96122311452831,13.3713
36.85680923148843,10.2063878763172,36.870803071050744,10.195303599255706,1.8421856849806888,2.2935
36.814677964880396,10.227493145213298,36.808851267980295,10.28065920077795,4.7771721740334465,17.8104
36.80239303508348,10.175969608671483,36.73711393857085,10.113156545621962,9.16470463762637,12.0526
36.84770572674079,10.144867783619883,36.88896471514285,10.071681146501776,7.964588750433198,11.399799999999999
36.79433288468019,10.276460053243179,36.88931940221727,10.100309590985447,18.901686530329155,29.1282
36.85820842840658,10.166357249438947,36.885924097619366,10.303354584682854,12.570027706478006,20.2119
36.83767327587012,10.297840514766433,36.91856536290908,10.069653110898093,22.20025584608499,29.046
36.811075610451,10.312492148245356,36.807471471673125,10.109944644273867,18.036541660084676,21.3451
36.81087607332573,10.057290043592428,36.86354965193226,10.054988791550585,5.860614100179945,8.736799999999999
36.87193988891908,10.187602673267527,36.88590941449656,10.122071568649522,6.032123784839939,8.293
36.91453639859688,10.15659048313309,36.90679903326505,10.2868899521266,11.61662607103705,19.4685
36.848230543317925,10.155350758980667,36.798309000807066,10.302732490036906,14.24458701378294,20.5046
36.74435273312142,10.070936284503555,36.82423839580166,10.250885514242043,18.32269454584425,32.605
36.85636954864173,10.189394815008521,36.75716222933653,10.261507758658162,12.763591817012065,18.5988
36.72491395110362,10.284810912827906,36.78005012689083,10.16091921324134,12.626197904599847,18.9013
36.84791552680204,10.125903314004564,36.88666808215827,10.12532930672858,4.309390090776428,7.031
36.87888996341326,10.188347882681686,36.8750932330129,10.175608257213185,1.2092499473903462,1.895
36.869575439457456,10.076342892407954,36.88112043953223,10.072601554111932,1.326179428815035,2.1541
36.84627059790705,10.073583969022883,36.919198636740056,10.21329380878636,14.83789982608385,24.9577
36.75163213365289,10.079365423255798,36.91036083465713,10.143960238273298,18.562529690127082,26.882900000000003
36.880471375853496,10.05333852826146,36.89311095615462,10.245026770001061,17.105869077801657,25.2461
36.81262309269823,10.057164366821803,36.863925964077936,10.315079343456048,23.650844002628393,30.162599999999998
36.80050877696711,10.101237731519525,36.7308493650572,10.311942654817704,20.304479239737635,23.610400000000002
36.80637780273658,10.113998229161519,36.83774271608098,10.316649147657074,18.372345503930536,21.725099999999998
36.72537500759692,10.179119579150651,36.91381965502377,10.209467258922597,21.127500727607707,27.2392
36.7624232772293,10.195425394840635,36.80293446823861,10.285585588595575,9.206711832844757,13.417399999999999
36.88211323794873,10.280582498271167,36.747247712383036,10.215526912164579,16.07574389520097,23.443900000000003
36.8196981206562,10.12248351516994,36.77426822696066,10.227881647148562,10.657933870559914,15.863
36.917565613051586,10.246723792163506,36.830107067892264,10.08433661809846,17.413205160757006,33.761
36.833611297439404,10.231332884519203,36.76355202308477,10.293156029853128,9.538821158273313,20.406599999999997
36.787688819209166,10.113500944440121,36.89279042835552,10.089644330699816,11.878032910117696,16.3705
36.744944213249035,10.073503526141133,36.86019378707019,10.109130396649137,13.20190077675175,22.0261
36.90702889541208,10.249424525373158,36.72024634123259,10.315770057324876,21.592717959402947,34.0211
36.75056668132611,10.180618419465649,36.733874879416824,10.228973563327383,4.691418865654059,7.174600000000001
36.81337002672713,10.192525803422614,36.90376223731544,10.174804062920694,10.174068249577072,13.1678
36.82737983186701,10.154817771494265,36.72805808994695,10.112457729398406,11.670688380709615,15.431
36.89543026084961,10.154466610932216,36.860703272207004,10.11031451980326,5.507592987473337,9.813
36.83373085141022,10.077583971171421,36.773741821541165,10.301592634086532,21.030071854856512,25.7344
36.85286281004019,10.286220952049488,36.906405968344444,10.101744478974984,17.45495117365346,24.249299999999998
36.80011535587812,10.317513719648286,36.87349437080213,10.300969335604846,8.291153471936285,11.5556
36.89902741608731,10.229208316642666,36.854886727585566,10.080100555824815,14.141863842791686,23.1189
36.811986017277725,10.130288989263603,36.79654561836143,10.111387433895246,2.404101920032934,3.9165
36.753716827851264,10.319568108188468,36.78756814223971,10.203111050602523,11.03482362453264,15.0545
36.85222887198271,10.111210444701264,36.80614580464449,10.055955567080925,7.102314990302192,10.0954
36.774314452410124,10.223857168128777,36.868675239006144,10.19236658888854,10.860404500456308,13.690100000000001
36.8400422474808,10.245738125592702,36.74227692282937,10.129073282537275,15.036761151538132,20.7864
36.811104316516584,10.162095785948711,36.78435328880348,10.111166500651501,5.423280562908659,7.3567
36.77211712454072,10.303943037742908,36.74177877848172,10.254806429508733,5.5265128343124665,8.078199999999999
36.744741794427995,10.151528450935784,36.72533321463775,10.138767737857664,2.4393936009978043,9.648200000000001
36.88530363603137,10.112709250027141,36.75846435404401,10.080063820662778,14.400117897586938,18.4908
36.893541769618686,10.15660568942087,36.789537686022705,10.09666055534931,12.735748187320517,17.4178
36.73142929703413,10.136584359051264,36.732138816611105,10.26289319716663,11.256478049106454,14.126100000000001
36.76358344785312,10.224282091884938,36.91881275764614,10.138895473471074,18.85919579323029,26.0035
36.755148826902314,10.078694450210744,36.79058459293025,10.2198507103006,13.175601808091391,20.4481
36.828209045320726,10.269679230710496,36.72752301547606,10.277622991934917,11.218107799665747,22.559099999999997
36.837847100001206,10.093600986582818,36.90403171965697,10.284096659924035,18.474581407392094,32.9137
36.896671354981876,10.095652200936785,36.81122200542777,10.249968412097225,16.697235405624056,34.1097
36.90492522071306,10.225781214925819,36.82578996555154,10.101759127062774,14.112427616942002,24.3947
36.86471484277775,10.18471426970735,36.905895363392595,10.311758384548996,12.191649337444055,22.9215
36.75076555089284,10.07936971028409,36.81989462247075,10.148690897103304,9.858862707071037,14.713799999999999
36.843679691731005,10.191881158035406,36.85181687859199,10.086352600158644,9.433605104574333,13.0121
36.91180692543469,10.083701980307254,36.75273057918953,10.292730433775041,25.670431735518235,36.0685
36.850337023207864,10.250702884697674,36.81407536754072,10.261414885786447,4.143287959267941,12.078100000000001
36.84169426044683,10.071487998020778,36.831138737650534,10.300316242187895,20.39834058658542,29.4844
36.910185963242164,10.059889574158623,36.89687426326775,10.116121485830787,5.214457554821742,7.7665
36.732062583682875,10.057138801517109,36.78266218897379,10.189970063135029,13.102999058745935,17.1828
36.734240777472166,10.051881278941954,36.789573707323555,10.137552126971075,9.803004798738705,13.3161
36.72422767262814,10.255906477645274,36.82339859900517,10.076571840120616,19.409674823116816,21.3115
36.90668346727149,10.184445782742419,36.91925690741276,10.16070331507131,2.5318660843582803,3.6106
36.85690841141186,10.074031883661926,36.75061574181249,10.287248469413415,22.361987124994545,28.206400000000002
36.876993533750515,10.210761381495814,36.91989893713775,10.258437743675561,6.382364768959779,16.6184
36.89888921917083,10.193387269906678,36.905060049812555,10.052395747634586,12.55552785514792,17.1432
36.85620039790554,10.220471973875123,36.79312532232527,10.215092976508675,7.029950972236295,12.359399999999999
36.846899665179095,10.263502439679574,36.875616053663535,10.250759643269014,3.3883941183185837,5.0566
36.91024520450156,10.261836344798068,36.7672902392685,10.303255053943438,16.317620114651998,26.601599999999998
36.811922240380945,10.145561985136588,36.89346725301255,10.315633161140633,17.640928187407525,21.514
36.80285700382237,10.29921999067571,36.72851281571047,10.137955043871033,16.573833718805428,24.5547
36.886542380305265,10.276113391328185,36.86264763539178,10.138087512349552,12.56167490321447,15.7401
36.83359500769858,10.307706240039328,36.731382785083625,10.107226235093247,21.164801736237678,28.1294
36.91504235227711,10.10200721182742,36.744670861266776,10.166562971746457,19.796569783883424,22.8749
36.81333647150783,10.067484640173205,36.77442740714126,10.253919569783069,17.15549532439822,24.865299999999998
36.74642845017359,10.203423676005775,36.83090786870169,10.318900359261308,13.927900988164541,22.141
36.91308747053526,10.31937257572959,36.82229484628206,10.120172416477928,20.39461501020585,26.572200000000002
36.73578122918771,10.15237556927286,36.91015038620015,10.092747946405735,20.102272480665118,24.5928
36.82727712918938,10.199417149192731,36.72470173151556,10.218578377291818,11.532831583780084,16.2635
36.86150436055083,10.141330651968818,36.81321814140541,10.149022382155255,5.412641164451445,7.219
36.85111613544011,10.110442326989228,36.7294903546365,10.28148997556556,20.369162332684454,24.643099999999997
36.72185156434958,10.173348778639793,36.83300730132794,10.19202610542356,12.471390741254767,18.189400000000003
36.78306859577224,10.095617699904796,36.85978886820565,10.23373059393766,14.963710016323038,20.3225
36.76974640458188,10.17075521977496,36.822515130685844,10.08362958640031,9.726903839805724,12.1462
36.89060051914911,10.273958436300235,36.91003847146262,10.22139003050352,5.149927884881996,11.768600000000001
36.90307203667544,10.202310124750321,36.90892000919121,10.232113085021869,2.728515911389596,12.0356
36.882233670883984,10.069822051730002,36.75058156792236,10.217917448311319,19.700197015116068,23.9205
36.79161114701854,10.31428879886017,36.80769142415892,10.202035171024583,10.153479809757178,11.9344
36.72895813731317,10.187437566232763,36.9148148694741,10.233843997142456,21.075099780251158,31.8644
36.779620403888245,10.072113040382819,36.86623559209183,10.237220088738145,17.570994661318522,22.300900000000002
36.9147374362999,10.257422637794637,36.85318359300634,10.152836389049481,11.54865014906789,25.755
36.866661673697095,10.27874270445292,36.89891951472716,10.19901403022863,7.946710076676345,11.255799999999999
36.89045494681753,10.159029434432238,36.79193736182761,10.214435254739808,12.013099918151898,14.9058
36.90647337266943,10.26785133013546,36.75540947746584,10.131671158117381,20.71368012876787,39.087300000000006
36.90384852274204,10.239820813139115,36.75490181962083,10.286154844389726,17.067807213888727,28.845
36.901943894053616,10.223380479459625,36.86647459897066,10.074523398511266,13.814218160844186,25.0424
36.848331921076245,10.186031661991459,36.899552121033864,10.164131292744221,6.019371849273968,8.4065
36.86928417197564,10.134053129605794,36.79658646741664,10.306393839934952,17.337917235150943,23.7497
36.89576136687299,10.209006117523105,36.84868265598733,10.093099893654207,11.563096856005583,17.137700000000002
36.762921655251,10.230842668599756,36.81168669350769,10.196390660853302,6.230204047076552,8.6485
36.83467034170144,10.287808466751429,36.74086109540588,10.070530615732673,21.981543538607475,30.353
36.88991799765276,10.074055856469023,36.808319129962705,10.130646244125073,10.376977889690115,16.0557
36.73171412492316,10.25152802059672,36.72990530920996,10.131396681012564,10.707709611676545,17.0858
36.86606761185093,10.0821755404935,36.75947142428836,10.30633948074325,23.210313977311774,29.358900000000002
36.76864581440887,10.202394565168408,36.83423099005836,10.172596917097717,7.760329772135352,9.2772
36.89665683650432,10.056110863269536,36.783157490316285,10.253675196589546,21.642185702731997,37.2132
36.79384366958494,10.246409417320892,36.78087481312335,10.16764259162894,7.161042751096404,18.372400000000003
36.76481532118835,10.312547628655437,36.75304727387961,10.062172916375156,22.34297288303253,33.098699999999994
36.828905185022094,10.065806859856012,36.843727470936514,10.262801944754559,17.6088824635572,23.5905
36.86848810896377,10.063167045319835,36.89842061478197,10.201901721959414,12.78009420324312,17.7147
36.822726076971676,10.16480705050609,36.84005887484342,10.11697619545232,4.672949518835183,6.4291
36.75330723164093,10.222651770174371,36.901623779341,10.224414810048163,16.492794161267817,24.4139
36.899161286713245,10.248231646177109,36.83261994556707,10.093779090578607,15.60573261453645,24.0761
36.82241610831018,10.159256016916967,36.73419130038026,10.317463964123146,17.169102319830333,20.385
36.88257596043895,10.215935527429314,36.894860819544,10.297105383229935,7.346870801764593,11.296100000000001
36.82494839760303,10.18863089185519,36.827196863249576,10.299204371965697,9.84498244957211,14.7231
36.82608031411938,10.122139181730471,36.831193768042624,10.072964538700727,4.413516841350385,7.5245
36.83651591102752,10.16728541313165,36.79735606829865,10.317782040538285,14.08673056721915,17.171599999999998
36.87556664644869,10.235378571833468,36.80947082579824,10.19252757384281,8.279858639596172,9.7069
36.79598197033565,10.27250225036743,36.90560660722164,10.113864363852814,18.650218596852227,26.4478
36.85279079624919,10.122816331442781,36.81171476331326,10.219508252428115,9.742544417456779,30.476599999999998
36.78556452491724,10.254851477155677,36.88463117797096,10.12405462615183,16.02641352402565,27.4091
36.81779650072969,10.078347445744264,36.87658553531777,10.139076629675825,8.481406812549626,12.5375
36.78719163160855,10.199262409733194,36.77199404174536,10.056330111570633,12.841368686860308,16.481099999999998
36.89102387925655,10.28310549673472,36.727917103729176,10.295984945050249,18.17285436816119,28.047400000000003
36.7899189975652,10.315827264628437,36.75666773389469,10.167930872701842,13.681933289263359,18.8972
36.7294835580633,10.05950268872087,36.83954915533206,10.092462714974687,12.585802544259042,20.4207
36.86103939946124,10.11264251449749,36.73880088129699,10.253028461241223,18.46592439983969,21.799
36.74466901292168,10.15345780057403,36.81403255255249,10.190507181820735,8.389052672800815,16.531299999999998
36.90630551542682,10.278301221681085,36.79562464203415,10.212045939562405,13.646246953812769,22.9885
36.86164728435129,10.19032320974501,36.8066240754186,10.13285038433863,7.974724869706192,11.3392
36.75903633255176,10.292379799309764,36.76751427853827,10.172890025302102,10.68580541292589,15.407399999999999
36.85942729351521,10.258521635371821,36.73784913159726,10.294278826905119,13.888715395310447,24.639200000000002
36.783653738047015,10.088821899926728,36.89062870588294,10.095249285866688,11.90881863258955,17.6627
36.793356818039356,10.058220018885107,36.726577177558646,10.133343042400309,9.99624946672965,17.729
36.854254206229164,10.117810456327945,36.749129865474174,10.167810490032233,12.508309308384595,15.1889
36.79498766391994,10.130541280263518,36.80887735567874,10.134748410989289,1.5892383071982215,2.7448
36.906327061108115,10.092110141653249,36.76247335056589,10.314970002081871,25.480369357840704,36.3158
36.756668425895626,10.126448970147338,36.85959372443354,10.231202658583621,14.763361207006987,21.832
36.88200652907724,10.270178398922,36.90958188552174,10.112452456213092,14.357148060033945,18.6646
36.78624582718964,10.055352652904205,36.85241170526472,10.073153706664877,7.526010244104738,10.479
36.7361548053628,10.187981245041174,36.806760891907224,10.100591622865554,11.05562389306922,15.1774
36.78933632066746,10.078245707427516,36.840798048050964,10.310164747273898,21.423718477313614,28.5536
36.78319690196839,10.277054902391445,36.860769983705296,10.055141411608101,21.554115746686342,29.9838
36.798699169405985,10.069552367003986,36.764049974547724,10.26671325249755,17.97665771467274,24.8816
36.886983928199655,10.196906589003966,36.742916309349084,10.306299650391917,18.747233856842563,25.6786
36.7912129511349,10.258763313225005,36.743475325909095,10.272284924204387,5.44311214311329,9.941600000000001
36.90839661846449,10.063896852806023,36.86618184181975,10.194477868818247,12.526103431054501,16.9878
36.8493138438465,10.296070400630807,36.91377647860052,10.093071903399776,19.42596081307818,27.108900000000002
36.85200894894755,10.108560421645269,36.841795052878155,10.207155265762957,8.846443468503836,13.0559
36.87743999020923,10.08770895571858,36.86256741592913,10.282190429120181,17.379117979613078,22.452900000000003
36.908417744237696,10.18974988539699,36.896455932852426,10.216763522431059,2.745678170243625,3.658
36.74966491299478,10.13835613616919,36.80993394480187,10.228787906994116,10.47746172032596,27.965400000000002
36.78195754410095,10.144401133592504,36.77039885047584,10.16270663645065,2.0760657137367176,4.2919
36.79302010301589,10.250612150525614,36.79989220945961,10.315452421716543,5.823816773670483,10.5559
36.90989350064552,10.26652168410745,36.86545873523928,10.186020663967449,8.698814091716384,17.4268
36.79395487084211,10.157053232716308,36.91070608195882,10.217300052029724,14.045334869651839,18.105
36.788574007714104,10.28471752091902,36.85619453282555,10.058165974999444,21.521819213940976,30.0909
36.80762724760415,10.169702457428945,36.7850689517916,10.20744158249812,4.19331054575681,6.2011
36.76337954507504,10.154406304440137,36.84230177200727,10.174948240345362,8.964306618154628,14.7983
36.758714833487446,10.083105903411393,36.85165411626068,10.161903903621518,12.490649310731024,18.9955
36.81518637917238,10.243454761957674,36.75967620606896,10.244599580159194,6.173291490255568,19.3339
36.813372242701796,10.27981034791921,36.837293802136536,10.085754950403047,17.47605847629605,21.9277
36.773236378868994,10.206925148529985,36.820851028232944,10.107244987874383,10.334791493812215,12.239600000000001
36.860521890885266,10.094845460191689,36.88911890796797,10.28242519783593,16.98555542766981,19.921
36.8835837943052,10.286079025004524,36.72713389899978,10.073914377444746,25.6795350896743,31.7668
36.7565961210431,10.08771037042272,36.872123786930274,10.319833926221888,24.33131469559369,29.362599999999997
36.75707320052575,10.186122822388086,36.811576785125744,10.250345093916534,8.333116699750082,18.4793
36.801017081663886,10.10951983562953,36.86936472945844,10.25487721252829,15.003525106298474,17.43
36.825027189963336,10.101221078537725,36.91077917745976,10.224405076422514,14.525928512786756,24.292
36.821825449635746,10.130095612355586,36.90944666276032,10.264169023201324,15.400873653272603,28.8552
36.805536227260696,10.274244825401475,36.76321042911498,10.145050901407728,12.430808279234158,23.158099999999997
36.90867767994182,10.095188473904795,36.76686242133465,10.08608023724181,15.789956211896461,21.4422
36.86041723830187,10.31234147864221,36.82152612302422,10.231377370429595,8.403139941792997,13.5808
36.73193263296261,10.122713387249478,36.82417347420812,10.223705359686704,13.64197204315402,33.286699999999996
36.80686518357973,10.121980938921213,36.87451515329884,10.081988229659615,8.321755370771887,11.1607
36.916394626515675,10.22609028025781,36.89433249958526,10.067736293728153,14.292099767207437,21.259400000000003
36.78254441585932,10.085996242284914,36.90531422959627,10.20476750637736,17.26452486074767,22.101200000000002
36.85169239633592,10.13166759000015,36.911996799091106,10.264423261469295,13.578759135061452,30.152099999999997
36.729048902694224,10.096220873983315,36.80048157368038,10.301001014618564,19.895744959628313,28.7531
36.824200139821585,10.228090670288466,36.861500769422804,10.206079004725328,4.586902010335578,26.4285
36.81699380128491,10.112997541541322,36.909906244908555,10.135141271688546,10.517532842231997,13.2291
36.747684718468165,10.256390374241544,36.857982516858854,10.059187672160187,21.417123686524295,26.0024
36.7941770510809,10.256946162484786,36.721471600284936,10.288842565132759,8.569309872320451,12.0209
36.72493474941855,10.10270448138836,36.82298643516036,10.15534752098126,11.868312101408964,16.3496
36.80512292760807,10.319963940874885,36.891282888765396,10.078223616177912,23.547427527282164,29.8942
36.885320620070296,10.174959005865922,36.84638007825359,10.305254664354779,12.3735362854699,20.554
36.909002352117,10.051917535505947,36.801097387225255,10.068853317689415,12.092732217971104,22.7817
36.911255018815574,10.280087218447452,36.87746843057623,10.305542604449476,4.386175384344563,4.587
36.90212480753882,10.070426560039136,36.79650761853518,10.108691244792178,12.227687947741762,19.3156
36.81227651958801,10.311232845065796,36.849752571016786,10.073513754383786,21.563754172444018,27.6185
36.7659930187843,10.142040577461021,36.78167308027522,10.28414872895262,12.776764419804124,21.788400000000003
36.724278082812354,10.084945723670698,36.80182658077247,10.298405535291211,20.878881128945785,29.659
36.72571337312703,10.245154878050418,36.84564736367988,10.076999503501701,20.052367109947692,25.8047
36.7813497293423,10.061407957258107,36.82002520749908,10.247812169700117,17.14488809095566,31.410700000000002
36.81523788359564,10.215532231922895,36.84994642272763,10.27687047161821,6.6855404279012935,16.1586
36.822901307260004,10.096133428634685,36.77006316957339,10.219320411724642,12.443177438014947,14.690299999999999
36.843519590075914,10.21422483639655,36.7328704415369,10.223950841290359,12.334071060721644,14.5356
36.77158514290154,10.222170760018393,36.8164415979974,10.12392442404448,10.070275167233547,12.4283
36.764679184528525,10.125879286289997,36.86529457641051,10.093742894124846,11.547883590685094,14.178700000000001
36.7916027595222,10.146101070429433,36.75319402132877,10.292951217127234,13.759452865809278,17.1043
36.866755847709385,10.319216374352118,36.84659074587207,10.065891182645217,22.6499349881222,28.8625
36.87333247144332,10.29538260623704,36.76556629638154,10.079527047898914,22.644705344993422,25.6468
36.738331967137,10.311607297120453,36.77614919651875,10.160327378419328,14.117861090255527,20.488599999999998
36.895461998539886,10.07457162270216,36.895313655439566,10.242778432211033,14.958008115742237,29.394599999999997
36.84468333644619,10.058805001888361,36.881416674090715,10.293980071688145,21.317068844440755,32.244
36.82223387209017,10.145016949404024,36.74846888165229,10.064234189023026,10.910176972746482,15.0213
36.827639855063765,10.288195162510881,36.8877159368481,10.168384972458156,12.579748558257474,24.8415
36.781446772711334,10.213460541259677,36.88785887095148,10.092695563937689,15.985024735650967,24.4979
36.804569472729256,10.163769425390676,36.840334197817015,10.101639123417316,6.811717019217081,7.9742
36.83134717092261,10.109065815883868,36.884894168199814,10.200066874435041,10.050001926279494,14.8521
36.7987572383211,10.198732535014635,36.88164105535465,10.274786340432213,11.434428491688683,17.2348
36.85532213566894,10.149535724812344,36.90785891145349,10.14336225495851,5.867570788248138,13.5517
36.91346184633829,10.245835624696479,36.900199658721725,10.152548907854891,8.424468630081297,15.706299999999999
36.876006091179924,10.257448650544108,36.82507930794716,10.290101846289504,6.364655037140634,12.954
36.917669064838904,10.065644302878168,36.89549488537406,10.302946349775072,21.242859602609524,27.7517
36.88898592355379,10.215991377303189,36.86296744669282,10.223025961922637,2.960013834245146,8.0135
36.840417012516966,10.176134613825319,36.90161665101305,10.119607994441424,8.461269658137992,12.196299999999999
36.740924659675755,10.109031126909903,36.87061332780049,10.223574713515976,17.662214949184477,23.682
36.88551564832759,10.160249350671313,36.91079518324377,10.313099081877166,13.87948495490982,25.9864
36.79000919482193,10.05856639743277,36.82856390562594,10.298496252648865,21.78607457639668,28.8629
36.86208721137356,10.202524635301254,36.890403894275664,10.226614484832403,3.808613929223105,5.5611999999999995
36.90311317461467,10.280501419434277,36.80367442728166,10.064123366882688,22.201545764604344,29.3208
36.79283629298284,10.315438072743696,36.80324320940463,10.187044334127316,11.490537478113557,12.7259
36.76332799462729,10.175946143410936,36.83992374931854,10.286542955901009,13.019378851122909,19.4088
36.848501659182496,10.188906527729362,36.731856826339154,10.302619810000136,16.454943540579862,21.5383
36.800504571991205,10.309439950934335,36.89546551667484,10.120522721318311,19.851356572780468,29.1169
36.836642782949255,10.130363138021908,36.91239207085344,10.30721943306551,17.84445960321046,28.9734
36.722669015107215,10.111696396408023,36.84739303140482,10.156990500182213,14.443356601371024,17.512400000000003
36.829607052995804,10.101166760454838,36.78546318872978,10.101036126117338,4.908587526890192,7.5262
36.83989590615472,10.177023021732547,36.73033322719018,10.059333861635615,16.070691593071086,19.137
36.78164206198016,10.239515336958464,36.856102440262575,10.1285279554393,12.890230757806902,17.653599999999997
36.836325317342315,10.075796676620124,36.77205658546901,10.052194610516503,7.44889799397545,11.9569
36.849900973080544,10.066695693228661,36.78961081751013,10.303126302912085,22.08765228481425,29.750799999999998
36.79912057754863,10.312187479275181,36.803635573053924,10.101230778532708,18.78937451197672,22.0562
36.867990285570905,10.102414379413847,36.74788293378518,10.209983161762803,16.43400987833428,20.0929
36.887744652645296,10.228308907753338,36.78021785548219,10.30591410067662,13.80791838950828,25.2208
36.73278651260727,10.255662715963828,36.737659300324765,10.094735271815562,14.350879805581492,21.54
36.806266671847375,10.237472463292873,36.81507966909141,10.081563592619998,13.91431461930946,17.6979
36.86403555928767,10.123642542307676,36.89231756324888,10.177586794748107,5.736900316020559,10.9335
36.77950836049896,10.283790208194532,36.86646115831295,10.121210394157796,17.40410305483276,24.395799999999998
36.75305158926877,10.066305214414301,36.835513017573945,10.060614670551889,9.183282506761467,13.8382
36.765851912213435,10.317140852227636,36.89325921065627,10.127555620161461,22.032346718596912,33.9655
36.74699325948387,10.30586830466718,36.881907305482194,10.152756701032803,20.268970297836823,26.914900000000003
36.81943092162842,10.184762436874598,36.89955899515898,10.11177766549498,11.024892638850048,16.0864
36.75431179169483,10.27841823972498,36.74517835700121,10.163155321692026,10.319520644918022,15.1821
36.88512764314781,10.318729043996344,36.82635030525887,10.061458926126697,23.804729049412654,29.138900000000003
36.79640524159201,10.147373131197739,36.89891593538115,10.180744685205925,11.779106679957625,15.1876
36.90418989513558,10.118556129972339,36.73874827170468,10.311825343787712,25.186839579178613,32.928599999999996
36.79861548530961,10.103780990672197,36.91864071469143,10.119663615011051,13.420793786353181,16.6346
36.80387559601829,10.261962828361076,36.77847171074824,10.104509301384299,14.302569638939783,24.0221
36.85222909008693,10.287513267624863,36.868081108781354,10.155876267345969,11.843290647046047,16.4857
36.78761798577479,10.075835897316598,36.804456682155795,10.241855798473724,14.900826646053723,17.8371
36.76606229203262,10.141110273504086,36.72009161283897,10.278006123753848,13.22565313446721,25.7181
36.77790022535181,10.262763578055164,36.88587976075529,10.137507617711693,16.38401889748343,25.8053
36.756810054772856,10.11092092012732,36.878232354889334,10.24496310351113,18.01845130150634,22.044400000000003
36.72993204651591,10.310034376801907,36.88207042511845,10.149445276981742,22.149439490573535,32.6661
36.87248255336888,10.101381305517844,36.75884746160143,10.112458577708015,12.674064513702621,14.3011
36.89059951187298,10.199076498011568,36.90819900590034,10.227896901808007,3.2245101724572685,16.951400000000003
36.91314749256935,10.10099416554725,36.79701643004874,10.251013396548196,18.571778663140343,35.8153
36.82327762481054,10.20661125432925,36.759412292322445,10.054237865990045,15.31449865305465,19.5976
36.84687014771758,10.163868126776869,36.79533867818422,10.211480483281058,7.127052039331216,9.0283
36.87525271488186,10.315772454163866,36.769659982909396,10.281177223310022,12.138466609069749,18.5117
36.81649617232828,10.088520208695188,36.753780620333615,10.08909656689811,6.973840089999703,12.5539
36.80626982705207,10.229894857977131,36.917874458543956,10.319027644023286,14.727015169544403,24.4852
36.833786091680025,10.31852945593121,36.910087110063664,10.195146580525025,13.87232085278321,17.7989
36.902069536043,10.159363133043753,36.87463680919841,10.261161776153477,9.553479278905364,12.6476
36.91043253522633,10.303141668748081,36.917939963039494,10.262671578639852,3.6935397221528246,4.9409
36.90001562665373,10.171899390831262,36.77713001925354,10.106353898753238,14.857198291531786,20.3594
36.91854143332187,10.301607302662765,36.77120512405126,10.061060053263725,26.95519113334663,36.434
36.84682970475677,10.14592265069666,36.80416199561202,10.097204471271557,6.427522282208494,10.629700000000001
36.77064578226776,10.166370989740631,36.81274902753952,10.223589506217257,6.919420473718144,28.762400000000003
36.807187217695834,10.308850655356474,36.87915514459604,10.10281897887868,20.004508693174227,27.9415
36.74085827747012,10.208387603492568,36.856068789487566,10.06292720792803,18.21709158299836,25.891599999999997
36.784109441821734,10.17338800574133,36.8807850391856,10.053740405417235,15.131131751411111,19.528
36.914471304309565,10.318954851717944,36.85631492473351,10.18806349845938,13.316743340865376,20.8085
36.788855774390704,10.165181238975325,36.90035271428385,10.062391864301725,15.406841717255134,25.0717
36.87117731497579,10.253079627890767,36.7784690759023,10.31943467923077,11.880726906238813,20.2455
36.91561805452879,10.212253099441737,36.79238774441677,10.307714997413047,16.1215131029496,20.284
36.817978647634064,10.114138990563918,36.89414442879788,10.070762737947854,9.307102654739662,14.6265
36.86513810634863,10.306004164111835,36.76023630633136,10.091075894023122,22.408711541308318,26.9741
36.87986890547201,10.20575096905666,36.747119491822886,10.095932256447156,17.704902553484725,20.2776
36.721845484372075,10.29032325068026,36.83090557543229,10.247370504212144,12.716029670682557,24.2367
36.83328248819849,10.12977422389442,36.88462118476438,10.18007198253887,7.2534886402267285,11.271600000000001
36.80129211546105,10.307279652111728,36.910934532170955,10.100377530859678,22.079612576139642,31.4154
36.75140380201151,10.21672764411313,36.89266499429049,10.15481488031508,16.646231899968452,21.434900000000003
36.81005106607322,10.079531536511984,36.79312588267722,10.05342057658776,2.991086681826294,8.342
36.76431062188836,10.112007053315796,36.89858974576622,10.253576569514706,19.536985700455833,24.8598
36.86650933935992,10.151656183831792,36.903894688820095,10.221436804464721,7.469774917769087,17.0209
36.85343650128585,10.273878799733408,36.807377796143335,10.20068242565533,8.286731949079956,11.0224
36.75793855772587,10.29717052397985,36.803838879144095,10.242344657713593,7.063355539395033,21.5073
36.80799013886241,10.213585119997122,36.91860565045424,10.093558187433533,16.288258868797403,22.4153
36.73694725540476,10.100435081140096,36.78384911055372,10.31208437014372,19.56240089112257,25.822599999999998
36.78687470511591,10.270892910968644,36.80304386920494,10.312727247715605,4.13625689119611,10.058399999999999
36.84011758245473,10.110597335854008,36.83270123221668,10.147478276334542,3.384229477703409,5.902399999999999
36.788654035413245,10.092862652366524,36.869964215257795,10.074974445159755,9.180388846280477,15.8785
36.80961771382634,10.122741943929748,36.738902695010424,10.160226290458464,8.542573510790296,10.7514
36.81639959684793,10.212072749445275,36.740910430856324,10.258260294130087,9.347769732914225,24.2437
36.82502665522345,10.31663222117907,36.8000554836978,10.271631432991795,4.8742842296952045,11.7395
36.72871851663436,10.135961649486585,36.90225280869475,10.2039827782733,20.223896756157266,26.1132
36.74286030118666,10.102154472319018,36.8833993019997,10.21548798981092,18.601114419443675,24.315
36.7406522429536,10.231816104635325,36.842656340724986,10.190884153588124,11.913592005581753,14.6575
36.836117175472815,10.230933785700072,36.81120467181882,10.279101859224676,5.104482135048126,15.280899999999999
36.86233729838444,10.24813075018363,36.8894059465971,10.239023565932383,3.1170013131497787,4.1161
36.86574201709325,10.054309377310085,36.88078050260987,10.318119811321589,23.525969091438732,36.8198
36.82253054209616,10.137636147611001,36.91509103938115,10.105955289121853,10.671131360408372,11.7657
36.7298234025547,10.109719384994966,36.84832246752171,10.153170722544345,13.732872794786736,16.950599999999998
36.845431692674005,10.27185302154178,36.73498380762948,10.173056779575315,15.107214319549893,23.8835
36.883471940278014,10.281633978542908,36.817305958133424,10.069521029243946,20.256847051257715,25.7762
36.861408696189216,10.124800230717954,36.79898147582494,10.307125682572352,17.64972100911021,22.6062
36.897500491237935,10.238425055633158,36.738016127065286,10.20511261518561,17.980068466875828,25.7937
36.87729899891127,10.165212948069044,36.869917000827655,10.156587368885015,1.1235952400709583,5.5087
36.8287786233302,10.299249010640883,36.73940981398728,10.297567142616598,9.938486908112017,16.3434
36.77189860786099,10.125366270322369,36.80675667074335,10.10506986551285,4.276720222478157,5.1609
36.733580823698844,10.149275345026282,36.81052840141596,10.108904068597553,9.281078533189474,10.3626
36.7961361816157,10.3131280173744,36.72761034016811,10.199215093857216,12.689869508881216,19.6105
36.86465646445108,10.253050110025299,36.75139534322432,10.234957374064528,12.696650792701558,20.0213
36.78477955384064,10.11730576555338,36.75974354553975,10.119953367317342,2.7938473623102773,3.4858000000000002
36.852097264525355,10.08748612986688,36.90158897991774,10.165772703117774,8.87551454681375,14.8297
36.90160236916197,10.188081974482461,36.80854339419942,10.204777193035323,10.453759875344035,13.281
36.806355152794865,10.244537258132045,36.82726731777339,10.076160956565678,15.167776333123799,18.1742
36.83891305047268,10.22243830319112,36.819703711884976,10.180958932081374,4.265181378709005,4.9351
36.77782988711444,10.273393257685447,36.80155685833035,10.216877798666056,5.682286643562856,13.1921
36.80184336586656,10.092138058190164,36.90764814584133,10.079066455161604,11.82230061261363,19.861099999999997
36.80816372746592,10.154391125715348,36.9119547628384,10.210414821588206,12.571339487386375,16.3872
36.809971162262066,10.148462808001506,36.787561133703605,10.190609481662033,4.504677313194264,6.7681000000000004
36.7871849642565,10.266801690890507,36.73151671810373,10.252910544686962,6.312511343620624,8.812
36.86240437563643,10.309053693389505,36.823985668572966,10.173563186453368,12.791341486899135,14.0118
36.88815706373362,10.073341718280819,36.85433859035809,10.268343319376296,17.749168874639707,22.7969
36.840241776777575,10.102081864648687,36.88129640531846,10.065493826635564,5.606744656290584,9.875200000000001
36.86578938634387,10.11197735209462,36.7974754517734,10.15409380267349,8.470659439578643,10.7435
36.81677812170274,10.14106588592585,36.78882686714606,10.214744028509935,7.25890222497518,12.7382
36.78271623752162,10.113110662189214,36.881403789354216,10.257859630262349,16.92281243151708,21.0445
36.76887075089427,10.08421134384803,36.85329200983384,10.118228657124641,9.86361194301576,13.9594
36.85327361937745,10.192103615989438,36.9075023020225,10.065580115595266,12.767181517463221,17.0147
36.908643077197496,10.317998410806442,36.796015211074526,10.068799983030143,25.465135080909704,32.817699999999995
36.742867255928,10.312289696688028,36.84657346149482,10.082371230985348,23.497015886229953,27.542
36.807827000393644,10.218535989559612,36.83305532585348,10.113613017596256,9.751762609242297,12.3909
36.80162134016857,10.180908345310787,36.84546724396621,10.208540118158627,5.4606848965211405,7.1107
36.904516776734106,10.154821727283196,36.873455080072226,10.2001523843685,5.308655237494536,7.7545
36.9130917100716,10.095227149583035,36.90954721731514,10.202692469682953,9.562617953098066,14.960700000000001
36.770321311145885,10.119629564045795,36.73841978230857,10.20093081720464,8.065140616470613,11.7276
36.8989563751169,10.076762325085527,36.85823432134435,10.205542899061982,12.31701793736572,16.9686
36.81582160378398,10.164594495099449,36.874269242693664,10.072905299304537,10.431036325510224,16.3977
36.87144501846615,10.262797907799289,36.81543939783625,10.267108094837731,6.239340955269394,11.7021
36.81450234903758,10.30471128732696,36.82595660023883,10.207287410351123,8.76509452632959,14.0953
36.90207797534655,10.136446258117958,36.86461307925834,10.29323501598376,14.553802396768921,26.086299999999998
36.891568416326166,10.137320766566772,36.782981731425345,10.279750133892584,17.505790467195954,26.285
36.831920279426924,10.309785803175078,36.91517394431633,10.290030789690316,9.422689505256344,11.969700000000001
36.720067016585446,10.237089183649632,36.87411796963942,10.202106295841846,17.410590686648646,20.181900000000002
36.89190455291147,10.178179993181635,36.85777819309472,10.113374907740251,6.901316198186001,10.8512
36.77777549945196,10.189742468095675,36.82746806548609,10.164544785738991,5.963633176575552,9.936
36.89331139623283,10.160313096705435,36.78386176577674,10.119555281375128,12.699249172801197,19.4509
36.85480863931394,10.318496921389329,36.743104307350734,10.104156447191613,22.770588585841153,28.5918
36.87994674654989,10.29874313247448,36.85479139386841,10.070947910515615,20.456541688180238,27.0861
36.82674576762645,10.2716487186408,36.81072166348424,10.215349864119228,5.318800190410199,5.1693
36.79559235209432,10.280952882992667,36.89534019122948,10.255571529422637,11.319070720203312,21.099
36.89479595330588,10.122849805467801,36.767865650643344,10.25416035017394,18.324438611033006,24.020599999999998
36.75474033344239,10.294808267694266,36.90271896300739,10.102486716921838,23.743486241409094,33.7987
36.88903281791698,10.196776365438001,36.77506466424895,10.17529522741837,12.816079261227967,14.756200000000002
36.81967043250021,10.265982603198916,36.73409536401493,10.266349597674127,9.515569601352556,12.4832
36.808535837669474,10.196094280582995,36.77725031040032,10.242328050684197,5.389892697737622,9.6897
36.754999374270966,10.174685838189847,36.736610333326105,10.313615588395656,12.54641716913469,16.3425
36.81980540775996,10.1533822382629,36.79115138125746,10.226821101033753,7.273340651994421,12.3442
36.83889099704565,10.226294350956747,36.72969119061667,10.166147191828507,13.271429258671082,18.841900000000003
36.73994507717061,10.310768798878883,36.9089425584603,10.076188688998103,28.09070206461165,37.4105
36.892657688653536,10.183873452505525,36.78865836415213,10.201168700324082,11.666168896538862,15.699399999999999
36.771272949590546,10.177432629458595,36.81963819080877,10.2463384905947,8.158894814882913,22.4273
36.75378851143837,10.291051349486798,36.82836177021918,10.064245778095692,21.832506888543477,25.1393
36.80587749538299,10.203711119718445,36.815544547664196,10.232398272837814,2.7708685068828394,18.9836
36.883061174803075,10.277409917615989,36.80677912250852,10.30652920891725,8.869134378419526,14.4535
36.8818309892684,10.177887342547791,36.908696509584836,10.265846170197754,8.372904416193828,20.215700000000002
36.72680856030932,10.14520812043356,36.81070000491058,10.29346216263713,16.167956611647558,19.324099999999998
36.85535241942905,10.102354875617634,36.90427307404784,10.142161650317533,6.490486796529409,9.5589
36.8676917721899,10.137669918247319,36.76441352464675,10.216106045946015,13.440043412822567,16.3445
36.83811673454692,10.263026033148712,36.904044158550164,10.23389081709568,7.775443229316091,10.5557
36.8051522217411,10.22436354266531,36.90606940947739,10.113617268079757,14.933540761481645,20.4593
36.777778810177864,10.239049388804224,36.805321909476504,10.198343558672754,4.745371473262091,7.5262
36.74084694444994,10.266272058897501,36.83842809797298,10.162096639218412,14.275573508037184,16.232
36.76746873877668,10.244414678586876,36.75182489499469,10.112093953425488,11.915338614982135,18.371299999999998
36.86519521443996,10.109251046717356,36.72982882697056,10.158668491161386,15.682013814272377,17.5944
36.813326476166786,10.283649192037416,36.79211150505725,10.240451772790005,4.511864133874866,14.5108
36.83707527025851,10.243455686048181,36.87575467610807,10.291113223702276,6.039638683772903,9.3736
36.88599945454505,10.307813057945713,36.7272675326458,10.261064808468904,18.134249976787405,28.7379
36.878690947751274,10.10930203932648,36.78863020253768,10.063866782609429,10.799874021161761,15.7681
36.78744746212269,10.085523673319255,36.82060645692482,10.171509128670404,8.497151207910726,12.1197
36.90788240110785,10.272732600340486,36.918684990705906,10.308565248847202,3.404651221871894,4.5268999999999995
36.896781388039436,10.161159874872784,36.81333392376899,10.189814023863422,9.62280261774563,12.5572
36.88547870310026,10.276288057949731,36.738931553050094,10.160481480571516,19.282674543844045,28.8451
36.895407097038856,10.30554549045043,36.782723061048465,10.168656380819646,17.47568298894399,22.267799999999998
36.81071451534823,10.209602006184001,36.84343336026986,10.094862230231527,10.841193862131586,32.012299999999996
36.875672195568214,10.14175165137862,36.87164876849725,10.206481876095994,5.775209042932484,10.781799999999999
36.80769331749319,10.087619511161906,36.78547110453896,10.181494293223116,8.716314340927847,10.446399999999999
36.906963597828636,10.059476095878875,36.79385420678377,10.124077790995504,13.828490553926214,20.206400000000002
36.74618682926764,10.224559087961579,36.792748873662894,10.255616289129028,5.870163269921745,16.8325
36.78024999729017,10.221483930892056,36.835566156284564,10.30875401829164,9.909500463743713,16.1892
36.79727525379741,10.311502266901867,36.73361975375473,10.315972305322754,7.089359520047364,18.3549
36.89996837853313,10.217621542708361,36.85631806889616,10.101516944486605,11.410822415319089,16.004
36.77940305727464,10.282690709705989,36.72607080755766,10.192912916252013,9.95711525927225,12.836200000000002
36.7745815776332,10.109343709693787,36.78959495054724,10.218459950025247,9.860035055516212,16.3686
36.801911704993636,10.27986337514107,36.752582794086884,10.159091046437968,12.074244471336003,16.1828
36.78905739941889,10.26642820607753,36.80401138852901,10.193103503686475,6.737344228245948,11.7072
36.838983194819114,10.098942033314678,36.726304530072575,10.194822138348146,15.162285991839495,18.1018
36.760913460654734,10.129260790014966,36.830124950269145,10.072268476889146,9.218505466435714,11.7996
36.773451550316956,10.176881217280137,36.82575170351116,10.298616349586384,12.300588910768434,17.2028
36.90279337493658,10.10230822173595,36.793558256634675,10.13378780069587,12.465188376360258,16.1445
36.87847718864154,10.272556272787915,36.85325206498957,10.172380551665595,9.34268757285049,10.6757
36.89351712346299,10.143969166250573,36.8374770623705,10.09819524901427,7.443919908043137,11.434899999999999
36.74563540420858,10.05867304464348,36.81303281012954,10.117566928339897,9.147432609482827,16.0042
36.85553238206515,10.191550972495287,36.75971769881672,10.227893715007104,11.134571262817762,14.673200000000001
36.78407318622034,10.111920952163736,36.754089428833595,10.222130227057454,10.367413787957553,13.5254
36.84751751635457,10.267953650486206,36.853583851675424,10.193273102020225,6.679109966672144,10.7422
36.81649003098578,10.144577830278696,36.72794818364176,10.279991688422415,15.569382587989415,18.745099999999997
36.76848340830727,10.286583907953652,36.858827777949365,10.128407676582352,17.297257733292714,23.5891
36.750559177641996,10.139178910158432,36.827287913871146,10.224103430076834,11.401069752316157,20.6715
36.90419406655193,10.186878651502699,36.75991303955807,10.088136964602375,18.29254070571069,23.5085
36.73078406406103,10.099510511210177,36.832611315991635,10.09711788922761,11.324678657343966,15.2117
36.7688771842511,10.31097488516472,36.8329553302231,10.20410315148789,11.887463415555356,20.8
36.88881636807196,10.276396761571203,36.88806176699199,10.279730739528643,0.30814903096325635,0.2204
36.75738593990389,10.171753684373996,36.81295587258697,10.193346660467341,6.471394945547192,10.354899999999999
36.789577205566175,10.083115849154895,36.73136716071887,10.293210189612772,19.80351300115462,24.047900000000002
36.73659167309808,10.160694739271413,36.86833116773334,10.170112715122515,14.672743159907704,20.51
36.8841763154652,10.240625217476373,36.835433602730745,10.227409237928414,5.546013828657999,8.6389
36.79075512476278,10.292528457532141,36.89128064470154,10.209604174524893,13.394084695048987,22.887700000000002
36.868865754679824,10.080202662305247,36.83260087284865,10.112923177476228,4.973645885418042,5.5665
36.74393613740902,10.20242620191739,36.82153217989309,10.090006564303575,13.21678004901306,16.973599999999998
36.81681288625752,10.120962990662182,36.79662675934521,10.062018510268267,5.707675152195328,9.9206
36.74223550820295,10.255884130675277,36.734649577152695,10.103697887570974,13.587337122243447,21.499
36.77796954468656,10.15366335733529,36.91201448427193,10.206280497051095,15.623215374404017,21.4764
36.87302167340099,10.31096192789547,36.745377830257894,10.261391092267266,14.86360454497909,22.229400000000002
36.793937653774016,10.312577188361573,36.81241845618246,10.133152513167389,16.106448667631803,19.3934
36.89271539752741,10.255792410170002,36.83546483503032,10.091868902090704,15.911997898136235,19.822599999999998
36.78185998098444,10.253784102695295,36.823253104169865,10.260190584765715,4.637914218201015,18.436700000000002
36.722410238631134,10.107555696823184,36.79544858988491,10.136312094242285,8.515943613610679,10.1458
36.74683415538074,10.280701056703752,36.724809234637554,10.220090898298592,5.930393892900395,11.493799999999998
36.73093273525322,10.15161714601884,36.87415896449121,10.070468490261879,17.488258591911443,23.9853
36.79840233521992,10.228543588298157,36.81600220947856,10.057649653699906,15.33984318673039,17.7023
36.88230795874455,10.165251791769078,36.88356117841868,10.218819935334066,4.766428736597016,7.1901
36.85820837483868,10.114505181660292,36.772000022215984,10.126237286907482,9.642656716114681,13.305200000000001
36.79085672435129,10.263586393718224,36.87844882371106,10.27150612656457,9.765266764193202,21.3163
36.90289687466157,10.21215768484999,36.89072220640431,10.116335043324398,8.627857536053986,11.5927
36.878078783853624,10.312506821767387,36.76036746563572,10.296205336184832,13.169090983543665,20.546
36.86151978281493,10.192653966574223,36.72638426109558,10.283855983101295,17.08048881578698,22.8736
36.86524637215193,10.22608653461051,36.77482282807935,10.304567593646212,12.243312035447344,22.8663
36.765018252921905,10.162419132121666,36.78710369968376,10.211447684135855,5.009915443868931,8.369200000000001
36.895403986550484,10.249118311485278,36.7219043906695,10.186394842637116,20.084170910779957,29.6102
36.843285516347265,10.286044779527218,36.81457747363912,10.230726814392044,5.867785867063631,11.0035
36.76768431924084,10.073710936797886,36.79428059943873,10.097137550263827,3.619245942030841,6.8484
36.792258655374795,10.110955461571521,36.83808250828351,10.291329024676715,16.845865960625122,23.8681
36.77441567323718,10.207114740032512,36.72197185014548,10.217788830262002,5.908528361261531,9.7102
36.85931887794667,10.264680408811943,36.860227759158654,10.21093239532005,4.7829064868972795,6.578399999999999
36.79012736619747,10.230630319600763,36.895558050229056,10.171268732012516,12.85850712165841,19.610799999999998
36.85913346109042,10.21995579535628,36.79875608560622,10.283539804604427,8.780649505493516,19.919
36.869925212882855,10.104104258234306,36.737644896878535,10.261617489661676,20.322892336616935,26.0512
36.79559520165926,10.159423454611707,36.77028156037951,10.232728320879,7.109272009495974,8.8349
36.882125689968724,10.2496349938563,36.87354108060833,10.089793523920463,14.24937863075032,20.2785
36.766670706354496,10.268807764916222,36.80267251191045,10.165336127731164,10.046689938942974,12.3416
36.84927333677464,10.177723925504294,36.81008622501384,10.304544425955203,12.099246647370029,18.031599999999997
36.7914104436803,10.217382345067808,36.89420906369269,10.276026257105658,12.565589892990074,20.0827
36.75462707605338,10.177868269809268,36.75024995709369,10.285667424804494,9.616423489849343,14.7195
36.90016786067101,10.211482942511244,36.88654804085199,10.219411903111325,1.6705555213902825,2.1936
36.74557600793794,10.11363393892461,36.72802520316663,10.168670872552386,5.278401096211448,7.9994
36.73883392961952,10.23950523187235,36.8787303953155,10.289412314638506,16.17785969362237,24.6938
36.82682117979686,10.088163519731122,36.788319530899855,10.1992137293653,10.773764233366828,15.023
36.89440343730704,10.215569201889233,36.72607665483549,10.143819943705497,19.776990750430585,24.961
36.86979158909054,10.102922202818316,36.88270839382807,10.317933093178025,19.17875818652591,28.7264
36.85987192454994,10.083356573048528,36.73773646276385,10.254527239354164,20.41375000417606,24.4495
36.84701561491781,10.231610893515589,36.76262062564284,10.318031880322518,12.135309352225443,23.9374
36.733402945418064,10.279594469895935,36.794757725650655,10.148775304836967,13.503418186687135,18.824900000000003
36.80300823169564,10.24878398676802,36.83579237552846,10.159954282998477,8.707018822573914,21.017799999999998
36.85804777816293,10.10117250028848,36.893572079829475,10.073508883266213,4.6538452436304585,8.4532
36.779515076926884,10.168452785101437,36.788645839415615,10.278585673157266,9.860378783044201,14.4839
36.91519287123564,10.310400583010406,36.85032937749405,10.265034274330278,8.264419627057203,12.5818
36.91895170252684,10.26784031689325,36.829697026397774,10.056322731167276,21.271811074286557,34.332300000000004
36.79016921058139,10.122539004705418,36.80869678769925,10.217729076948569,8.722319270676827,23.712
36.85976070836656,10.27005694611186,36.85305667891532,10.260090923204647,1.1584157497273506,1.4350999999999998
36.804620138962946,10.102190856310918,36.89312650710937,10.051157876012988,10.838560992878861,21.368299999999998
36.74388259399772,10.27574166634315,36.86615448608444,10.09339941850994,21.175462672126983,25.3025
36.733198532041506,10.129029239449567,36.75221082934568,10.117894150590931,2.3353191361525973,3.1035999999999997
36.784085214204275,10.232472055198674,36.749012828700515,10.073272354296689,14.707369126212674,20.9917
36.797568981057324,10.3160740885229,36.81809267295415,10.078296615183286,21.291543752764508,25.536099999999998
36.80516386609262,10.185669877171193,36.746226026181525,10.101748567409295,9.94070309335878,14.3224
36.87617840773663,10.211814171026314,36.888489717396645,10.27069773502111,5.413150329709508,6.703600000000001
36.85025644830946,10.201398902036699,36.789498685374454,10.22952937876982,7.205067316116996,14.406600000000001
36.738127975656816,10.31155301734933,36.90747421255356,10.099564209510381,26.657729975872492,34.8701
36.78735193012283,10.206886390895242,36.74901012429014,10.093997430903508,10.921983921601106,15.672
36.81108774068657,10.063939736331369,36.91221373225915,10.252497347279832,20.19524510201305,36.0619
36.85310246322647,10.115063645785563,36.82747482242769,10.219544488104027,9.724686074492414,14.618
36.73151413913423,10.134688226812214,36.91267163837364,10.089866853517234,20.535080006489462,24.790200000000002
36.8746875531907,10.128212156946798,36.874223232288315,10.054013212075043,6.600244951867885,15.899
36.826453517525984,10.113382427112395,36.85314662296299,10.15312346301005,4.617070043324434,9.1928
36.797604895844955,10.090717213638593,36.795613607596415,10.174900764355412,7.499074391415087,9.8173
36.768332204537394,10.271930021549855,36.76869811214316,10.283046817845669,0.9910514439939238,1.6336
36.85499505634788,10.119845967461535,36.73471217367425,10.169471626729317,14.085899052443747,20.2136
36.898547047355585,10.291277100253682,36.81516489270282,10.061356304958132,22.45939015967079,29.1921
36.89627716425827,10.290758797046548,36.827166628566054,10.161033953552066,13.86544493247244,19.4026
36.90670608081214,10.306270432141142,36.77688600162359,10.102519405041797,23.176081008650478,29.385
36.748074950084074,10.095091371534268,36.849257717484264,10.063225817603705,11.603246839646989,19.225900000000003
36.730594019426206,10.088864540760273,36.79628745322117,10.202092438182188,12.453650997946125,22.3803
36.79308189663493,10.26164484563075,36.80139949851601,10.068314353936502,17.23906323546087,28.6526
36.741122225836094,10.232519698310382,36.90195730700866,10.095618894809812,21.641016196569872,29.5397
36.79759482623964,10.142604168422471,36.751403375617016,10.158587586795209,5.329890562963644,7.4885
36.90924041456216,10.219321057324485,36.836804717094864,10.090700178094664,13.991923319199271,19.188599999999997
36.76798156168343,10.143777851435361,36.76716308917252,10.125967112809494,1.5890989297292528,1.3565999999999998
36.73681437227939,10.151147861600743,36.793558037409305,10.242759210669353,10.31529853266498,21.090700000000002
36.8021090690779,10.146357554316173,36.747537211332364,10.259666187912455,11.775846679492114,13.045
36.901914161021544,10.267145411898904,36.80872741571344,10.303907294169063,10.865865625966917,17.0864
36.86467022329612,10.137372786652616,36.81946053168949,10.07462110891209,7.513623599507928,11.143
36.89262901300146,10.242960470778492,36.81903626928882,10.07960704796919,16.67929368611252,24.8429
36.86058526718117,10.242670435393407,36.8557922796217,10.137137476000625,9.404335711603885,16.2452
36.745440577367795,10.318800119743772,36.90549792117908,10.232850800710725,19.37209191928454,32.3428
36.83016896035885,10.30959257156981,36.799160781813185,10.270710145568017,4.88560358326745,10.967
36.73296457837097,10.18001700707365,36.73679393273339,10.070607013596751,9.759136427791956,15.2302
36.85212725258016,10.261742811867595,36.77499816028152,10.146756487708567,13.354207931520511,14.741700000000002
36.89535122047877,10.266347974755138,36.82150812854396,10.174815420332651,11.564519901949295,13.0755
36.81055384235916,10.11721005659756,36.80361776143797,10.318052295146066,17.897411633509464,20.458099999999998
36.78313408296142,10.310591529235246,36.83497034588119,10.099129553475453,19.688380166793245,23.475
36.87081707810445,10.11721010813827,36.8063542871286,10.266990445187734,15.134388462506273,26.377599999999997
36.86532537778647,10.14510642444687,36.83588216602435,10.125354657895162,3.7158301140405516,7.1795
36.870750380290126,10.282595444606725,36.83119771267769,10.160947565221063,11.683383285147945,14.7979
36.91305534567487,10.319765856653211,36.78046254208606,10.147105803544184,21.293679210107033,31.8227
36.833528421190046,10.283148752362202,36.73340153788451,10.065926876765875,22.320088170368926,30.4955
36.91215701424,10.150557939775473,36.891423844133655,10.219721045357007,6.567818535433036,7.961
36.867833802136076,10.166266704153408,36.91370750054335,10.139049973768396,5.64605016406296,13.394
36.89848558562149,10.291831271495933,36.75674321219279,10.254713897885281,16.103544988517914,24.5438
36.73465622110749,10.147996385450812,36.809077530375994,10.163412920546449,8.388424631135065,12.8
36.88931942593528,10.149925594659832,36.91907905390131,10.318483028809933,15.348415541014292,30.9053
36.749568644531045,10.165322077938903,36.84163105329238,10.273019279026526,14.026910634900293,19.012
36.78319285268759,10.20650506130065,36.755854817683655,10.295649974239886,8.502368218560283,13.1269
36.86363413839739,10.076630281332692,36.834899986254484,10.13035778816262,5.750080775576829,7.7623
36.81077983767727,10.148189750162757,36.90014557403049,10.055562267212117,12.909827123628252,21.9496
36.90716293800443,10.199796311780261,36.84883727797545,10.194528862986067,6.50241871327299,8.97
36.87204297045931,10.080749435029158,36.91330583147011,10.107541907648338,5.1699842657518875,7.230300000000001
36.805446447198875,10.177129952427796,36.782557770631044,10.178788741633083,2.549387170398206,3.3467
36.87177211915215,10.23857625502732,36.78190194381715,10.148265204452779,12.824792726281869,22.3748
36.75482498441908,10.272231801824152,36.853865923802935,10.076931654777955,20.58215874190688,26.148400000000002
36.883194469377585,10.127327328227771,36.77914982442629,10.174921976489596,12.320336109139154,15.374
36.7830639102019,10.12564639374398,36.733151513002866,10.305577839349148,16.962986343667236,21.7363
36.883934161471416,10.289089356000735,36.90650058403532,10.051075297282015,21.313961764397764,26.9853
36.78469488566235,10.305022844500856,36.7684347466158,10.093142842892588,18.95740027819779,24.0458
36.74979138317804,10.126180264997087,36.831001635851884,10.258118828551927,14.818266304141002,33.499199999999995
36.82049824286962,10.107485732275553,36.87240312138767,10.146367577393644,6.7291405889181375,9.774299999999998
36.91412486149045,10.086342647159732,36.906829850490716,10.258332432652914,15.31288049892289,23.5455
36.79633210069511,10.213349382986573,36.76277565546465,10.267378944614661,6.089113271165563,14.639700000000001
36.8072773630222,10.09901567507088,36.72626175208282,10.149590342409363,10.072158887931488,11.976700000000001
36.80094915502389,10.194247816607742,36.83303766780231,10.182275613529622,3.7238402310511263,5.2453
36.81738125412639,10.094769904488382,36.87693704254262,10.211002847355102,12.28112473402749,15.5937
36.733815938707174,10.312378945005841,36.7293680575159,10.27404970838469,3.451396541869111,4.6434
36.849717763717706,10.268406011999115,36.741611640952094,10.150088892797646,15.98411217699124,26.2989
36.8333252567855,10.267234700689754,36.798818825065574,10.14580001458354,11.470699822942434,20.5274
36.75424497379893,10.297507890123828,36.76499378135451,10.062352643783832,20.982677237913567,30.1158
36.9034968855852,10.218682798484831,36.75067773247085,10.05257304181482,22.52421078979974,33.356300000000005
36.728925091257935,10.127667062379873,36.82414243813814,10.22095222821465,13.458401095139779,22.3111
36.77805001527045,10.180657040434236,36.915750403796366,10.155243562259116,15.47767316092794,20.353
36.78747131878279,10.248048099809486,36.88068320623459,10.051287209770592,20.348722202989826,30.6144
36.8447797204067,10.212264597295562,36.84436112803075,10.269778525254168,5.118112863498373,7.8738
36.79022295197476,10.108735125243815,36.741064004847956,10.182397899144691,8.540208678867266,12.869
36.73628215380589,10.287367016916507,36.90559026041081,10.308362145672383,18.918732727553483,28.5505
36.78877993975692,10.114322174459861,36.87792277796616,10.243943711109457,15.209677613580297,17.3688
36.75800842598011,10.141504630572932,36.86388515600087,10.153217385070395,11.819041598739235,15.7736
36.756793882983466,10.182697106958631,36.87550349634229,10.056667271468136,17.323482205212326,22.7742
36.737589668072275,10.18159216199615,36.893506672647774,10.226011220542013,17.782380904345167,22.3101
36.834459488250175,10.29393983415796,36.88422368975091,10.095032654763365,18.54138703053759,29.5992
36.74564095418013,10.22721931811889,36.88210390889563,10.0971373440026,19.0878802896775,22.4567
36.80497364904999,10.067559932878112,36.83548635590013,10.069866896186767,3.399066927130135,5.7352
36.82603207172607,10.239863070881423,36.835681502025146,10.286720769380336,4.30621578177435,13.3835
36.780164956111925,10.059642802929217,36.763564682827194,10.25768637195486,17.73604526250277,22.288
36.72011429155058,10.24480138575436,36.7676494655786,10.179949010708187,7.831311404075246,11.4825
36.81240474221694,10.172311818657644,36.82590252759461,10.209451885289461,3.6307634401074877,4.733
36.87973545844243,10.20038044611029,36.87307416835255,10.137363844412084,5.653951656103756,9.6093
36.88674919836172,10.124285463263925,36.85575277764744,10.150193315023575,4.146156867218457,8.8508
36.733651587451575,10.126210396609965,36.76643807425965,10.11248657616117,3.84527326357121,4.2591
36.785582318867284,10.102948047119549,36.750211370755146,10.25107422277949,13.768002963727831,16.6083
36.90667224545908,10.250098838717026,36.81431597479819,10.168410065813404,12.580999560867376,17.759700000000002
36.80583292118833,10.300102586025236,36.87423285108354,10.252686757894871,8.697804512217317,20.9482
36.825907511573156,10.143933430577441,36.74207614796768,10.14879901472144,9.331687910714123,14.6411
36.89615726069138,10.079870396937489,36.75300863799056,10.106798557840396,16.09684677171746,24.666400000000003
36.77586810911591,10.17632466907833,36.8758126594729,10.241650076880655,12.542473415947715,18.1881
36.78332001080197,10.190454027562378,36.826782021716056,10.057327934646201,12.799800967111523,14.7099
36.82455555244437,10.081910528626077,36.912202484145475,10.272750853800211,19.57526928414694,34.5574
36.76761383320767,10.196491450239003,36.84187581607701,10.19143387874307,8.269823623307913,10.870899999999999
36.768593078313835,10.109862125889862,36.82557219399587,10.129895587240123,6.582106977105679,8.8291
36.861009125474375,10.183181701138185,36.75265386121045,10.278560727861404,14.740207448824924,22.0235
36.85483089771561,10.237898739736755,36.84184597870253,10.21730064555066,2.3332434834395945,8.1378
36.87957239652757,10.27066890611912,36.874849511556796,10.16424547819934,9.480645626104298,13.867799999999999
36.794345246529694,10.306559672200159,36.86395243787877,10.284331719093766,7.988804641522819,11.6509
36.811991458162716,10.206494614852838,36.83751898869139,10.104439705044022,9.516922159539336,12.164100000000001
36.88486689979994,10.05247210094069,36.846748980370805,10.268666483333877,19.69430405203579,27.7888
36.747032986813885,10.285838070322901,36.72182239855995,10.137475884263338,13.514989263987509,19.866400000000002
36.88800485559622,10.197937708041014,36.81153200143467,10.08724828401379,13.011992285440828,16.302
36.84287066806629,10.21259676739739,36.85253834590153,10.26390557773734,4.69040042013374,8.0078
36.85094495533596,10.083737568896284,36.84576494378498,10.272477017091528,16.80410033782088,23.6378
36.73206305265771,10.196224330910287,36.90410063261154,10.080973190858865,21.707074688600084,29.1148
36.78345503110285,10.155742168349505,36.87826038421706,10.29542475275039,16.299821849289547,22.8246
36.897684590969746,10.215782015250957,36.74003340321013,10.099725987000253,20.347625705312996,23.894
36.78192364472405,10.14097608185038,36.744090740204136,10.2035372420801,6.982500780285963,10.2944
36.909594447816716,10.29219700561001,36.85097940709037,10.106694052920183,17.740028128802617,26.7205
36.862083346912065,10.133609013818697,36.91676059026295,10.28141684810071,14.482953477809554,28.2122
36.89038500736196,10.188953245664651,36.76035835027504,10.086343017179518,17.101348111682203,22.0306
36.772978179205985,10.18772089907627,36.833853944958214,10.11205557748339,9.55007591538667,11.0748
36.742415262980224,10.056125307313076,36.918405181053565,10.229878528818567,24.941914852230667,31.3326
36.8643614931129,10.243471119832702,36.805756902683626,10.117404080127868,12.974701583728258,17.3612
36.874198187978635,10.209323650052815,36.865675109135594,10.133658028770567,6.797296041445211,11.3429
36.850673780151695,10.0893800475653,36.88282161685589,10.221430561012546,12.279010366745597,16.814400000000003
36.89212960711847,10.31800092700388,36.75613564351622,10.123722942094956,22.97174515722919,35.618300000000005
36.911551927512114,10.304942077415992,36.81946144137701,10.208540484030403,13.356833640479627,20.5684
36.87640749978196,10.174135750683117,36.874892138884604,10.143992587979133,2.686500967094371,9.2574
36.896107656331516,10.072220299747483,36.73473395057219,10.19057110878342,20.808211281663443,25.6889
36.79617333784202,10.161691994843633,36.863516324644145,10.152489160481812,7.532861435047248,10.500200000000001
36.78408077180245,10.071390073962498,36.86110063534507,10.223418839150371,16.014587697018943,18.579
36.860863303015854,10.307033334735769,36.76304809196466,10.318729006771099,10.926276827777189,22.5613
36.883185453555036,10.142782063947061,36.89766775744668,10.053669626494461,8.086908131032288,16.468
36.784948923060774,10.164274005976099,36.80508612285957,10.186639863829908,2.99666179177288,6.0797
36.84961460637243,10.278781293860996,36.79950010793384,10.243357245805518,6.402673321004421,17.55
36.84187266151725,10.278655460933676,36.76787927053154,10.250626956601682,8.597790917011972,17.8324
36.763156043339684,10.141676483813185,36.81383820057623,10.180655041124103,6.618781286984387,11.5174
36.744564514719,10.147187735368687,36.73921221162748,10.196248616473275,4.411884950271451,14.1311
36.734139431666065,10.18230510498439,36.8657913297353,10.166134830525422,14.709653240949784,24.2855
36.73083732398407,10.090385004959288,36.90545646011774,10.290261883237676,26.335809493162643,34.2156
36.85558907147226,10.1770136447194,36.880613824401884,10.06227188495736,10.579694939892615,13.985
36.73314230042264,10.15903155924804,36.83381654278656,10.165969605358981,11.2115038835459,16.1297
36.78254939026178,10.187086172256334,36.91507315690605,10.059839241565731,18.58352838508866,23.806900000000002
36.745993261477444,10.13567324973372,36.81312714201775,10.088277129654543,8.57575116095418,10.280100000000001
36.744993107195334,10.104448185581177,36.90135029159244,10.056902308987555,17.893791744061893,27.9183
36.88292714285356,10.08708078276051,36.87799817397048,10.147735418299678,5.422612614904933,8.2626
36.91113495109327,10.115514196063389,36.795927851899705,10.246756068463917,17.333937935789876,36.675
36.72311242115385,10.293115148861139,36.85168446097355,10.166545735597468,18.20528677662434,24.5721
36.7488023335704,10.202529179427533,36.74833079608464,10.172213758785336,2.701522597697173,3.3239
36.90986871250659,10.313604830080735,36.73188441046179,10.118714675830818,26.31778149792521,33.985800000000005
36.82998577893432,10.206416894374854,36.838156790958905,10.109585282797834,8.665547920486677,11.4705
36.862977841464,10.198460090000443,36.90349468084867,10.214541489746193,4.7268540363533065,4.8724
36.80711816137228,10.109782120696497,36.79660153379266,10.156861140188038,4.35174816257403,5.2405
36.8046765692747,10.12664479224224,36.900753727109254,10.232118260747745,14.219824923612704,21.6651
36.87227034191582,10.127069970824268,36.90059166542605,10.089847026932908,4.569102074670478,7.854
36.883523649793375,10.121727680658301,36.84255864091974,10.159480281098459,5.659440789363229,9.2751
36.82172170510508,10.089291327133528,36.83571392194895,10.267763799012537,15.960752420720933,21.9859
36.81490215701613,10.202490759198609,36.77553390317098,10.286618229068528,8.676245206536487,16.1239
36.899881763692,10.314952832345252,36.91744262973874,10.247217151364516,6.331085663793997,7.7648
36.748276189748736,10.262616356180377,36.90704840909542,10.152194165901339,20.20592294560583,26.5667
36.73598647039426,10.051696852905728,36.887958868840904,10.219850649255426,22.575434400032186,29.8628
36.75625010309181,10.186446083496037,36.77914654346092,10.14731335462149,4.3165190662696205,12.6716
36.858724542106124,10.09117386685597,36.89939291761939,10.23244705885758,13.354525888373036,21.9896
36.874983531051136,10.21333229927331,36.85019298590919,10.216900758551033,2.7748033574985844,6.0394
36.77636695204238,10.184566267921273,36.83190764490256,10.069016326501723,11.999069760280912,13.236600000000001
36.86204993894616,10.116653614109186,36.748978812438466,10.101676432973868,12.643446815319939,13.5786
36.72422267715187,10.078215323128164,36.89336273723029,10.273506167288488,25.612511958972043,31.912
36.90957969593156,10.089548622843228,36.74570001193617,10.251524369831397,23.235807470128613,30.1178
36.89939502133996,10.092084601006325,36.89279752565082,10.295592090029468,18.11184984917755,23.618
36.73070542677874,10.150697949385997,36.85624449843994,10.126785223374807,14.12077234049624,18.191599999999998
36.845347833420284,10.186407893040643,36.843349663879394,10.235759101223064,4.397167947079752,8.353
36.87464925648897,10.314654284924927,36.84579472028578,10.123553715629741,17.301776557162267,21.9578
36.91086716592632,10.291596173306667,36.911015797073176,10.20402012058862,7.7862399787961465,15.934299999999999
36.89682467737167,10.173800202389243,36.83380184224288,10.158339636820674,7.14151498899807,10.594
36.87892210940292,10.050086474822944,36.887007129422734,10.056174157213778,1.0494689774036328,0.444
36.89427484082902,10.094090016532789,36.91396873030215,10.060673492300412,3.6910583237511765,7.0367
36.73993887331159,10.05924768362531,36.88422046880768,10.085467710184142,16.212295596922655,26.908
